{"TreeBasedRegressor_Representativity_self": [0.5643234000017401, 0.5834602999966592, 0.558218999998644, 0.5783214999828488, 0.6115967000077944, 0.6067452999996021, 0.643178700003773, 0.6604513999773189, 0.6897227999870665, 0.6763745000062045, 0.6957718000048772, 0.6997809000022244, 0.6862370999879204, 0.7030498000094667, 0.6845827999932226, 0.6925345000054222, 0.69962279999163, 0.6997502000012901, 0.706046300008893, 0.7093677000084426], "random_state": 45}