{
  "0": {
    "mae_mean": [
      22.71948503100332,
      23.3290492475296,
      17.600802010125722,
      15.482339154586157,
      12.909344333278915,
      10.026331589952282,
      10.216525791566875,
      7.628366348048877,
      6.670465527576269,
      5.7471530749254205,
      4.928570652421743,
      3.5510099778683695,
      3.390592385880801,
      2.034404546513314,
      1.9508234505698003,
      2.328275851838202,
      1.7788771068862541,
      1.5618387841690253,
      1.5792983857216576,
      1.0241997127398936,
      1.009770031620721
    ],
    "mae_std": [
      5.203528193607566,
      7.447075994176368,
      3.225311200755854,
      2.8620825730548205,
      2.331379844146743,
      2.2578168736937445,
      2.025578791731682,
      2.7785309438484846,
      1.015740217976939,
      0.9385386079399071,
      0.5053207498510804,
      1.8546866409559029,
      1.7288130235214856,
      1.6798124737532607,
      1.4494146930045475,
      1.1007163414554935,
      1.2630690725075495,
      0.9372170184674304,
      0.684291245666521,
      0.4972197122568785,
      0.6600129948350325
    ],
    "rmse_mean": [
      28.401768651306202,
      28.743113292673275,
      22.849824694112648,
      20.212063427702667,
      16.479119595904287,
      13.459838200991783,
      13.520053972894962,
      10.268380100969647,
      8.800624212954562,
      7.721704398457129,
      6.710620217643542,
      4.944424452751157,
      4.747791692768381,
      2.8620654393545646,
      2.7943225234624713,
      3.2479899972016177,
      2.546882179260458,
      2.224832337245462,
      2.248276644113239,
      1.5293440210447309,
      1.4822028606920736
    ],
    "rmse_std": [
      5.033458191848384,
      7.533746328631065,
      4.081514817204549,
      4.278118570901222,
      2.675801325529643,
      2.842063793021954,
      2.364885846408299,
      3.807434440244579,
      1.2963870965685949,
      1.2067177426688935,
      0.824570722126168,
      2.398446532394312,
      2.234712880717574,
      2.2315553690313403,
      1.9058434691102322,
      1.4965747253863046,
      1.8520348599929082,
      1.2487127641681843,
      0.9511935625941479,
      0.727871948809715,
      0.981927561351366
    ],
    "r2_mean": [
      -0.4010937272226661,
      -0.48913341972026225,
      0.09615647163295712,
      0.28129310218506864,
      0.5195465565674899,
      0.6683049297348449,
      0.6692226746138886,
      0.8037591887787855,
      0.8661008730429961,
      0.8964322514954004,
      0.922617806397545,
      0.9469852181052614,
      0.9535006874999283,
      0.976636789449681,
      0.980868014107869,
      0.9779115722558043,
      0.9848109063205122,
      0.9893179773860309,
      0.9905031767398299,
      0.9953228901955267,
      0.9950843971954952
    ],
    "r2_std": [
      0.4927219284904996,
      0.8402702974869226,
      0.29572395134321283,
      0.27455089014171713,
      0.1775797318245496,
      0.17515042938365974,
      0.15198009372851237,
      0.1411617659687439,
      0.035936510172123765,
      0.03140770813135444,
      0.01906136755622785,
      0.03565413404294085,
      0.028094452561136726,
      0.025922183607626118,
      0.01743645396760492,
      0.01403477963236914,
      0.012152520326091066,
      0.008274889837208279,
      0.007564938987044207,
      0.003523644864777031,
      0.0052471873562007516
    ]
  },
  "1": {
    "mae_mean": [
      77.35189630124157,
      60.929946235908915,
      48.19954225627414,
      32.87677749537843,
      29.790201301259437,
      29.21635035559823,
      20.424414445388464,
      19.093727487541578,
      14.349741698753812,
      12.133143561844875,
      10.243165631482922,
      9.89460416436408,
      6.068236976021969,
      4.566769891211998,
      5.296093352585887,
      3.6454927966155224,
      2.4400823623500782,
      3.92848233085083,
      3.4204775384608417,
      2.7959537932955416,
      1.7726253441806992
    ],
    "mae_std": [
      16.337252140459263,
      12.749178205118039,
      9.875096049802927,
      6.899987068304038,
      4.792935597357552,
      11.076465050091134,
      2.4397057337012105,
      3.779882144995679,
      2.638791767906202,
      4.259893320306473,
      2.2011027012480135,
      1.8877380435436877,
      4.007922804875222,
      4.386006508806035,
      2.4287153233977317,
      2.4996320637943628,
      2.115712166137082,
      1.697675986529722,
      1.9943546412900814,
      1.8900660232485769,
      1.6295558473158571
    ],
    "rmse_mean": [
      95.62040839227312,
      75.97723161833886,
      60.62288210190387,
      42.719363951175964,
      38.915758302243844,
      38.267957711966915,
      26.740477929541925,
      24.86645648073984,
      19.240499529365348,
      16.209913851194138,
      14.102933566436011,
      13.739885937974066,
      8.654090635449318,
      6.490008514478175,
      7.563146102343609,
      5.098085824026095,
      3.4415834383687183,
      5.801002104514319,
      4.953781388789288,
      4.283145035359764,
      2.5403885313774346
    ],
    "rmse_std": [
      18.928730725979978,
      16.506626009585787,
      11.16551052625155,
      8.47612259135527,
      6.3531837723973,
      14.712050905809631,
      3.0796374853458097,
      5.08930515590284,
      3.4273109263472095,
      5.826924680527077,
      3.2039456582888364,
      2.5542203949506925,
      5.758192761351261,
      6.064239215696311,
      3.5746153722012632,
      3.5292807051346538,
      3.018268811904064,
      2.701137705039879,
      3.071021332801356,
      2.9798888499950587,
      2.3948041232968644
    ],
    "r2_mean": [
      -0.22446646816414648,
      0.2318575095693804,
      0.5075356368642806,
      0.7488226007099272,
      0.7988251363696204,
      0.7797590870025534,
      0.9052310907592709,
      0.9154815140515901,
      0.9507813328654378,
      0.9629541035638441,
      0.9732198966858154,
      0.974583177308161,
      0.9861891763192192,
      0.9902383461044291,
      0.9906017258138673,
      0.9947198126997667,
      0.9974526438700506,
      0.9946534953861172,
      0.9956904885278609,
      0.9964854947118337,
      0.9984122527796624
    ],
    "r2_std": [
      0.47221889634409153,
      0.2698256290220725,
      0.18730132764134158,
      0.10562571057032519,
      0.06062838034680057,
      0.1779352229639081,
      0.02490060396851868,
      0.03443179899795718,
      0.015433689193029027,
      0.024391089496083734,
      0.010370038743466467,
      0.009116436964099263,
      0.010051060317510456,
      0.012318955474102352,
      0.006136897184191094,
      0.004351881811816571,
      0.0025916385107344502,
      0.0040881304561713756,
      0.00333441424752368,
      0.0033581458574563194,
      0.001887882809233566
    ]
  },
  "2": {
    "mae_mean": [
      5.540147079137418,
      4.785594405492732,
      4.228007638425089,
      3.5537856627748865,
      3.1306022908461792,
      2.539144862323518,
      1.9292201952899455,
      1.6306356056209466,
      1.1988519487567963,
      1.0709338179371573,
      0.6960522921650316,
      0.8929574272730058,
      0.7402224210745293,
      0.7490792698028201,
      0.5064716581342339,
      0.4531037042092061,
      0.4499186910427933,
      0.3369004018753192,
      0.2633418940384576,
      0.2124902136001719,
      0.23581971582232883
    ],
    "mae_std": [
      1.221213007465758,
      1.025625129413585,
      0.5955934759606478,
      0.8928624506389349,
      0.9516720885967864,
      0.8642164430609208,
      0.42966439684865104,
      0.45882823209566426,
      0.43523063689607233,
      0.42674061206236524,
      0.439170850879622,
      0.2267123005875776,
      0.28705384120789,
      0.2467627596337195,
      0.2796844141729775,
      0.21721278756303553,
      0.19853986419082004,
      0.19552797355145723,
      0.17423001104779448,
      0.14811918612575672,
      0.1453926616383188
    ],