{
  "0": {
    "mae_mean": [
      38.15475355807601,
      22.387507458278343,
      19.80773938340399,
      15.526108879265061,
      12.885223411405452,
      10.327175355480401,
      8.893824829364236,
      8.247369997973516,
      7.0979289111513255,
      6.534230817191299,
      5.576261213864264,
      4.9637856791297414,
      4.27342373889672,
      3.5944678461181256,
      3.388375432448818,
      3.044408239652572,
      2.7954517987340983,
      2.6229982518384247,
      2.468602137531574,
      2.3094564955215398,
      2.169606460620578
    ],
    "mae_std": [
      18.349860534661786,
      5.793752846294774,
      4.988014189718931,
      2.6956569957569685,
      2.9418213816045475,
      2.7852889464912174,
      2.4809036201720516,
      2.181859331044108,
      2.353727049053348,
      2.05136385686045,
      2.2179862418208036,
      1.8208742064394634,
      1.321473458903731,
      1.0410262168485895,
      0.9152872748591655,
      0.5994611357261048,
      0.5258463498246945,
      0.4767080590324558,
      0.4643997752142911,
      0.43334611151552394,
      0.41134264972746026
    ],
    "rmse_mean": [
      47.745780377732196,
      28.590521793588533,
      25.928967324708303,
      19.444364400530354,
      15.63123459214035,
      12.562950115861346,
      10.854648569907038,
      10.055974467762876,
      8.503519914174955,
      7.812956250700476,
      6.657640254867543,
      5.940416789579121,
      5.080942263923303,
      4.312300081388123,
      4.075769486165427,
      3.6578162544834223,
      3.380211038559716,
      3.189971626505034,
      3.003269313383895,
      2.84761555536599,
      2.675669815779264
    ],
    "rmse_std": [
      21.14815195937271,
      6.804060061366168,
      6.91865847845139,
      2.969791597784786,
      3.2964287684121145,
      3.015610023113737,
      2.6806317855413253,
      2.455489871518872,
      2.548389492521662,
      2.257439766295016,
      2.409805861071604,
      1.9685407943081141,
      1.453848538933621,
      1.169678617367756,
      1.0433855941417007,
      0.6943513515424243,
      0.6032507651501438,
      0.5404158370317287,
      0.5078176544832654,
      0.48131874249684314,
      0.4370760857886828
    ],
    "r2_mean": [
      -3.339027412940575,
      -0.46237298459654425,
      -0.22604513486456784,
      0.3166256452000952,
      0.5556927966301839,
      0.6993059365442628,
      0.7755142669474762,
      0.8063115927575139,
      0.8560451664770156,
      0.8790038893469703,
      0.9080608076039087,
      0.9287666557318911,
      0.949713925130969,
      0.9645377971781242,
      0.9689963115291418,
      0.9762432858370216,
      0.9798153930960913,
      0.982096506658803,
      0.9841089792889118,
      0.9856288177810972,
      0.9874058557522846
    ],
    "r2_std": [
      3.3029681445252863,
      0.7515865874633799,
      0.6158696404740207,
      0.291545887323463,
      0.21251265448549617,
      0.16848614325183553,
      0.14076835497000692,
      0.11920525992105367,
      0.11713683488756434,
      0.09467537380773913,
      0.08560884245998959,
      0.06445151184613264,
      0.03876596523018829,
      0.024587439140339364,
      0.018955903620097286,
      0.009341981278550083,
      0.00737789829107146,
      0.006136552477713241,
      0.005482441269625888,
      0.005465376820668037,
      0.004494370806443936
    ]
  },
  "1": {
    "mae_mean": [
      76.59160696281243,
      64.89380369069035,
      61.61316744493674,
      59.52021023857236,
      53.414641296982914,
      41.71074762262271,
      31.212481187655975,
      28.369978460125203,
      23.62244038092383,
      18.99637721464496,
      18.935821359019773,
      18.89204162542449,
      17.735007555708243,
      17.628202667430358,
      17.083704328367993,
      17.144703786556427,
      16.702377418120623,
      16.64831694429187,
      16.139809546424523,
      15.378652513318803,
      14.987339802803655
    ],
    "mae_std": [
      15.109776561186026,
      8.504014737366653,
      12.247572121991029,
      9.657920864059038,
      15.8726909692082,
      14.679601414590612,
      15.86696347470583,
      13.170051789179938,
      12.917006223713301,
      2.362914203725605,
      2.7337962851996074,
      2.824947923156073,
      2.441894757198511,
      2.8204079929665076,
      2.458513331262577,
      2.428383000600501,
      2.7903173115348854,
      2.22501876278943,
      2.3208287822850986,
      2.757817226991652,
      2.5734392131288577
    ],
    "rmse_mean": [
      95.85003700838024,
      82.17889131078749,
      78.23351410918403,
      75.94704755010763,
      68.35577733584896,
      54.38473172463669,
      41.21343202359462,
      37.495874926665024,
      30.502761327898593,
      24.296191994971053,
      24.142045894925708,
      23.986635156888052,
      22.74384020330568,
      22.507286087547453,
      21.943157028110495,
      22.121580205095132,
      21.641517791745493,
      21.79524836465061,
      21.12443263617299,
      20.26417692494224,
      19.631843792291882
    ],
    "rmse_std": [
      15.785868504677161,
      10.104933528158897,
      13.453219884019155,
      10.62203748434981,
      17.989660829824086,
      18.13190704549658,
      19.4648150514663,
      16.630945263376216,
      16.018237206836307,
      3.185949229784763,
      3.2773334311545637,
      3.36158505759804,
      2.948500013568544,
      3.374492896117391,
      3.1241198931304295,
      3.247137072624527,
      3.548218509362457,
      3.020914689581868,
      3.076748654204742,
      3.356294389111412,
      3.165585779341266
    ],
    "r2_mean": [
      -0.25702985536877704,
      0.11788094813238423,
      0.19423619725226396,
      0.23912077310058155,
      0.3482133142798827,
      0.5736019682622818,
      0.7425088025361826,
      0.7775902478735524,
      0.8428728925419853,
      0.9220594917662146,
      0.923015208261638,
      0.9241317849727256,
      0.9320030423963288,
      0.933068195947591,
      0.9364028910953301,
      0.9351713703896033,
      0.9376635770919937,
      0.9373313110742378,
      0.9409297586125268,
      0.9453387103081028,
      0.9486835584075081
    ],
    "r2_std": [
      0.627432885363681,
      0.17128811505696934,
      0.2340839090829718,
      0.19509167866255686,
      0.3212603523880122,
      0.30295390706936826,
      0.2547876495542443,
      0.23055852801574822,
      0.21862258717547936,
      0.020233007511560437,
      0.019928991001362296,
      0.019489023635284684,
      0.016841794204540902,
      0.018462866897292034,
      0.017152566344743988,
      0.01813045341695708,
      0.018658408853257827,
      0.015570743434807157,
      0.015924056186840174,
      0.016883742518219173,
      0.016205922570660843
    ]
  },
  "2": {
    "mae_mean": [
      6.303087640086298,
      4.88560854357511,
      4.97542124283791,
      3.5116557876398566,
      2.3396610902625903,
      1.6683543483406094,
      1.2298407860911067,
      0.8020896529712184,
      0.4528391780272501,
      0.3354429562403641,
      0.27637962690366324,
      0.2454141111812179,
      0.2255322452610407,
      0.20992467115941374,
      0.19616347536814266,
      0.17156088892976346,
      0.15407628331314835,
      0.14403129458165084,
      0.13537525021183122,
      0.13117072937778945,
      0.1259362918043879
    ],
    "mae_std": [
      1.6199197015329925,
      1.6209348900739593,
      1.4137546617356573,
      1.1373986895846941,
      0.757510057964829,
      0.5901956313476283,
      0.46811850254269655,
      0.3960544867809826,
      0.15786788127835003,
      0.08992255515198512,
      0.05160526050960741,
      0.03371744622471446,
      0.04296934704836703,
      0.038159754114571974,
      0.04421071425412976,
      0.03576450518897452,
      0.026361616709341087,
      0.026612583713983964,
      0.02375606026012517,
      0.02467114197864111,
      0.021081783991232166
    ],