{
  "0": {
    "mae_mean": [
      20.27718686249972,
      18.865854497772986,
      18.053198351951153,
      18.55739135816832,
      18.96874031979575,
      18.964771510704743,
      18.519944532933042,
      18.48125904810461,
      18.408647097489165,
      17.98561875077524,
      17.655698293079787,
      17.53672285641202,
      18.03420089274259,
      18.190854137935332,
      18.158273661669305,
      18.11360313605555,
      17.920434808129137,
      17.759777351829975,
      17.969536221172444,
      17.826945474388516,
      17.779518268445837
    ],
    "mae_std": [
      3.8926649725877867,
      2.35716709042732,
      2.230777345882648,
      2.917356363884562,
      3.317685304775039,
      3.185138478516634,
      2.9605689648809514,
      3.1419975337110757,
      3.1913722453125963,
      2.730107734963324,
      2.8372308147848657,
      2.8010837476646575,
      3.404318871845913,
      3.7794813532487948,
      4.024028608538122,
      3.7768911987574194,
      3.57155901813804,
      3.3864286877573417,
      3.808994733766571,
      3.504841800645204,
      3.6842849195554415
    ],
    "rmse_mean": [
      25.372082064781473,
      24.117304430025023,
      23.275556675135324,
      23.48065333810366,
      24.124928112934747,
      24.12109612021022,
      23.722018455266788,
      23.507816000267376,
      23.36016594717363,
      22.765460401982295,
      22.496280359506436,
      22.3490494531055,
      22.780335286485617,
      22.9062326302924,
      22.810469782684926,
      22.744752895537562,
      22.594912920416682,
      22.44181074136482,
      22.681965246116597,
      22.48572419057114,
      22.378392844207518
    ],
    "rmse_std": [
      4.288787327526904,
      2.504800205002373,
      2.524269166616286,
      3.1041471640811533,
      3.8234958952684446,
      3.769470098150087,
      3.6426966927088467,
      3.561843133301959,
      3.4768164878773185,
      2.892373552968817,
      3.0321710757598983,
      2.9662403813110507,
      3.5502556893124595,
      3.8641452369425076,
      4.222488139554907,
      3.966226939182884,
      3.668044108198437,
      3.622305709874826,
      3.968893987184902,
      3.7687363001183862,
      3.898502686769863
    ],
    "r2_mean": [
      -0.09879897097016796,
      0.01356878325037586,
      0.08350121504776944,
      0.0654753310149191,
      0.01387750644724971,
      0.013546514844135726,
      0.048166737504999266,
      0.06428271679287599,
      0.07217969734238112,
      0.1147766184098733,
      0.13520393523648236,
      0.14877969071959293,
      0.10992413729350278,
      0.09526549841082863,
      0.10228998286457855,
      0.10768420888390595,
      0.12264827228892841,
      0.13820958255130783,
      0.11287008802461025,
      0.13017467417592013,
      0.13742995983995882
    ],
    "r2_std": [
      0.3014158865339869,
      0.14667796485773713,
      0.1290549223686904,
      0.18258895845401754,
      0.23208020831222748,
      0.22751513085501962,
      0.19975171389877883,
      0.19515625235879602,
      0.20689934938886673,
      0.1968967281487209,
      0.2011329966047757,
      0.18457868170351244,
      0.25123660345704507,
      0.2903121455248707,
      0.304682381233383,
      0.2885716846589942,
      0.26018349437492483,
      0.234134484474098,
      0.2844464478543048,
      0.2670347045455126,
      0.2761108270350707
    ]
  },
  "1": {
    "mae_mean": [
      77.18884174297325,
      70.89772919953118,
      61.91329741541794,
      58.84188986130192,
      60.390229073380645,
      58.476854566635964,
      57.62210838425134,
      57.375278943543016,
      57.04914400428739,
      57.12992015027943,
      56.973230588060346,
      57.66480151794635,
      56.1077242132126,
      54.95116960025871,
      54.640967476862286,
      54.11692463234476,
      53.0254732334756,
      52.10015901677169,
      51.791676283262305,
      50.52950844557895,
      50.13450047100012
    ],
    "mae_std": [
      18.2873795418245,
      10.495808851810553,
      6.2480539621941045,
      5.178670961721837,
      6.76790643417364,
      6.763330301509297,
      8.164356772084469,
      7.418679549896049,
      7.365061961442607,
      7.473551771030648,
      8.363138736732378,
      9.013674262500533,
      8.26060779402214,
      8.29265913444047,
      7.774690451272763,
      7.985609508406889,
      6.7304725780904375,
      5.886498221926352,
      4.912921380225504,
      4.224519439197851,
      5.157750552797889
    ],
    "rmse_mean": [
      96.08346238507292,
      88.41034351447519,
      79.09559556805648,
      75.61187319397855,
      76.90090768957921,
      74.82511287079934,
      74.15745770371282,
      73.13701473823815,
      72.73715609050544,
      72.29455698733695,
      73.27485265810128,
      72.91825371818729,
      70.84538708467872,
      69.5072756440484,
      69.30402418894145,
      68.33843099996088,
      66.9555628345288,
      66.3411647541974,
      65.79583057952561,
      64.36625594501076,
      63.84363799767109
    ],
    "rmse_std": [
      19.047365505846592,
      11.100151343800063,
      7.654295975689207,
      7.008080552250342,
      8.682052850219026,
      7.4553608172781685,
      9.187361710587574,
      8.314134196670377,
      8.1232663910755,
      8.113065315005368,
      9.165096015654106,
      9.15459190823594,
      7.90972823681056,
      8.711667259687585,
      8.948448608163707,
      9.580963402166455,
      7.724812856701931,
      6.504772763483726,
      5.459414598945501,
      4.282019625418133,
      5.025818757386787
    ],
    "r2_mean": [
      -0.29000023932002594,
      -0.04752944278015926,
      0.18126985501408865,
      0.25565309912085693,
      0.22472517449189752,
      0.26679697093963756,
      0.275343499661747,
      0.2966064944441821,
      0.3039746908043749,
      0.31159867134316654,
      0.2896431384794645,
      0.2927124574019953,
      0.33551845398781854,
      0.35919743627629225,
      0.36539642502908454,
      0.3805724822587201,
      0.40895747081040523,
      0.42084895827864727,
      0.4345882961151837,
      0.45873212081323933,
      0.46431288098727463
    ],
    "r2_std": [
      0.691074883966881,
      0.3768870361031164,
      0.15749737832643107,
      0.11038227066447205,
      0.16603319054499077,
      0.13754087445489782,
      0.1768970041633715,
      0.15769176546372848,
      0.1518036516731847,
      0.15621689036127365,
      0.18540072900992452,
      0.2086550589522611,
      0.1698435721700959,
      0.17662122461121915,
      0.16842545861294658,
      0.182181497595056,
      0.1437185203504372,
      0.1255961866637078,
      0.09222209189149952,
      0.08060832768775777,
      0.10238446570822904
    ]
  },
  "2": {
    "mae_mean": [
      5.09809394442007,
      4.668073561714111,
      4.623678034989075,
      4.633210303994711,
      4.611153126434969,
      4.616066778526137,
      4.686184278110114,
      4.737799892255911,
      4.6251354677788665,
      4.669244654667716,
      4.661235551035889,
      4.6098425129337395,
      4.611093481673375,
      4.4670076205564415,
      4.469649549845868,
      4.564487219695115,
      4.428996975523437,
      4.429605030365321,
      4.339353330367257,
      4.330733948077872,
      4.261384108974057
    ],
    "mae_std": [
      1.1183043588209791,
      0.7001019843324581,
      0.8856688046876707,
      0.5304990202452553,
      0.6221979525580772,
      0.6490459517597819,
      0.6451086737061362,
      0.7288096535908375,
      0.6463016900805303,
      0.7008560145176101,
      0.6802820194871437,
      0.685504106200996,
      0.6266727602247475,
      0.5703555039239531,
      0.5470771527167455,
      0.6233369714669706,
      0.5624937372669037,
      0.6316610529426566,
      0.5123985330555632,
      0.45147506922541114,
      0.43526119423496107
    ],