{"TreeBasedRegressor_Representativity_self": [0.5600450999918394, 0.5518155999889132, 0.5566437999950722, 0.6182679999910761, 0.5853390999836847, 0.6033591000013985, 0.6521888000133913, 0.6471386000048369, 0.6489683999971021, 0.6753731000062544, 0.6776610999950208, 0.7007614999893121, 0.6806211000075564, 0.6950761000043713, 0.693574599979911, 0.7075879999902099, 0.7117937000002712, 0.7017586000147276, 0.7114463000034448, 0.7113540999998804], "random_state": 42}