{"mae": 4.196447533872778, "rmse": 33.272614026523414, "r2": 0.9168479232563755}