{"mae": 5.679810104199194, "rmse": 35.2047654471924, "r2": 0.8899737729074075}