{"mae": 4.338591421196245, "rmse": 36.215344312461774, "r2": 0.9336667578707731}