{"mae": 4.591758908870214, "rmse": 38.07903576855315, "r2": 0.8506303613762767}