{"mae": 5.6169772429732765, "rmse": 30.852455479033488, "r2": 0.7910959348709976}