{"mae": 14.724692200648473, "rmse": 31.936357942781424, "r2": 0.38882742745700494}