{"mae": 4.1080019967314065, "rmse": 33.46408098928797, "r2": 0.9057230588619908}