{"mae": 6.673173035136522, "rmse": 35.68260199048169, "r2": 0.8828135951897618}