{"mae": 6.048312422493585, "rmse": 33.81199983634188, "r2": 0.8547902837389798}