{"mae": 5.422308379471307, "rmse": 34.63012941279761, "r2": 0.8947887777689346}