{"mae": 5.0105398317656125, "rmse": 36.32072799401312, "r2": 0.8184772823601116}