{"mae": 6.705067737239593, "rmse": 38.393731215484124, "r2": 0.7422841376548103}