{"mae": 5.160012248047954, "rmse": 34.90015532332092, "r2": 0.9089589606876781}