{"mae": 14.928144639206385, "rmse": 31.846589282316177, "r2": 0.46456372802963364}