{"mae": 4.97864938818347, "rmse": 34.15021074616883, "r2": 0.8801101369056945}