{"mae": 14.526471470325578, "rmse": 35.4558699673026, "r2": 0.42098138502536686}