{"mae": 6.917238298283118, "rmse": 32.39412603832339, "r2": 0.6861856920957896}