{"mae": 6.6578662123231, "rmse": 35.67775090844468, "r2": 0.7385397622160352}