{"mae": 5.0178015781470044, "rmse": 33.66098485901263, "r2": 0.901213003381216}