{"mae": 5.1972159596863285, "rmse": 35.696777923565804, "r2": 0.9072387750818625}