{"mae": 5.311422691786739, "rmse": 34.83387684588492, "r2": 0.9111971076335958}