{"mae": 4.130226606129825, "rmse": 36.1762178653212, "r2": 0.9375613657236237}