{"mae": 5.24690783590668, "rmse": 35.31412199046433, "r2": 0.9007099471608748}