{"mae": 4.968600934727638, "rmse": 33.77642065079147, "r2": 0.7819992635583455}