{"mae": 5.2391334470052975, "rmse": 36.17715469913001, "r2": 0.9244247085472553}