{"mae": 5.49560369320034, "rmse": 36.069716371186544, "r2": 0.8282279526618169}