{"mae": 16.631281466384493, "rmse": 30.876883351606946, "r2": 0.3752957500025006}