{"mae": 4.275478432471033, "rmse": 35.87297990620384, "r2": 0.9364165168213276}