{"mae": 4.650903631627302, "rmse": 31.183507367341523, "r2": 0.8550072554625281}