{"mae": 16.940164286285707, "rmse": 32.56657732603888, "r2": 0.26530713890865765}