{"mae": 9.474876357024153, "rmse": 33.479850776446796, "r2": 0.7988090343784031}