{"mae": 15.919445369203935, "rmse": 33.758558277642884, "r2": 0.4336055548070895}