{"mae": 5.98575889572864, "rmse": 34.022613342869384, "r2": 0.7946567805985472}