{"mae": 5.948360476631081, "rmse": 35.03643373335449, "r2": 0.8945650268402405}