{"mae": 5.341547565022707, "rmse": 35.9987427816416, "r2": 0.8257185212371931}