{"mae": 4.936495280175735, "rmse": 36.00357597691725, "r2": 0.922613464540513}