{"mae": 5.756498069855005, "rmse": 29.737251592119822, "r2": 0.8157301646578483}