{"mae": 3.975034582364327, "rmse": 35.2881449054263, "r2": 0.9281822054841499}