{"mae": 4.781838008323176, "rmse": 30.855179738888, "r2": 0.8368613597369059}