{"mae": 6.932660497482958, "rmse": 30.459548094458388, "r2": 0.8240946805600893}