{"mae": 6.740952198885216, "rmse": 29.881231139992003, "r2": 0.7740088140464866}