{"mae": 6.393867546444464, "rmse": 36.77969695452983, "r2": 0.7585529331600122}