{"mae": 4.67963129310429, "rmse": 34.25514571004027, "r2": 0.9153958538978174}