{"mae": 5.416385483835499, "rmse": 33.99145049271037, "r2": 0.9049011388140062}