{"mae": 6.400001869348207, "rmse": 35.93120988566873, "r2": 0.7723716976744852}