{"mae": 5.303201432425705, "rmse": 34.990156345665774, "r2": 0.8942629820384245}