{"mae": 20.081953320912035, "rmse": 33.68545064473414, "r2": -0.010460681119158988}