{"mae": 5.284567136425531, "rmse": 32.34543481670166, "r2": 0.8906758273037119}