{"mae": 5.702917162003872, "rmse": 33.93138329609364, "r2": 0.8885812413931892}