{"mae": 7.299367539822131, "rmse": 32.12631563508112, "r2": 0.7291079299340898}