{"mae": 5.36550549489414, "rmse": 36.62853667122691, "r2": 0.8323196577252925}