{"mae": 4.9737983133541475, "rmse": 33.973523055635134, "r2": 0.8869625028795167}