{"mae": 6.812689741156158, "rmse": 35.492897947264325, "r2": 0.7371534902073763}