{"mae": 3.831237189059509, "rmse": 34.61586030364053, "r2": 0.9249968312690072}