{"mae": 5.725249944368859, "rmse": 35.50912416251223, "r2": 0.8866678397669916}