{"mae": 6.012584800200868, "rmse": 36.076435002616535, "r2": 0.7600104431751469}