{"mae": 3.799826660055455, "rmse": 35.31412049090399, "r2": 0.9365252918287842}