{"mae": 4.354290011268026, "rmse": 36.03210335090194, "r2": 0.9375386348803356}