{"mae": 4.617131946291334, "rmse": 32.054178091923745, "r2": 0.8871776537316215}