{"mae": 5.4677880322833605, "rmse": 34.33451505003176, "r2": 0.9064911061248749}