{"mae": 7.294990980091336, "rmse": 36.55385943955116, "r2": 0.8796769715684134}