{"mae": 5.782979820106311, "rmse": 34.55872079236256, "r2": 0.8749515983870776}