{"mae": 5.689355013721724, "rmse": 35.42167355277239, "r2": 0.8853875072347192}