{"mae": 6.10252441294243, "rmse": 34.76615611923562, "r2": 0.8821695276213027}