{"mae": 3.5331885409630885, "rmse": 34.00132824022266, "r2": 0.9144029256889527}