{"mae": 7.980445458814156, "rmse": 33.078931351277774, "r2": 0.8335387682060419}