{"mae": 5.9941278347785225, "rmse": 36.858613119568055, "r2": 0.9169574684350148}