{"mae": 4.097665501536397, "rmse": 34.39575228674881, "r2": 0.9194804507707423}