{"mae": 4.87894654326783, "rmse": 34.46075376432602, "r2": 0.9186662772194254}