{"mae": 4.6652675422821135, "rmse": 34.57893644599565, "r2": 0.9240774716658073}