{"mae": 3.6528043797196776, "rmse": 33.82402091797271, "r2": 0.9264654134747764}