{"mae": 3.580795098574223, "rmse": 34.018055531971, "r2": 0.9136243101514446}