{"mae": 5.117847877569117, "rmse": 33.991179423357515, "r2": 0.9091109659180581}