{"mae": 3.722788333222955, "rmse": 33.65119643299076, "r2": 0.9098488264435385}