{"mae": 18.50550807437171, "rmse": 30.8406665526267, "r2": 0.3096983431442454}