{"mae": 4.996455237277709, "rmse": 32.30226771869233, "r2": 0.8809623422150894}