{"mae": 4.807477145652941, "rmse": 35.44037935776032, "r2": 0.9172320796527234}