{"mae": 4.121936570317921, "rmse": 33.07385880001192, "r2": 0.9131680243342899}