{"mae": 4.252873207228354, "rmse": 35.92989903741754, "r2": 0.9201118753489077}