{"mae": 19.026132928189927, "rmse": 25.699433993756163, "r2": -0.11049824828701382}