{"mae": 7.452091257819208, "rmse": 31.82857702028502, "r2": 0.6746719570758694}