{"mae": 8.87124148947354, "rmse": 31.568363788957342, "r2": 0.626081687445964}