{"mae": 5.419151133753528, "rmse": 34.63776935024311, "r2": 0.8828552301746695}