{"mae": 4.839500906374762, "rmse": 32.11364517853556, "r2": 0.892881802741483}