{"mae": 14.177150429455248, "rmse": 29.34412044217361, "r2": 0.4414855422138242}