{"mae": 5.137689564691804, "rmse": 30.59076696930607, "r2": 0.8420685685942109}