{"mae": 5.07533857372377, "rmse": 30.51199938906247, "r2": 0.8401156003934482}