{"mae": 21.46538791205349, "rmse": 34.06905852202901, "r2": -0.09699569005575048}