{"mae": 4.9870655769939, "rmse": 35.54569037868055, "r2": 0.8043445425011324}