{"mae": 5.886611649276298, "rmse": 32.88290043720982, "r2": 0.7310386143626199}