{"mae": 4.3905180870977425, "rmse": 33.55225163071582, "r2": 0.9058757517194991}