{"mae": 5.295202672080124, "rmse": 35.85881372103233, "r2": 0.8242325142916171}