{"mae": 4.784420357136114, "rmse": 36.5289292370891, "r2": 0.917706532742455}