{"mae": 6.082045998356961, "rmse": 34.05019628452265, "r2": 0.8642801477331439}