{"mae": 5.596963421964111, "rmse": 30.594188559163154, "r2": 0.8265382924580646}