{"mae": 5.758470255058768, "rmse": 29.9386275014558, "r2": 0.8047495926450844}