{"mae": 6.052799029389596, "rmse": 33.855300173498705, "r2": 0.855974703222272}