{"mae": 15.674811125894708, "rmse": 30.283077764348892, "r2": 0.2941584079676136}