{"mae": 4.293654551305679, "rmse": 35.135996370666255, "r2": 0.9269615518869074}