{"mae": 15.945942347598862, "rmse": 27.429413221606403, "r2": 0.2460399622691546}