{"mae": 4.93853858992355, "rmse": 34.6131028090637, "r2": 0.8864450188862584}