{"mae": 9.345604635331942, "rmse": 30.63656128903241, "r2": 0.5812715057637452}