{"mae": 4.8651235014417695, "rmse": 36.61732116276641, "r2": 0.8453966410244363}