{"mae": 5.722596349355515, "rmse": 29.54663393337159, "r2": 0.7933738004760422}