{"mae": 20.73572674444559, "rmse": 28.362391410954345, "r2": -0.1537700803104649}