{"mae": 4.167447733301642, "rmse": 33.871600529533005, "r2": 0.9051882233440829}