{"mae": 5.883495318360296, "rmse": 35.790758754249154, "r2": 0.8866725343690491}