{"mae": 4.958326284032624, "rmse": 35.38318114711518, "r2": 0.9219508838810611}