{"mae": 4.0178130571635196, "rmse": 34.87552065294183, "r2": 0.9277489676828159}