{"mae": 5.9090318545896094, "rmse": 37.11967686432659, "r2": 0.832791485532924}