{"mae": 16.74802889467013, "rmse": 33.56768285743027, "r2": 0.2920613387643095}