{"mae": 9.515632291297374, "rmse": 35.14271169831558, "r2": 0.7782629346414047}