{"mae": 5.880569538650096, "rmse": 33.93377437263366, "r2": 0.854032260555255}