{"mae": 5.939500561429958, "rmse": 36.0053107927846, "r2": 0.8804806619253366}