{"mae": 5.590742856406071, "rmse": 37.54909291948579, "r2": 0.7773257785590499}