{"mae": 5.989461529378896, "rmse": 30.46210665686186, "r2": 0.8002457291302199}