{"mae": 4.687491690683424, "rmse": 36.80886020156139, "r2": 0.836686960966976}