{"mae": 16.01101222823256, "rmse": 32.833894287324426, "r2": 0.40057250147125456}