{"mae": 17.822300825749327, "rmse": 37.22141918808006, "r2": 0.32317882321759384}