{"mae": 5.5594745853394265, "rmse": 35.30604685583558, "r2": 0.8061469475638728}