{"mae": 9.3700847227803, "rmse": 34.00757416876183, "r2": 0.8030379678015589}