{"mae": 5.952900313532015, "rmse": 34.15000541254445, "r2": 0.8594400302772265}