{"mae": 5.9825014926889954, "rmse": 34.016527894688615, "r2": 0.8586159044962054}