{"mae": 18.182221315028826, "rmse": 38.44192554257375, "r2": 0.17607739630749764}