{"mae": 5.215317718871532, "rmse": 32.264543212250295, "r2": 0.8810058245252943}