{"mae": 12.296242272201559, "rmse": 29.813095823961422, "r2": 0.5247279882286605}