{"mae": 5.757462040421004, "rmse": 36.40090143709709, "r2": 0.7684581382791633}