{"mae": 8.494010913655814, "rmse": 33.578137374167525, "r2": 0.8071901895761313}