{"mae": 6.373053870487036, "rmse": 29.511794354632222, "r2": 0.7736043541375187}