{"mae": 3.815025977544298, "rmse": 33.73257861482816, "r2": 0.9125020602633811}