{"mae": 8.394230503589116, "rmse": 30.932777172266945, "r2": 0.6683484938229758}