{"mae": 11.98404359113828, "rmse": 30.843759693496555, "r2": 0.5407788555234567}