{"mae": 7.143903942522478, "rmse": 32.2683820483316, "r2": 0.652492270816337}