{"mae": 5.253388496758568, "rmse": 35.87643804641297, "r2": 0.8345002230463648}