{"mae": 4.796186030235348, "rmse": 33.673943543928424, "r2": 0.8917619633586862}