{"mae": 8.408299806885674, "rmse": 34.89470648090243, "r2": 0.6912266207498994}