{"mae": 4.933148569477444, "rmse": 33.82145527800986, "r2": 0.910053012704227}