{"mae": 6.1496919288911505, "rmse": 35.563670549843955, "r2": 0.7896402835010444}