{"mae": 3.6729625967063098, "rmse": 34.29756610615831, "r2": 0.9096677863542487}