{"mae": 5.18756160844567, "rmse": 34.021118210156935, "r2": 0.899550097909885}