{"mae": 7.174723085765487, "rmse": 32.395665173372585, "r2": 0.6424046758332704}