{"mae": 5.066617007115365, "rmse": 36.42021019323126, "r2": 0.8320090709130652}