{"mae": 8.062729307219254, "rmse": 31.522917060281983, "r2": 0.6090635338621901}