{"mae": 3.9155801433548154, "rmse": 34.05145176322612, "r2": 0.9086794116998033}