{"mae": 8.643039787172883, "rmse": 34.5099393229298, "r2": 0.675198647384159}