{"mae": 4.335816859907306, "rmse": 32.5995205394327, "r2": 0.9040432040394399}