{"mae": 3.682570877049411, "rmse": 34.3549627218254, "r2": 0.9106802831006594}