{"mae": 5.775631576160022, "rmse": 36.93055701383724, "r2": 0.8982218808753251}