{"mae": 8.91936938265166, "rmse": 31.110887221624033, "r2": 0.6349845192385063}