{"mae": 5.728715431467652, "rmse": 34.15743372695411, "r2": 0.8888513167070258}