{"mae": 5.420496448898507, "rmse": 34.31892866580622, "r2": 0.9031491095206273}