{"mae": 8.39968719457232, "rmse": 30.502698834805468, "r2": 0.6432359096572289}