{"mae": 4.016975863052729, "rmse": 33.0020525309911, "r2": 0.9086978575687708}