{"mae": 8.06466381634375, "rmse": 35.129316500098994, "r2": 0.6677575159008549}