{"mae": 4.079570859521893, "rmse": 34.973052902886046, "r2": 0.9270369014822774}