{"mae": 5.32717448326261, "rmse": 37.22287551509073, "r2": 0.77879990784396}