{"mae": 4.122452501256609, "rmse": 35.849684942656445, "r2": 0.9334877462047079}