{"mae": 5.563586623555384, "rmse": 34.93898266961379, "r2": 0.8793898225276362}