{"mae": 20.600351002764466, "rmse": 25.936200729227373, "r2": 0.0195084988343045}