{"mae": 5.343264150280597, "rmse": 35.48039687210818, "r2": 0.91351338955378}