{"mae": 6.712023441953233, "rmse": 29.750253626866847, "r2": 0.7626760675348007}