{"mae": 4.780151933448784, "rmse": 32.81974113340397, "r2": 0.887401452330683}