{"mae": 9.664609574041485, "rmse": 29.271445426740527, "r2": 0.6510065003780006}