{"mae": 4.984563922558306, "rmse": 36.580574798265154, "r2": 0.8212966339331358}