{"mae": 7.794362783205525, "rmse": 31.64876611150436, "r2": 0.6570637796038197}