{"mae": 9.480209726384656, "rmse": 30.197782846991448, "r2": 0.5671655503023705}