{"mae": 7.204682950417037, "rmse": 32.40382765760966, "r2": 0.6478094537161432}