{"mae": 6.118836205040622, "rmse": 30.561125763436976, "r2": 0.8046962753259002}