{"mae": 4.54117288008418, "rmse": 32.64884899307701, "r2": 0.8925898111505961}