{"mae": 5.278684138571501, "rmse": 33.81267520768365, "r2": 0.8904875740861944}