{"mae": 6.749172429958239, "rmse": 33.049614138231114, "r2": 0.7577336065269127}