{"mae": 5.662361392994755, "rmse": 30.121748939419252, "r2": 0.8139721657932282}