{"mae": 5.344694065512608, "rmse": 35.89362256694351, "r2": 0.9106158871677503}