{"mae": 4.712552811885014, "rmse": 36.810509855754454, "r2": 0.8351042560000903}