{"mae": 5.484944159748535, "rmse": 30.115702359157453, "r2": 0.8235039486690802}