{"mae": 6.429800595574899, "rmse": 30.00987239596681, "r2": 0.7912575469441375}