{"mae": 3.8708793134354345, "rmse": 35.44118602695894, "r2": 0.9322853035626214}