{"mae": 7.372847245692658, "rmse": 32.36243902493667, "r2": 0.7937661514052741}