{"mae": 7.118255602502067, "rmse": 32.45885755543392, "r2": 0.643646587907607}