{"mae": 18.683046532525523, "rmse": 27.22263227870991, "r2": 0.1404229652849842}