{"mae": 4.787093755852047, "rmse": 36.589108918892435, "r2": 0.8429625502642858}