{"mae": 6.406473354963518, "rmse": 37.25705636965486, "r2": 0.9089515802278572}