{"mae": 6.066987890932135, "rmse": 32.570279858942854, "r2": 0.7926766134662991}