{"mae": 5.551343292710087, "rmse": 37.129931762820455, "r2": 0.7741357704539796}