{"mae": 9.313777530147727, "rmse": 31.277773584803025, "r2": 0.6825026376126908}