{"mae": 7.960109404536091, "rmse": 34.712942396000976, "r2": 0.8379075901555603}