{"mae": 3.6148590938930663, "rmse": 34.327807526238715, "r2": 0.9131200923740513}