{"mae": 5.5371695382892465, "rmse": 34.409463174151426, "r2": 0.8791694396193573}