{"mae": 15.523405734950774, "rmse": 34.92522372303956, "r2": 0.4142997482147275}