{"mae": 20.827204647601206, "rmse": 29.016218372832096, "r2": 0.011801126060074552}