{"mae": 3.36889028375333, "rmse": 33.98698842821113, "r2": 0.9169334091432776}