{"mae": 4.948684570133893, "rmse": 33.207335164957854, "r2": 0.7926177155853092}