{"mae": 7.769776466933551, "rmse": 35.53281900795094, "r2": 0.7197762274927209}