{"mae": 3.4813684316327893, "rmse": 34.33228427933775, "r2": 0.9193227998344248}