{"mae": 12.527083063044172, "rmse": 33.4770833881383, "r2": 0.6740840236714065}