{"mae": 3.728772430351364, "rmse": 34.50209895800097, "r2": 0.9146545710278398}