{"mae": 5.724954013864939, "rmse": 35.074499405312054, "r2": 0.899165674955521}