{"mae": 5.405671671003544, "rmse": 35.960292610106094, "r2": 0.8891928848000831}