{"mae": 3.978384081043382, "rmse": 34.99872082084003, "r2": 0.9248798051758522}