{"mae": 27.169189882853214, "rmse": 43.998048882498374, "r2": -0.49570290813009454}