{"mae": 4.44833283095798, "rmse": 34.337306497378954, "r2": 0.9231777249988081}