{"mae": 4.391914336987614, "rmse": 31.102833010345687, "r2": 0.855814708816861}