{"mae": 5.529898712160055, "rmse": 36.81993320972295, "r2": 0.7723530439077093}