{"mae": 5.228027998372078, "rmse": 35.59757849246332, "r2": 0.9064064725388487}