{"mae": 5.8330291819450375, "rmse": 36.363935299763845, "r2": 0.7696461101571825}