{"mae": 7.914894817583678, "rmse": 31.641341325777756, "r2": 0.6187770036684652}