{"mae": 9.055579802486632, "rmse": 33.30275156684476, "r2": 0.7124776894849061}