{"mae": 3.460754060182932, "rmse": 34.422949256697464, "r2": 0.9161928490135994}