{"mae": 6.736111726933643, "rmse": 32.524016676075725, "r2": 0.6773508483043631}