{"mae": 4.179177199269848, "rmse": 32.906108830526875, "r2": 0.9117102054969222}