{"mae": 6.999290138639811, "rmse": 32.690647536962395, "r2": 0.8100917183122424}