{"mae": 11.406208701673508, "rmse": 31.70179902603072, "r2": 0.6276649099797297}