{"mae": 16.57932886807448, "rmse": 32.35391187918968, "r2": 0.15136233735391236}