{"mae": 6.2659189762393925, "rmse": 32.345625468477664, "r2": 0.8684512437725482}