{"mae": 3.8711401062710116, "rmse": 35.22800287795013, "r2": 0.9322677272573678}