{"mae": 12.03458258567933, "rmse": 29.153296545756067, "r2": 0.6230997324578349}