{"mae": 12.407440846417124, "rmse": 31.37711751743353, "r2": 0.504775107220976}