{"mae": 7.125027927926106, "rmse": 38.04682381444018, "r2": 0.8735130514847764}