{"mae": 14.907842944979253, "rmse": 31.879926146236432, "r2": 0.35766743195360995}