{"mae": 6.193167372628903, "rmse": 36.51165553936992, "r2": 0.8156045459115254}