{"mae": 5.895214609475956, "rmse": 35.65632960463607, "r2": 0.8772327233136725}