{"mae": 5.27234182786009, "rmse": 35.80321289155639, "r2": 0.9055822779543384}