{"mae": 4.761553623859553, "rmse": 33.005362371221885, "r2": 0.895063418175415}