{"mae": 4.978620570662827, "rmse": 35.00183729760072, "r2": 0.82476278060055}