{"mae": 7.641344446027566, "rmse": 32.462902070192776, "r2": 0.7306807504816791}