{"mae": 5.636657121781407, "rmse": 35.10170973253082, "r2": 0.8984624539275554}