{"mae": 18.32368820263952, "rmse": 28.365666756152823, "r2": -0.02089676380729366}