{"mae": 6.414441289572748, "rmse": 36.083814411964134, "r2": 0.7451505224066659}