{"mae": 4.866445081294011, "rmse": 35.60393607973169, "r2": 0.9212786198680949}