{"mae": 6.564321104785184, "rmse": 35.85936264578278, "r2": 0.7452557805935129}