{"mae": 8.455715738608541, "rmse": 36.31862483114899, "r2": 0.8231527031209752}