{"mae": 7.920660243893973, "rmse": 32.20063196883164, "r2": 0.620634979518923}