{"mae": 6.6028100904620715, "rmse": 31.168043222806837, "r2": 0.8490652334543026}