{"mae": 4.926768527331425, "rmse": 36.787894764398686, "r2": 0.847904366448643}