{"mae": 8.626657919965762, "rmse": 30.577586576340956, "r2": 0.6442089245764786}