{"mae": 21.511096701614896, "rmse": 32.677243311031326, "r2": 0.060364217225376104}