{"mae": 3.875239280391184, "rmse": 34.61162773910519, "r2": 0.9084054324975037}