{"mae": 7.901483390847845, "rmse": 34.051473392193245, "r2": 0.7516402510830932}