{"mae": 6.215281893938335, "rmse": 32.13639920653504, "r2": 0.714102979985386}