{"mae": 8.497025101618068, "rmse": 31.228600048851817, "r2": 0.658500934005809}