{"mae": 4.755223826875037, "rmse": 36.361298527665916, "r2": 0.9202379752162689}