{"mae": 4.7578325058222175, "rmse": 34.34677322374951, "r2": 0.9109285900359838}