{"mae": 5.376932829280729, "rmse": 33.65601785406942, "r2": 0.8222146545914397}