{"mae": 4.342453821239686, "rmse": 36.00199665455061, "r2": 0.9326394177763374}