{"mae": 6.514072221762121, "rmse": 35.965452156400474, "r2": 0.7564852975480466}