{"mae": 4.76110732780215, "rmse": 35.30142924860805, "r2": 0.9183678673111244}