{"mae": 7.164345982271768, "rmse": 32.68319765864323, "r2": 0.635289762545325}