{"mae": 24.436299632647835, "rmse": 32.02919698498173, "r2": -0.26018782760102743}