{"mae": 3.7275398231794314, "rmse": 35.17271615000491, "r2": 0.9350841647809842}