{"mae": 10.969734904347883, "rmse": 32.10739045302053, "r2": 0.6907177363677317}