{"mae": 12.529043648728388, "rmse": 31.121101420915892, "r2": 0.6081437180861139}