{"mae": 5.472386788366158, "rmse": 34.876934311367265, "r2": 0.9004953640849095}