{"mae": 5.701517825397282, "rmse": 34.86633133423039, "r2": 0.8890249325356048}