{"mae": 5.88531800791449, "rmse": 32.12627616883198, "r2": 0.8735227572609209}