{"TreeBasedRegressor_Representativity_self": [0.5586119000217877, 0.5576082000043243, 0.554302300006384, 0.6125034000142477, 0.6127354000054765, 0.6234728000126779, 0.6505221000115853, 0.6484162000124343, 0.6596738999942318, 0.6726531999884173, 0.6696246000065003, 0.6768984000082128, 0.6960465000011027, 0.6939997000154108, 0.6897631000028923, 0.6916682999872137, 0.7136273000214715, 0.7110588999930769, 0.7258902999747079, 0.7376450000156183], "random_state": 40}