{"TreeBasedRegressor_Representativity_self": [0.5777670000097714, 0.5557732000015676, 0.553913299983833, 0.6252570999786258, 0.6168213000055403, 0.6192010999948252, 0.6487839999899734, 0.6541944000055082, 0.6542557000066154, 0.673519900010433, 0.6780848999915179, 0.6798591999977361, 0.7029832000262104, 0.6940975000034086, 0.6958287000015844, 0.694394399994053, 0.7196018000249751, 0.7167864000075497, 0.721431100013433, 0.7384038000018336], "random_state": 40}