{"TreeBasedRegressor_Representativity_self": [742.3692333139479, 1050.3038185789483, 954.3502433750546, 615.7067879029782, 615.084313540021, 642.0314198590349, 325.5633075750666, 99.07234664889984, 330.7258433159441, 121.41582204704173, 75.4281592919724, 182.54512680799235, 168.592919297982, 177.09790139703546, 156.81635577394627, 226.68980451393872, 173.44352212105878, 92.54507607407868, 101.076697226963, 96.49309917807113], "random_state": 32}