{"TreeBasedRegressor_Representativity_self": [12.26922846911475, 12.988053616136312, 14.213006088044494, 3.3258223328739405, 4.933777312282473, 7.71309390803799, 2.9543324639089406, 5.230850872583687, 5.062188680283725, 3.338795742020011, 5.296353750862181, 5.393489980138838, 3.53314762795344, 2.695093987043947, 2.3959082500077784, 1.4317514630965889, 2.24026320502162, 0.8500705817714334, 0.7031109849922359, 1.9813182628713548], "random_state": 32}