{"TreeBasedRegressor_Representativity_self": [0.5566156000131741, 0.5600141000177246, 0.5529836999776307, 0.5978426999936346, 0.6123350000125356, 0.6074742999917362, 0.6433933000080287, 0.658090999990236, 0.6541482000029646, 0.6503061999974307, 0.6788858000072651, 0.6634153999912087, 0.6768191999872215, 0.6739259000169113, 0.6967702000110876, 0.6901658999850042, 0.701955700002145, 0.7118877000175416, 0.6945140000025276, 0.714769799989881], "random_state": 41}