{"TreeBasedRegressor_Representativity_self": [8307.672587056994, 8654.782311354065, 8952.841231678962, 2389.5616627220297, 2463.1530744200572, 2467.152774109971, 2630.5178098480683, 664.6425942759961, 8734.252499302034, 6512.998167501995, 5781.692815774004, 5859.104128908948, 484.9634408799466, 527.4361993040657, 222.47749365807977, 364.8235567579977, 1351.750512821949, 1360.3269567670068, 1355.044737924938, 641.0817040170077], "random_state": 42}