{
  "mae_mean": [
    0.5171979109663738,
    0.48460447003470897,
    0.5319789348770205,
    0.6854755669777107,
    0.5798564219048747,
    0.5460020374314513,
    0.4764855558331134,
    0.5332731258276701,
    0.5172331114676127,
    0.4832479449892039,
    0.5643756652036027,
    0.591696162892561,
    0.5094259409000556,
    0.6438803985583872,
    0.6297635031908508,
    0.7876881962857495,
    0.49063448928983994,
    0.48165376310894265,
    0.5107581161566201,
    0.4079646172488448,
    0.3885152873280931
  ],
  "mae_std": [
    0.10616074078915276,
    0.0766277900896203,
    0.09762678086772238,
    0.3732569507425956,
    0.108744797303174,
    0.04180738453589117,
    0.08146420480225443,
    0.15109714410664055,
    0.1361155970424042,
    0.16153023160473948,
    0.35895932407386083,
    0.23666520021021628,
    0.245964052742155,
    0.4761671195151111,
    0.2626117505676113,
    0.6164669084251434,
    0.1489681882508943,
    0.2718698837633204,
    0.163318385742854,
    0.18961523916890466,
    0.13765835570049795
  ],
  "rmse_mean": [
    1.2257176306786035,
    1.2192586425293284,
    1.2587295040889104,
    1.39694608627112,
    1.2146337154421865,
    1.296006132445558,
    1.1710372433749525,
    1.1362754117272937,
    1.119034580133559,
    1.0287726366046077,
    1.1007340927309013,
    1.0591734300681324,
    1.0000664522912364,
    1.2198070967514116,
    1.1191058420855953,
    1.5915559929912217,
    0.99959144172228,
    0.9919445732806843,
    1.0557192921105771,
    0.8636286160028096,
    0.8040618211585552
  ],
  "rmse_std": [
    0.26995664267334646,
    0.25534115225350507,
    0.2521798691625164,
    0.4381297752045313,
    0.24096777862863086,
    0.22453655602436562,
    0.2781475607265959,
    0.2940849534737083,
    0.21267629410014982,
    0.22832328936613072,
    0.523799543892364,
    0.3198793915631969,
    0.4108732562762159,
    0.7740892370349374,
    0.37647183679104923,
    1.1383658434396995,
    0.26139943532013765,
    0.5272135011357153,
    0.39405060112301155,
    0.3470257546880225,
    0.3638692577935334
  ],
  "r2_mean": [
    0.10885156856362581,
    0.11574880108437148,
    0.05701854673744593,
    -0.4342622120668502,
    0.1134371074463757,
    -0.03600233035177639,
    0.19118456460177358,
    0.23585061575240163,
    0.23376326158250244,
    0.35240305427876073,
    0.26094849328215897,
    0.320483533753211,
    0.3901641953204119,
    -0.2247438858482394,
    0.16277828011923973,
    -1.4702648123678634,
    0.35586910818748635,
    0.2598039985746081,
    0.2909156626070485,
    0.4960603507009875,
    0.5925684357040876
  ],
  "r2_std": [
    0.10385635163743141,
    0.07539624479937511,
    0.08905653188216979,
    1.4439419073408961,
    0.11799350264615006,
    0.23995417782823594,
    0.09923379808082977,
    0.15081989465949047,
    0.16192449561331834,
    0.16631835364708814,
    0.48517062899323193,
    0.2580652620635703,
    0.33805580666496465,
    1.786013406452965,
    0.5723310066862193,
    3.080821995323814,
    0.33712691994326205,
    0.8873022903107631,
    0.4331965259375577,
    0.41423023921700863,
    0.24038692586829238
  ]
}