{
  "mae_mean": [
    0.7114523852304634,
    1.4522612439648723,
    1.0308127958914866,
    0.984975932774139,
    1.0134743797278132,
    1.0719209664528722,
    1.0483284033767502,
    1.038216222120141,
    0.7745652467813284,
    0.7900457105512799,
    0.8029133373828383,
    0.7545725258532072,
    0.7739373610811612,
    0.7692558127185841,
    0.6998989757504989,
    0.7872907425466005,
    0.7202388835734527,
    0.7876784552617079,
    0.7072956456024392,
    0.7234721523132684,
    0.5908713968385882
  ],
  "mae_std": [
    0.17440840155718618,
    1.1957784917140886,
    0.7342054355600197,
    0.6349602398932972,
    0.7198849663779494,
    0.8603075920814504,
    0.67451937240372,
    0.6947216904539326,
    0.22638907866101887,
    0.2945828756920988,
    0.2664248329410964,
    0.23364709096301292,
    0.3452893397494582,
    0.3624839047498813,
    0.17236688198891276,
    0.39193611386173094,
    0.16477241418542302,
    0.22565704832230166,
    0.15382296474304896,
    0.1306385431428979,
    0.10385841194356243
  ],
  "rmse_mean": [
    1.4348332473015704,
    2.544021079267617,
    2.1398114270958493,
    2.178997746656894,
    2.0913234184589107,
    2.2421802028798643,
    2.315938996119786,
    2.2916030918054036,
    1.902524568031644,
    1.8218659766494771,
    1.8528846433248347,
    1.7268973281230326,
    1.8592104615181089,
    1.730091843690298,
    1.6514611313402798,
    1.703211297663486,
    1.6141782884924076,
    1.5536761854130758,
    1.4157779445177585,
    1.4045500665729338,
    1.229097087668355
  ],
  "rmse_std": [
    0.2313457036725787,
    1.8129660718292093,
    1.5005565089029527,
    1.5693137642036947,
    1.472588798566778,
    1.7166825672999584,
    1.4236331891690097,
    1.4559015346984827,
    0.6716050809196803,
    0.6984703445698222,
    0.6430291040251367,
    0.5345797816142022,
    0.8819050125104739,
    0.7786886221431668,
    0.5886955541412715,
    0.8500239004029947,
    0.5919763466276753,
    0.4665044732361096,
    0.35935070219731585,
    0.3057469303735612,
    0.3186941951469464
  ],
  "r2_mean": [
    -0.20575475434249837,
    -4.846407852181628,
    -3.2454345585149746,
    -3.56160453140327,
    -3.0265382573363766,
    -3.5944548717498,
    -3.6204758444070677,
    -3.6155850405356595,
    -1.4597976492885614,
    -1.305521953940256,
    -1.3398983053065874,
    -0.970568280899221,
    -1.687008304519234,
    -1.3616663389635422,
    -0.8409086413356167,
    -1.326051321512223,
    -0.8226144887118618,
    -0.41778717147545985,
    -0.1863831770140525,
    -0.21725037012621237,
    0.09191747236312638
  ],
  "r2_std": [
    0.26627652127474105,
    9.170637233606064,
    7.388988267780653,
    8.260610120269568,
    6.965397010484111,
    7.151525947001676,
    6.901287281322827,
    7.050208349234561,
    1.8622227613057243,
    1.9117204619507062,
    1.82480744832904,
    1.593753197400339,
    3.315353999473292,
    3.357740788462911,
    1.8190649887286936,
    3.4554031607219446,
    1.8743007998879357,
    0.6053529438685594,
    0.46035375485534574,
    0.551721285968587,
    0.4219401186097677
  ]
}