{"TreeBasedRegressor_Representativity_self": [581.3173773149974, 636.3972441240003, 631.3669377700026, 610.0803642719984, 505.57784776500193, 498.1399576750009, 515.2419149289999, 562.4922554820005, 320.99485674099924, 407.21180290600023, 282.5491883640025, 195.73673340399546, 201.74975064599857, 265.9650278810004, 210.86107554600312, 177.8597940690015, 151.2749554480033, 199.79968429099972, 195.2599220109987, 127.74167176400078], "random_state": 31}