{"TreeBasedRegressor_Representativity_self": [831.4101458280347, 894.3723217966035, 848.187438393943, 914.96334858099, 911.5377672612667, 633.3837102609687, 506.8867572750896, 646.6546142585576, 670.8307711998932, 227.84895109012723, 229.38264761306345, 128.44456611387432, 272.3670444698073, 150.02519791387022, 232.7751313848421, 175.24762832093984, 100.42205227306113, 92.45851246919483, 91.95128742279485, 95.39302759012207], "random_state": 43}