{"TreeBasedRegressor_Representativity_self": [609.5887825509999, 711.8485188159975, 604.3897273840266, 451.1584488010267, 334.41726504603866, 605.674745597993, 595.4669052709942, 533.0687969560386, 164.05480535601964, 323.0294010770158, 267.55907121597556, 35.94097839400638, 81.95345626701601, 250.6737386540044, 159.6625994470087, 155.91475291497773, 169.51099414698547, 93.51531049399637, 85.17428428697167, 95.8674365960178], "random_state": 49}