{"TreeBasedRegressor_Representativity_self": [10.323635899985675, 7.158180102996994, 11.398978436016478, 7.3441781279980205, 6.577007062034681, 3.702878711046651, 4.13350531301694, 2.939078909053933, 4.2492383099743165, 6.976591243990697, 1.323791720031295, 2.708383889985271, 1.6888576539931819, 1.606253553996794, 1.1948765070410445, 1.2116437740041874, 2.9849723119987175, 1.6477775160456076, 1.4386856520432048, 3.6418097389978357], "random_state": 49}