{"TreeBasedRegressor_Representativity_self": [1612.501118455999, 873.230666767995, 889.670934416994, 907.995863803997, 894.8281740460079, 883.2019946749788, 921.2995875100023, 707.2882710229896, 428.2507774939877, 306.5317325850192, 302.11221403299714, 303.5290261830087, 352.80206641202676, 355.60515997200855, 361.7434686469787, 369.90480708598625, 191.1365622500016, 194.167204494006, 185.64471697501722, 194.66096295698662], "random_state": 42}