{"TreeBasedRegressor_Representativity_self": [562.6926390749941, 738.924442630996, 642.7410581250006, 593.6711581540003, 637.4365208390009, 495.67646301900095, 481.1887044999967, 473.1158879240029, 451.42106215800595, 350.23814512699755, 286.5569036300003, 197.96200229699753, 220.55122104499605, 207.22999005600286, 148.3752505550001, 155.32606524899893, 144.05742911499692, 202.49795184400136, 129.45066586900066, 93.19357620699884], "random_state": 35}