{"TreeBasedRegressor_Representativity_self": [66.72340370004531, 42.8497869001003, 40.384337400086224, 41.354564799927175, 42.12928380002268, 41.55823980004061, 32.83812769991346, 32.29192069999408, 32.028846699977294, 38.5933134999359, 44.72468109999318, 39.678059600060806, 40.72489780001342, 39.727426899946295, 38.031343600014225, 32.898767000064254, 32.36719829996582, 32.42432259989437, 29.77257509995252, 31.81449210003484], "random_state": 46}