{"TreeBasedRegressor_Representativity_self": [594.8071609720355, 235.38554928603116, 116.00539535598364, 562.5304451739648, 129.75859497103374, 165.67696001101285, 223.52046448306646, 116.3707499760203, 181.61898741999175, 106.05266019992996, 179.58315089601092, 254.82087011099793, 191.00111188809387, 111.01896739809308, 162.64528604305815, 243.15472996106837, 143.7530410500476, 105.31267851009034, 141.5148502830416, 72.23787234991323], "random_state": 33}