{"TreeBasedRegressor_Representativity_self": [12.635714089032263, 6.853969224728644, 8.539649805054069, 7.134615891147405, 6.37548764096573, 4.710006941109896, 6.491714457049966, 4.937841079197824, 4.724848061800003, 3.0492210150696337, 4.8778017442673445, 3.8368168780580163, 2.1499970317818224, 2.782779249828309, 4.137661854736507, 4.968605237081647, 4.503289661835879, 1.620323718059808, 1.5866226921789348, 1.3242649580352008], "random_state": 33}