{"TreeBasedRegressor_Representativity_self": [749.743723242078, 509.2418533419259, 539.3235560827889, 627.4531023781747, 701.5860426239669, 305.5089105190709, 535.2511589988135, 271.52187231974676, 258.3201937424019, 302.07683157362044, 96.80253183282912, 71.45498436130583, 297.14627806609496, 152.27098169689998, 239.16802759608254, 210.18191641103476, 167.59245478129014, 125.12870939774439, 120.05582573497668, 178.3189249113202], "random_state": 49}