{"TreeBasedRegressor_Representativity_self": [67.86451880000823, 43.02500670000154, 40.81046480000077, 44.106151000014506, 42.69684339998639, 41.210602999984985, 41.02881730001536, 36.70472999999765, 39.79542029998265, 44.77963929998805, 41.543535699980566, 46.410149499977706, 41.08249529998284, 38.207447399996454, 36.71844890000648, 34.69954160001362, 35.11411520000547, 32.510085300018545, 34.15959260001546, 37.52811290003592], "random_state": 48}