{"TreeBasedRegressor_Representativity_self": [647.6980759077705, 220.51185295218602, 291.6854006522335, 161.75849453592673, 421.49515628861263, 422.4234409709461, 203.7676377017051, 282.65033815801144, 214.62125450372696, 211.5279894019477, 118.48968724394217, 124.43615502910689, 211.8290819460526, 247.31460344279185, 236.5554473530501, 243.2287118639797, 201.01423244690523, 143.9085794808343, 80.57969890115783, 90.35793972574174], "random_state": 32}