{"TreeBasedRegressor_Representativity_self": [906.5922876303084, 1058.3339073248208, 946.8290538317524, 1001.1311774593778, 1083.6613696059212, 555.0269221863709, 1023.9385976619087, 189.83824576623738, 189.81767143728212, 355.7890868219547, 352.5992295509204, 359.9985019871965, 116.0834326017648, 60.58191659813747, 315.28813874768093, 307.62856075679883, 191.92952554672956, 195.60095775313675, 196.31644614459947, 194.8207730660215], "random_state": 40}