{"TreeBasedRegressor_Representativity_self": [613.0589042639986, 596.8702266239998, 693.7683862480044, 649.0722337340048, 573.1944835510003, 561.6766930899976, 398.0642541920024, 404.0788920279956, 397.8149597800002, 405.6125954590025, 337.8167980110011, 451.77673032799794, 315.05252694599767, 297.0141883799952, 206.47802471699833, 164.21497153399832, 166.16131283799768, 139.22078920500644, 121.65604332800285, 136.2714731609958], "random_state": 35}