{"TreeBasedRegressor_Representativity_self": [569.8134518029983, 620.1152593399966, 605.1688130539987, 597.2668843279971, 590.4154121999964, 580.8465014690009, 596.6531466809975, 607.0276742360002, 464.3226436010009, 471.83358178100025, 353.5529448669986, 262.263489347999, 312.02104668800166, 270.1092470570002, 260.9848343260019, 161.811853514002, 137.85757862399623, 139.4911280200031, 126.57557045499561, 93.32430662499974], "random_state": 36}