{"TreeBasedRegressor_Representativity_self": [814.6745822730009, 848.2456255079887, 851.9313314180035, 349.9924431260006, 901.1245398739993, 543.5108333120006, 545.528035121999, 391.7873030299961, 408.3657548009942, 324.7830246030062, 303.89315054999315, 300.1279700360028, 313.7883904860064, 387.91935848098365, 345.5132757939864, 274.8837011810101, 323.2360631589836, 193.6388150290004, 194.96213744900888, 195.95113180798944], "random_state": 41}