{"TreeBasedRegressor_Representativity_self": [971.544976374018, 661.5050719789579, 294.22133216803195, 986.8809993520263, 140.0925851779757, 487.1366057799896, 389.44062489503995, 323.26340351597173, 163.1796430189861, 275.7959936709958, 144.89126148604555, 251.9164357749978, 100.37255531398114, 338.83651792100864, 238.86478778900346, 199.06099399802042, 169.45501155295642, 168.70223693404114, 208.34379055997124, 111.98297591297887], "random_state": 31}