{"TreeBasedRegressor_Representativity_self": [680.7332717529498, 707.9496018160135, 451.81949435034767, 264.9651530859992, 484.22960407612845, 782.771898351144, 287.20733861159533, 262.5475574960001, 194.66131133027375, 127.61289125075564, 389.6596818631515, 219.29808205505833, 190.58982675801963, 269.6616862299852, 162.58717485703528, 244.83444459410384, 239.9390373211354, 203.4905551392585, 189.0307678449899, 119.36549608502537], "random_state": 42}