{"TreeBasedRegressor_Representativity_self": [587.0317630360078, 625.8467632090033, 640.1599715680059, 254.71456989800208, 535.7135447509936, 407.87336233899987, 408.2161675089883, 527.5790950650116, 286.76149643601093, 256.2275542290008, 278.7911146240076, 265.6644366429973, 195.61374715300917, 226.4956825440022, 157.56134882199694, 181.6580357680068, 291.7847827289952, 160.4142454690009, 176.67342044098768, 106.57686194800772], "random_state": 37}