{
  "0": {
    "mae_mean": [
      19.80141383644395,
      19.760834600678095,
      19.612900170272827,
      20.04304142695326,
      16.87131627025014,
      15.545963259052325,
      15.234949707548381,
      17.149825930750488,
      12.62686938904796,
      12.960386580695594,
      12.094296390163892,
      11.196319183382233,
      11.704594594025565,
      9.803398174205563,
      9.300384243157364,
      9.349528679887918,
      8.520890081993949,
      7.912443132168077,
      8.69292262725549,
      7.077274237440439,
      6.391196650018104
    ],
    "mae_std": [
      3.194605521386901,
      2.979414384361141,
      4.482935385683037,
      5.655936197235599,
      2.292314920284918,
      2.7079047767160986,
      2.0218020332652644,
      2.64713632900624,
      2.6453512156416243,
      2.2215646403910987,
      1.992463256033897,
      2.7366647230823196,
      2.577675126951125,
      2.2530317062270684,
      2.6103740839834813,
      3.0724716859026953,
      1.8456452465187152,
      2.3333575052993845,
      3.228365912665858,
      0.9954856404087682,
      3.3408338798359707
    ],
    "rmse_mean": [
      26.492594341131145,
      25.190720162012035,
      25.541431071344597,
      25.018598171278946,
      21.974039323113978,
      20.40245997826638,
      20.146768297981136,
      22.091185932865372,
      16.537641029109928,
      17.518320658504145,
      16.149037653153187,
      14.41038052643059,
      15.37816105986025,
      12.865391817515505,
      12.28475966222182,
      12.414547243988585,
      11.34666218562457,
      10.830474015557003,
      11.815498204494018,
      9.6085185685505,
      8.787000350094678
    ],
    "rmse_std": [
      4.696976112106571,
      3.276503239880055,
      5.691869442283344,
      5.962479599071715,
      2.9832627589017284,
      3.2892621631644614,
      2.43664813909718,
      3.5790640498581574,
      3.2035074904978846,
      3.2265075057445833,
      2.8029649500733775,
      3.30855327082059,
      3.8229970142019285,
      2.92012972250964,
      3.409447040041777,
      4.147227967489057,
      2.574494213884433,
      3.1797330775789265,
      4.386801000629019,
      1.6782548168618328,
      4.741076318891174
    ],
    "r2_mean": [
      -0.2016701653074684,
      -0.0810240016365362,
      -0.18767613004722158,
      -0.08914487118290684,
      0.1789074004687598,
      0.27637753384850383,
      0.30171404559446113,
      0.14494473766535348,
      0.518379900158852,
      0.47312263666433535,
      0.5383848246776013,
      0.6129926901884492,
      0.5842656491028555,
      0.7100763787854865,
      0.732889290277505,
      0.7158388267904732,
      0.7679158704233213,
      0.7855503580736967,
      0.7408300551411455,
      0.8386984966045847,
      0.8513946327585986
    ],
    "r2_std": [
      0.37568956016807814,
      0.1385602633521312,
      0.6872318757851759,
      0.47645227190701755,
      0.16782399152727032,
      0.19485210518978524,
      0.16563638630868044,
      0.2952873341963338,
      0.1855460109532415,
      0.15815057971690816,
      0.17456655317850364,
      0.1953638370405989,
      0.17523635679074026,
      0.10406519384011412,
      0.13205864965057398,
      0.1634971405993888,
      0.11148591154068799,
      0.12106459245220218,
      0.17159793352379346,
      0.06259913142093819,
      0.1303254012952582
    ]
  },
  "1": {
    "mae_mean": [
      86.03349751537428,
      69.3539207797055,
      72.02594708290479,
      48.962355441456594,
      45.69851450657332,
      46.25369563411446,
      39.897415173467365,
      35.35282312323546,
      31.100904891365637,
      29.283313735521357,
      28.783243058339103,
      25.342847938183702,
      25.506721201385993,
      21.65500418399889,
      20.68300573092891,
      21.15655598721062,
      19.2020262785241,
      19.31891330447987,
      17.123676033880948,
      18.645390021137167,
      17.869427482657535
    ],
    "mae_std": [
      20.330308497990405,
      24.452548434507197,
      29.399995647005998,
      11.980392445818994,
      8.471064912574928,
      10.195891395764312,
      7.605060341200987,
      4.89316479888596,
      4.876793895528941,
      5.061877356955699,
      2.4794806528059707,
      5.441868341077881,
      4.404515276017257,
      3.256575594909536,
      3.0834385116632217,
      2.8336471200979596,
      2.788754869471323,
      5.8788698472191925,
      4.419808382424726,
      3.2816912071170377,
      2.7423902610473743
    ],
    "rmse_mean": [
      108.03133297664701,
      87.0309716661023,
      88.9473619788798,
      61.88793402250038,
      58.45792131397618,
      59.24599598063221,
      52.21109176420466,
      45.93577893635095,
      40.83470972978281,
      38.162766582693564,
      37.34297529169951,
      33.5675657371341,
      33.527334502810106,
      29.1964603833909,
      27.7334719766781,
      28.55945283016751,
      25.567758877734626,
      25.786438625522713,
      23.809814204840894,
      24.904636439929607,
      25.360385763704237
    ],
    "rmse_std": [
      25.434260036561692,
      29.327385604026787,
      32.857553469038905,
      14.406630017800019,
      10.124755813972536,
      11.62039290394542,
      9.879008245099783,
      6.648443231185161,
      6.9042293690248036,
      6.705508726322283,
      3.0980524479817766,
      6.983996009936341,
      6.005026337154192,
      5.081086776502067,
      4.014852237022156,
      4.3910543195256935,
      3.5611497155127605,
      7.906162150614717,
      6.240624270330742,
      4.962569632663392,
      3.920084953603117
    ],
    "r2_mean": [
      -0.6467308838208277,
      -0.06587678581376237,
      -0.14536132278434105,
      0.47638242272887654,
      0.5449683597047807,
      0.5171822290286955,
      0.6291753278992357,
      0.7192579878541404,
      0.7757727573006399,
      0.8048990816207748,
      0.8174025329513167,
      0.8469855053589246,
      0.8510709033472571,
      0.8849772506377832,
      0.8964990951139328,
      0.8928133410798491,
      0.9121933769136359,
      0.908303162229003,
      0.923104029857317,
      0.917060381858626,
      0.9147630384315564
    ],
    "r2_std": [
      1.0538953087636194,
      0.662823853080135,
      0.8789522723167266,
      0.2383947379612105,
      0.15212871083578658,
      0.2103020306399718,
      0.15964405877388727,
      0.08582257244500945,
      0.07691685502617868,
      0.06797065754890955,
      0.03137319517870888,
      0.06397227264711636,
      0.04584671647375439,
      0.040452603442872166,
      0.03385088140739839,
      0.02638615018823842,
      0.03222046433555581,
      0.048871670592026135,
      0.03721008643012187,
      0.03173056012361763,
      0.023221457388672942
    ]
  },
  "2": {
    "mae_mean": [
      6.351676159902124,
      5.1395521523331515,
      5.921910493612936,
      4.256969057625231,
      4.28958423154686,
      4.1100188974990015,
      3.8019059015616095,
      3.5855828892770027,
      3.1187314288746215,
      2.9334620651672134,
      2.691851401297006,
      2.771666378457584,
      2.41724517348927,
      2.456612014586057,
      2.299918117784605,
      1.9141926075941726,
      1.9149583452639962,
      1.8704887642736225,
      1.745190181221492,
      1.5534071731611006,
      1.4329626980471033
    ],
    "mae_std": [
      2.2777432618185136,
      0.6161770057834508,
      2.176903818729849,
      0.6976732057743229,
      0.6332884132770977,
      0.6707576311372571,
      0.9215836001352564,
      0.451096978022808,
      0.8348741263502328,
      0.45476656944544724,
      0.44041324004584914,
      0.4897212968268476,
      0.3478988012136098,
      0.5402594515705349,
      0.41039857488758724,
      0.5146194864324732,
      0.4489536990314465,
      0.2734370756192178,
      0.36317058655235174,
      0.4347509233136082,
      0.39382599043272215
    ],