{
  "0": {
    "mae_mean": [
      20.694807389038658,
      19.359810539206414,
      20.121985822732277,
      19.943068467029136,
      19.328700636620958,
      19.578309783396563,
      19.641815472897864,
      19.2774456985805,
      19.32047762832674,
      19.247577237763895,
      19.28686376269645,
      19.272244190259446,
      20.00568098650971,
      19.443954358067835,
      19.083499991076017,
      19.219388064410268,
      19.22930296722583,
      19.026908989425316,
      19.260703664649114,
      19.31846337363981,
      19.208672465748283
    ],
    "mae_std": [
      3.5249713238720766,
      2.275803035747392,
      3.5385848263641906,
      3.4551280221283878,
      3.509165583941287,
      3.9202690847173627,
      2.622226545456363,
      1.8473945882398868,
      2.003556107670228,
      1.7683945053178958,
      2.270865641773041,
      2.7078036703659922,
      2.660374976180662,
      2.544195177536127,
      2.52919026469075,
      2.6741908646949386,
      2.8105630139914823,
      2.4513534876641176,
      2.541182910321295,
      2.3644228804408685,
      2.313896746118876
    ],
    "rmse_mean": [
      25.915839610266723,
      24.590118011660543,
      25.47426591134075,
      25.150008535461623,
      24.318316932376753,
      24.567335200025727,
      24.773442466101123,
      24.53859708659565,
      24.635685099376616,
      24.4554260797929,
      24.523111532756808,
      24.291061615923336,
      25.068665540534518,
      24.476029711947007,
      24.076492956756248,
      24.261029818606055,
      24.283258730602,
      24.130050421824667,
      24.274825130159876,
      24.422337181180318,
      24.174432683519292
    ],
    "rmse_std": [
      3.7117589169632113,
      2.5122059062612543,
      3.5874028798953277,
      3.594275575482486,
      3.955600745707958,
      4.300535616052166,
      2.750164534414469,
      2.1640062067767487,
      2.2947116611914784,
      2.050265469235749,
      2.5883645629614374,
      3.0527520830588983,
      3.0672300682157663,
      2.9329043038914455,
      3.0175828662868747,
      3.201596218296115,
      3.1743820906819415,
      2.9214838227956714,
      2.90273661655513,
      2.7094674601051807,
      2.6085089439610556
    ],
    "r2_mean": [
      -0.14299010140740104,
      -0.02126734434946582,
      -0.10597315510833756,
      -0.08179635553614181,
      -0.007316040053836692,
      -0.03297757745602344,
      -0.04313348004090094,
      -0.02101957543201056,
      -0.025112224202326727,
      -0.011843509805767715,
      -0.02263942800002139,
      -0.004600798587720845,
      -0.07005248942475686,
      -0.02231969479898014,
      0.010649281502992946,
      -0.008047276957218552,
      -0.008048283845856718,
      0.006570741365052146,
      -0.006650006928508712,
      -0.018420582012147912,
      0.003931463219881248
    ],
    "r2_std": [
      0.2717311124500475,
      0.1124455442956238,
      0.2603111422375217,
      0.2644760115662442,
      0.264049497818998,
      0.31493454440684415,
      0.18093325090466716,
      0.12632880422167,
      0.09833873977127355,
      0.0989303925647035,
      0.1701209152098438,
      0.20778273623051285,
      0.2178096738527409,
      0.2140364111416103,
      0.20979401222091318,
      0.24037175780812928,
      0.2331768591624392,
      0.20624400038750265,
      0.2143131185270604,
      0.2021258475765467,
      0.1871422143375741
    ]
  },
  "1": {
    "mae_mean": [
      78.17428637971196,
      75.11521530233094,
      70.67026345960568,
      66.56130421611856,
      64.5610308854277,
      67.92445330463585,
      63.465132570505396,
      64.56466799383206,
      64.41031100856046,
      62.45048170421836,
      61.92381023886107,
      63.01086169357312,
      63.73170487708454,
      62.84708355226114,
      62.166501039468606,
      61.62812430447343,
      60.569345137449986,
      61.24210901291349,
      61.125043262214284,
      59.350168261772545,
      59.656001910954025
    ],
    "mae_std": [
      11.463608128910675,
      9.868805070272206,
      13.51182786401236,
      10.00359920484544,
      10.029539412085178,
      12.554884197394166,
      9.229113925716092,
      9.63964334430578,
      8.648009799580265,
      7.388344575712971,
      8.380868177365214,
      7.655186473344138,
      6.079759886116648,
      6.130043346105117,
      6.750002601509852,
      6.877040144545088,
      6.658186209574541,
      6.603856446147352,
      6.531961757519006,
      5.6408844478166476,
      5.907516692716368
    ],
    "rmse_mean": [
      96.92959934587434,
      94.83004565753541,
      89.05131569259677,
      84.32356770005369,
      81.88980973270733,
      85.46158375957572,
      80.7039814383022,
      82.15932045162027,
      82.04954793638247,
      79.16661386215597,
      78.76115898630113,
      80.14294384586674,
      81.08587139916719,
      80.06740748559298,
      78.91204929418831,
      78.64779482227308,
      77.23154015060769,
      77.82507602568249,
      77.5019815396556,
      75.49069038809213,
      75.58397252872982
    ],
    "rmse_std": [
      11.959022971662028,
      11.163380209961861,
      13.728629759034625,
      11.248409689856068,
      11.294141560013012,
      14.16127174345451,
      11.411802956703786,
      12.347640414266209,
      11.47171883061662,
      9.184900095883348,
      10.794846417312614,
      10.16225725689655,
      8.277431146747041,
      8.28069587062483,
      8.576844946317786,
      8.79958124387663,
      8.79004501696802,
      8.746750608424248,
      8.138371687280983,
      7.717401700203527,
      8.06003242984969
    ],
    "r2_mean": [
      -0.26404231115339194,
      -0.1831534721820724,
      -0.062070967644874776,
      0.05453021251907414,
      0.10659119165051285,
      0.00833601726735117,
      0.12816442063677175,
      0.0945266006153304,
      0.10192763210933928,
      0.1650914860650142,
      0.1732127138590834,
      0.14378117202358226,
      0.1259632756949421,
      0.14988823541206128,
      0.17454886474999967,
      0.17932757257983548,
      0.20858369168454832,
      0.1986243943521721,
      0.2067306601281663,
      0.25611257007427995,
      0.2534831159799914
    ],
    "r2_std": [
      0.42176866968180493,
      0.2977649577040084,
      0.4051174823266013,
      0.31038104600613997,
      0.30135791148506264,
      0.45443908849610926,
      0.3284521953871095,
      0.35415790313146744,
      0.31734429261591607,
      0.26756624055889994,
      0.2833907934084537,
      0.28866424036216104,
      0.2536758379060829,
      0.24253915555001174,
      0.23394924294300035,
      0.23836209345877052,
      0.23108819448124382,
      0.22259384782441674,
      0.20245463751910947,
      0.14167817377643,
      0.15277666751924968
    ]
  },
  "2": {
    "mae_mean": [
      5.086469093427393,
      4.784642229548709,
      4.742220020553711,
      4.862824764623753,
      4.656124867292097,
      4.792547934175421,
      4.701053234885854,
      4.830395120048824,
      4.839353985423971,
      4.815671770952637,
      4.762241172158005,
      4.78886305893651,
      4.778870520491285,
      4.735591774346518,
      4.735988031613931,
      4.7653120586136115,
      4.716675695364687,
      4.73366125392465,
      4.685347240462109,
      4.708616904337487,
      4.719910388873447
    ],
    "mae_std": [
      1.6539655234882835,
      0.863838417904684,
      0.7953672218359076,
      0.9220109156052032,
      0.685413414086271,
      0.590532871664041,
      0.6475111192754622,
      0.8171242440653361,
      0.74674940693691,
      0.7593216759610382,
      0.7986008396097185,
      0.7980764046663933,
      0.8661998429531182,
      0.950136625432693,
      0.9338655371002506,
      0.8662109840766632,
      0.8473201006396786,
      1.0302459163255324,
      0.885670960778758,
      0.9151419289773961,
      0.8967846089258945
    ],