{"TreeBasedRegressor_Representativity_self": [0.5548230999847874, 0.5551747000135947, 0.5544691999966744, 0.6147854000155348, 0.6046821000054479, 0.6009220999840181, 0.6464627000095788, 0.6439743999799248, 0.6432168999745045, 0.6632488999748603, 0.6815170000190847, 0.665785599994706, 0.6972973000083584, 0.6904328000091482, 0.6873061000078451, 0.6967382000002544, 0.6983602999825962, 0.7198246000043582, 0.6939530999807175, 0.7147779000224546], "random_state": 49}