{"TreeBasedRegressor_Representativity_self": [700.3279003570206, 737.81981188801, 738.4809162790189, 703.1428972930007, 720.1540152739908, 568.8851959040039, 546.9934652710217, 643.8834998419916, 495.2326248680183, 420.16160956100794, 464.5387258869887, 308.6089626259927, 244.72893422399648, 326.8829880889971, 231.59859716100618, 210.80966351099778, 190.07900411897572, 199.850510209013, 163.59978494100505, 186.26374425098766], "random_state": 32}