{"mae": [0.5192847188969201, 0.5592116618444888, 0.64779627846751, 0.938298867054527, 0.5881953039100289, 0.5853886534252507, 0.812549052370098, 0.5655159960191305, 0.8220457764324628, 0.5763155413130879, 0.841910777872945, 0.8412314089266342, 0.3254054225751204, 0.6527462059181679, 0.6610188461001986, 0.6329113413134428, 0.30108905096082783, 0.5376021040542212, 0.5150708772378465, 0.5859806079192863, 0.5098557183396136], "rmse": [1.1631692953411148, 1.177753029327132, 1.614112335065003, 2.8460245166661653, 1.2900415830391359, 1.2880470521018934, 2.712151369994731, 1.2648305422452706, 2.7094463955615553, 1.2692592122446973, 2.8686222146443656, 2.865715443965595, 0.8429278127986851, 1.7231756843176491, 1.5180289845672614, 1.4778456481713222, 0.821324213184693, 1.2230928127469671, 1.1469821525188408, 1.5675514031308064, 1.129076047029988], "r2": [-0.026108085629865663, -0.051999930027281094, -0.9759445990723681, -5.143056714210436, -0.2621607483595281, -0.25826091659402506, -4.57872688293392, -0.2133104529743617, -4.567604503435354, -0.22182188361059763, -5.240996880986439, -5.228355303124634, 0.46112502137451095, -1.2519895263546124, -0.747701981854741, -0.6564006990055444, 0.4883929698736148, -0.13455637196155878, 0.0022526767850487017, -0.8635919818711579, 0.03316216061012156]}