{"mae": [0.419170394372761, 3.6529291842189893, 3.7166757357181783, 3.6382975856826807, 3.374200197202224, 3.5170501108671837, 2.0150058197243403, 0.8922814099313211, 0.9988848336102967, 1.7257316120082533, 1.4940335952636645, 1.4721364771595695, 1.4768848615714318, 1.4496695464985867, 1.449607241083739, 1.4305461491871918, 1.4114355264073113, 0.9095707303150019, 0.895728925219493, 0.8730169422292471, 0.8737256367648005], "rmse": [1.0542990498228957, 5.790643811559892, 5.937098598994956, 5.459497249878398, 5.242186850565837, 5.153506801176306, 4.084273894191691, 2.3052727620483537, 2.3567816204401173, 3.464316031550794, 2.899595780936729, 2.8286918030309804, 2.7823295310840748, 2.7335468921736963, 2.7302065097186716, 2.705262187269586, 2.685060473089757, 1.783785940656149, 1.7872035866103724, 1.7597953481206323, 1.7368128134609222], "r2": [-0.057373235557584445, -30.89733405765753, -32.53120848093379, -27.353454928063726, -25.141209430487574, -24.26424882971894, -14.868299908547014, -4.055281230270092, -4.283714808571174, -10.416571218131367, -6.997893216063782, -6.611529711054843, -6.364068397959265, -6.108103447688356, -6.090741918817204, -5.961765773270222, -5.858179151984495, -2.026816942424012, -2.0384265176566703, -1.9459475728691809, -1.8695031909261273]}