{"mae": [0.7538655986283741, 0.7666781840972213, 0.7421674108737745, 0.688235960561753, 0.6642618738174381, 0.6492559588825842, 0.5704481284782107, 0.802899938917224, 0.777911302330848, 1.2038697098108984, 0.7469961771812292, 1.185849115412556, 1.0550825708802396, 1.0395087464980213, 0.7346253535346867, 0.7432647632960658, 0.7361030133169582, 0.7274163131929688, 0.6611220056095537, 0.654737195587596, 0.7515824764314102], "rmse": [2.220406046073984, 2.233718712957915, 2.2242333056223202, 2.059958084020944, 2.0670861068122774, 2.065292657669078, 1.9206639293566459, 2.2632678397693216, 1.3593949643864516, 1.7255374897150364, 1.7821875609067166, 1.6882160409636704, 1.5523029168582303, 1.546825141205503, 1.420297631042318, 1.3726788182610583, 1.3638114583915963, 1.3607789058700062, 1.2060951036314536, 1.1978500622501604, 1.2689094240848326], "r2": [-0.10189525906334507, -0.11514791595790075, -0.10569715262684531, 0.05159839791062659, 0.045023580282904985, 0.04667997828912518, 0.17552351688390389, -0.1448469109264361, 0.5869840481101973, 0.3345363912557541, 0.2901242700554244, 0.3630115509455183, 0.4614469879930172, 0.465241179742801, 0.5491477541361072, 0.5788727189524121, 0.5842960205325249, 0.5861426725281033, 0.6748837920840127, 0.6793136817437282, 0.6401373632287806]}