{"mae": [0.5706703611812378, 1.0704476326279464, 1.2239884579481677, 0.5916427251541087, 0.5769342145054078, 0.6040642829940446, 0.5993313281970349, 0.5735559534279421, 0.6635312617200869, 0.5437776352814232, 0.5817943077039346, 0.5702612920994178, 0.529053689746736, 0.5243250316264256, 0.6459476035873525, 0.6597972273104731, 0.4726193526728645, 0.3121557291586227, 0.4265530295809961, 0.2836072776332881, 0.6085975525784446], "rmse": [1.4628522131158714, 1.7914067615988574, 1.8262499951931748, 0.9099209426884078, 0.9165851235014449, 0.9464038787545114, 0.9477471010870515, 1.3544216950756394, 1.0671870674641153, 1.3059948371414676, 0.944472247465418, 0.9369213282877252, 0.8977938947449613, 0.8971357008961547, 1.421300082309132, 1.4424905893626419, 0.839888791543338, 0.5915367153179485, 0.7942259443007623, 0.5203973291578267, 1.2740547581395005], "r2": [-0.15205566523320968, -0.72767073173325, -0.7955314369997966, 0.5542617748582828, 0.5477087706243455, 0.517801804464125, 0.5164320741906157, 0.012401637669557042, 0.3868684487926435, 0.08176154232260535, 0.5197681501420963, 0.5274162233478215, 0.5660638282477187, 0.5666998526748719, -0.08753719723429287, -0.12020765176258164, 0.6202339574834521, 0.8116194898482988, 0.6604054614931104, 0.854204984740863, 0.1261261451721295]}