{"mae": [0.4066703922003653, 0.3951104076354708, 0.3698463978988269, 0.4328129517986588, 0.4325106586667207, 0.774070360060288, 0.6907627735115061, 0.7326717756215788, 0.6844069643174678, 0.8942163765656594, 0.9082346607215057, 0.8172278495596795, 0.5134145159284688, 0.7158958102796027, 0.6964611560654168, 0.685215569798828, 0.6425686292188187, 0.6131520975588923, 0.5962419998783552, 0.592561999834863, 0.5890586116996864], "rmse": [1.0646662343474897, 1.098915963024622, 1.0971143825325707, 1.2083548154232457, 1.2090448993753606, 1.177104505602315, 1.1343459372473856, 1.1494033926885647, 1.1462162682839516, 1.3805767647499751, 1.3951253321586945, 1.3446908439567704, 1.2961523405865722, 1.1273112133296637, 1.1461065576428082, 1.14201128425209, 1.0917352817944117, 1.0831037643674053, 1.0212596973650052, 1.0231768825645406, 1.024378430279473], "r2": [0.24615936086127954, 0.19687795148311438, 0.19950909533293482, 0.028950119569055688, 0.027840681716350346, 0.07852696933897185, 0.14425646912487367, 0.12138718319313113, 0.12625295274392367, -0.2675751152886443, -0.2944313837139516, -0.20253432141689776, -0.11728683560491948, 0.15483746177589475, 0.12642020697646628, 0.13265201221540146, 0.20733939164286885, 0.21982376816017468, 0.30637462653160963, 0.3037679310723762, 0.3021317579681039]}