{"TreeBasedRegressor_Representativity_self": [594.2593802670017, 784.413915637997, 748.4580960260064, 732.9967306230101, 700.9499394919985, 396.6533034430031, 532.8092271349888, 318.5667679920007, 198.8331405709905, 279.75556174000667, 228.3085064420011, 268.1284566510003, 211.1837788020057, 423.1363665770041, 341.2357154460042, 324.414453320991, 107.08347117000085, 118.91205713499221, 165.16778773799888, 154.03712830200675], "random_state": 41}