{"TreeBasedRegressor_Representativity_self": [10802.871001150997, 11098.398178313997, 9293.085959735996, 9789.887615956992, 12992.681476416008, 10392.687905682993, 3502.072576502993, 2430.3725212179997, 3459.128288355001, 2389.9199683740153, 217.51885772301466, 218.5961823949765, 3422.3320573350065, 410.06542708800407, 1328.5935559390055, 412.0080774539965, 222.77801310800714, 2340.8073879719886, 697.9439328169974, 490.56586620700546], "random_state": 47}