{"TreeBasedRegressor_Representativity_self": [639.4526187459996, 657.2608539430003, 717.5963919220012, 770.014505621999, 827.6193504100011, 754.108878441999, 630.9746662420002, 692.2111562540013, 537.856028066999, 433.2316961510005, 453.28178196700173, 330.53495926299365, 339.27536511100334, 410.85266067900375, 354.7289711410049, 341.1603773270035, 399.87108821699803, 178.21782751200226, 161.1148948170012, 122.35117325699684], "random_state": 43}