{"TreeBasedRegressor_Representativity_self": [1001.8439104799181, 1070.5162374973297, 1066.8310543070547, 994.3678574902005, 1160.1259109787643, 1116.963941753842, 595.4560211841017, 490.52731625176966, 452.8215524512343, 853.6624555331655, 515.3526276401244, 412.7849281099625, 303.7324773017317, 339.8324495260604, 62.462612551636994, 53.74371920572594, 307.68597007589415, 129.4936737199314, 119.4412722918205, 78.14759775390849], "random_state": 41}