{"TreeBasedRegressor_Representativity_self": [265.5372666101903, 258.576417083852, 281.47178187500685, 581.1378774740733, 185.7399339992553, 204.8834789423272, 156.4243491301313, 151.94123746501282, 106.10388281662017, 78.61205583903939, 229.50394368590787, 204.9380386560224, 114.72191246412694, 247.8587822271511, 243.94783762469888, 166.46424758108333, 234.6416284441948, 120.7918087169528, 115.62498348299414, 150.63098060386255], "random_state": 36}