{"TreeBasedRegressor_Representativity_self": [907.5909618820006, 867.5248265240225, 1002.9719695120002, 890.8368133790209, 966.6892486749857, 513.9665975619864, 902.791560601996, 576.2457958289888, 655.6477264210116, 395.54718340799445, 652.9164810760121, 162.13400270900456, 233.3351276720059, 234.08288272601203, 351.2590708289936, 289.9464818650158, 220.16466179999406, 101.08675745301298, 100.3228596370027, 88.0808646339865], "random_state": 45}