{"TreeBasedRegressor_Representativity_self": [0.5584522999997716, 0.5509444000199437, 0.5631855999818072, 0.6187733999977354, 0.6129458000068553, 0.6486894999979995, 0.6634269000205677, 0.6599273000028916, 0.651943000004394, 0.6924312000046484, 0.6738689999911003, 0.7047972999862395, 0.6766688000061549, 0.6891623999981675, 0.7102676999929827, 0.7023547000135295, 0.7010117000027094, 0.722883999987971, 0.7234324000019114, 0.7453381999803241], "random_state": 43}