{"mae": [2.0203648238834444, 1.287209480781285, 0.7423310158009533, 0.7664226717230598, 0.9185072208346415, 0.890991371733147, 0.8930725908961055, 0.9826878693897758, 0.8834329015690444, 0.9255381627916817, 0.9015677663922603, 0.9886358725810371, 0.9649183167239168, 0.6980092724967636, 0.9574432050384261, 0.8117279635613511, 0.6173352301032525, 0.5895915207754808, 0.590233685886855, 0.5850159233878491, 0.5149680093659393], "rmse": [3.1263002354896745, 2.1019215447624737, 1.968233837241685, 1.7763566386725107, 1.6623938463566104, 1.472808774230163, 1.488301024381622, 1.6735730005547302, 1.4923990751490166, 1.6335223693777419, 1.6169092588380114, 1.6542158319605058, 1.6303308268196817, 1.7325340906364735, 1.6066405645180357, 1.4910600503072298, 1.345165600817759, 1.3312542423119456, 1.3345078207963794, 1.331765760134513, 1.2511653212008602], "r2": [-1.8901558532341989, -0.30645032058059796, -0.1455479800552677, 0.06691711588750748, 0.18280115998874424, 0.35856504678882617, 0.3449997622235498, 0.17177331713485844, 0.34138769759244925, 0.21093992684128104, 0.22690797693190412, 0.19082167268725048, 0.21402021362725576, 0.11238736840703989, 0.23669632736791724, 0.34256902049199367, 0.4649290143210568, 0.47593892207435684, 0.4733741866703415, 0.4755361168496751, 0.5370977484317916]}