{"mae": [0.6090443924979668, 0.624430596613555, 0.5453273815526205, 0.5387803405816959, 0.5294864407662221, 0.5151757579699973, 0.49859927697018974, 0.3951804688244389, 0.38954235813636096, 0.38837926670554157, 0.3730893945628862, 1.2934927113253047, 0.49947710130231293, 1.4503376983153613, 1.5337685717073293, 1.4685522120191759, 1.3476457359319614, 1.0240681833919374, 1.3499477259067298, 0.9523998999248198, 0.6611920885806615], "rmse": [1.1756121504353059, 1.0585597610341233, 0.9961162483375097, 0.994360462742132, 0.9772022984182929, 0.9488750166629859, 1.1012581316644203, 0.8473304979923801, 0.8449014232707452, 0.8446823821253538, 0.827651787465268, 2.2869040057331333, 1.1725635341684013, 2.7030185412093597, 2.7934158372960662, 2.7377637653099725, 2.4530521214017, 2.0201432677496025, 2.455173046993832, 2.0163702235370353, 1.5638068077803597], "r2": [-0.2336521113720771, -0.00021954476001395662, 0.11430412349376773, 0.11742368215480004, 0.14761944485085043, 0.1963210407477307, -0.08253720384756624, 0.35912954449963475, 0.3627986933605237, 0.36312904009206115, 0.3885514929299123, -3.6683181366372324, -0.22726215455066856, -5.521727127642406, -5.965234723111953, -5.690468291776689, -4.371284130379391, -2.642746212821334, -4.380576243430206, -2.6291517241556153, -1.1828845807564172]}