{"mae": [0.6296557816135048, 0.5638146491977233, 0.5564222710330887, 0.5337912504063764, 0.5344722174482652, 0.604266047272201, 0.5940022879321933, 0.5873258192729008, 0.3774666179229805, 0.36620880840980313, 0.36666255222077226, 0.365311613599509, 0.3615799472679181, 0.3401143382033911, 0.3402317828913214, 0.3328558165235388, 0.3324650943832692, 0.3323757537078646, 0.3322976042508562, 0.33396094892796147, 0.3336380403239193], "rmse": [1.5857329643285616, 1.5557899640665418, 1.5640649767038173, 1.4655463172928853, 1.46965043698598, 1.5770514742571184, 1.4534734483179261, 1.4520286455763187, 1.1917189096307057, 1.187364752706003, 1.186925357260111, 1.186143655717199, 1.1844750257633394, 1.173374865074748, 1.1744210338515473, 1.1723035060994873, 1.1715038917963374, 1.1712435789286961, 1.1705977918393569, 1.173255579678936, 1.1727143998272362], "r2": [-0.07265776748680497, -0.03253077404290394, -0.043543736039238334, 0.08377915103856959, 0.07864039133651324, -0.060944853896967466, 0.0988122527624049, 0.10060298570467407, 0.39417284714749723, 0.3985917541806311, 0.39903678532800324, 0.3998281058170594, 0.40151552433593596, 0.4126802097831007, 0.4116324465200343, 0.4137522338830092, 0.4145517064165247, 0.4148118554323501, 0.41545698642364026, 0.41279961768017426, 0.4133412008287216]}