{"mae": [0.5540635082360859, 0.8763433214962498, 0.37790692141192844, 0.30850479442506773, 0.29550636233053673, 0.2749554886338115, 0.2918443609044958, 0.36347772656177274, 0.2882794605419841, 0.2917215910956911, 0.29672735193146416, 0.2920687053331436, 0.2983110325178291, 0.3322188848919195, 0.40997230851110106, 0.3324524449878211, 0.3985150471743642, 0.3954185479754345, 0.3117737288100436, 0.376850700212849, 0.309970288906588], "rmse": [1.230587459409477, 1.83399142751355, 0.7449613611831827, 0.6069174793424202, 0.6222986856573223, 0.623613551619833, 0.6497116697751086, 0.7634130243813176, 0.6465231757183459, 0.6661251564369294, 0.7312967669134618, 0.7376014421119496, 0.753368765856595, 0.7157628789286958, 0.8350123724314343, 0.7170312278673091, 0.8330046263108137, 0.8334169624457965, 0.6370817277189726, 0.8030250708277085, 0.6334928219566489], "r2": [-0.23896468531959614, -1.751874097677098, 0.5459523279196801, 0.6986346975450621, 0.6831660402391008, 0.6818257375397522, 0.6546374100691006, 0.5231815102788875, 0.6580188623383001, 0.6369673982064719, 0.562456471782069, 0.5548796272399558, 0.5356460126943078, 0.5808472691515343, 0.42954711784246213, 0.5793604556573111, 0.4322870715501439, 0.43172489822227456, 0.6679341183160763, 0.4724153316258404, 0.671664868459735]}