{"mae": [0.740030990083109, 0.6092970099885856, 0.5267348047330158, 0.5692922164677758, 0.6001991811322849, 1.6264535650594052, 0.6608192641817217, 0.44918562356322145, 0.5060008756809559, 0.5345201621116187, 0.5210820393104277, 0.5386286252025584, 0.7321314894490858, 0.4959309441700682, 0.6884098146969678, 0.6086810209092761, 0.4907289578906055, 0.6310818577088109, 0.6286631757536999, 0.5878511922460228, 0.5827552885364425], "rmse": [1.424748339004328, 1.2837600701236522, 1.2818577768339368, 1.3255324165754139, 1.3067658994623135, 3.1341962048392826, 1.477409802734883, 0.9189314380850216, 0.7078029569070892, 1.1839080865459837, 0.8903399025370338, 1.2499740115617775, 1.1919073623744598, 1.1810075715550936, 1.123852565485681, 1.3616747470496189, 1.1668993382459905, 1.0951445166502431, 1.316503391321482, 1.0987727691059204, 1.1061461813075906], "r2": [-0.18412763116753572, 0.03863142188376323, 0.04147844924261823, -0.024950526433224818, 0.003865957026039757, -4.730263030946235, -0.27328067940842726, 0.5074067958313787, 0.7077550993997732, 0.1823674534518247, 0.5375829146376416, 0.0885682278050568, 0.1712811803999752, 0.1863688626654273, 0.2632148241220912, -0.08160569002088058, 0.2056919138205593, 0.3003754144188312, -0.011034931970693496, 0.295731973282675, 0.2862481524659053]}