{"mae": [0.6113042285745927, 0.6429055821720315, 0.5952620417323021, 0.557243497739077, 0.4636017173985446, 0.5503478435760111, 0.5463450269663883, 0.5426959504009315, 0.534546776400778, 0.5164382650322035, 0.5509510229152788, 0.5369755884069615, 0.9160723164261014, 0.9067534503182347, 0.571602215914573, 0.6044246509025399, 0.5466040023176293, 0.5466275275018347, 0.6686176793435257, 0.7236159598446881, 0.6184324562276373], "rmse": [1.198431799429532, 1.3199568675251114, 1.288046334545997, 1.2358168051137939, 1.189756435439614, 1.2228366049500627, 1.2234570616891554, 1.2238580239394603, 1.2207769681190184, 1.1693652239510905, 1.1009058411909622, 1.0895977863628319, 1.6249507246045245, 1.6038159535651517, 1.4262569080165137, 1.4444643585770274, 1.3273889167547142, 1.3267691993018835, 1.4653732057948115, 1.2457043781957928, 1.2364009424589268], "r2": [0.08035420908828372, -0.11561262141586193, -0.0623237997168109, 0.02208269268846197, 0.09362052084915184, 0.04251759850871473, 0.04154571539565888, 0.04091738609409379, 0.04574027801507041, 0.12442311587626242, 0.22394180169410838, 0.23980262844856504, -0.6907302807471263, -0.6470356424113286, -0.30253517717642575, -0.33600351200257816, -0.12821095743304167, -0.12715774868477947, -0.3749611640586765, 0.006371772133494158, 0.021158003815956894]}