{"mae": [0.6041525368680343, 1.8180495931640885, 0.7098660413116018, 0.803560857400016, 0.7934950531019848, 0.7742925649422578, 0.7262722920730543, 0.7969464790994677, 0.5296903404904679, 0.5212014906349657, 0.8251639785368248, 0.5200527538335642, 0.8421187868417714, 0.8404931058946837, 0.509322171279162, 0.6106425142728514, 0.7156568981941276, 0.7500104831067169, 0.739917706071749, 0.6162852828883654, 0.606865451965446], "rmse": [1.6477921584275022, 2.989732940518285, 1.7476520495416765, 1.7856127009247411, 1.758876602729589, 1.7332345863028584, 1.6637599265267091, 1.6522307405253984, 1.0746395939304278, 1.0774594522512346, 1.7521264041540239, 1.051473985201414, 1.6788930097369008, 1.6741337666790495, 1.0362607899927208, 1.4500705289089206, 1.3911589324914988, 1.3276442407698974, 1.3196453862361581, 1.1611155180127535, 1.1714467431748237], "r2": [-0.13606534854245855, -2.739928012859214, -0.2779339008022834, -0.3340526892810427, -0.29440205421250587, -0.2569359370233604, -0.15818988889309948, -0.14219392573426703, 0.5168031157623194, 0.5142639678913387, -0.28448583314169396, 0.5374107732713358, -0.1793548344976179, -0.17267795779300288, 0.5506998317689797, 0.12021469830812703, 0.19024815310058873, 0.2625002428251335, 0.2713601201104331, 0.43590882086049443, 0.4258259658638752]}