{"TreeBasedRegressor_Representativity_self": [767.7643648101948, 461.5754577293992, 446.78515034075826, 634.5837858398445, 325.4134004772641, 324.37398492218927, 186.12765642115846, 277.7484599528834, 115.42013103608042, 203.081728707999, 147.24876236915588, 106.49148416519165, 109.79888638621196, 93.7224405221641, 105.05523264734074, 158.10760520212352, 78.2479192619212, 46.24486985197291, 63.00979794096202, 80.10844421805814], "random_state": 39}