{"TreeBasedRegressor_Representativity_self": [820.8897532608826, 823.6043482769746, 833.2261709189042, 847.0550718018785, 886.5830004620366, 911.7557635828853, 396.65945275803097, 330.38556370697916, 582.9013454250526, 601.2467619401868, 413.62512604915537, 216.01963129406795, 237.49683457287028, 190.44339270400815, 334.69481979100965, 273.0959958219901, 106.72938122507185, 111.57338882493787, 106.94061046815477, 81.72393717593513], "random_state": 46}