{"TreeBasedRegressor_Representativity_self": [642.3696249369968, 667.3004734010028, 641.381337771003, 602.5421320070018, 610.4791300130018, 628.109814483003, 491.7496280740015, 628.2126404760056, 468.7375263419963, 423.6436790010048, 282.06335973400564, 301.06621847899805, 343.0275540629955, 247.87408549599058, 221.88862278599117, 185.43324458900315, 166.35090206599853, 164.95710647800297, 126.17479773100058, 147.2435956519912], "random_state": 39}