{"TreeBasedRegressor_Representativity_self": [564.0309224759985, 603.1578506009973, 612.6255322039942, 582.3147615980124, 609.8144544550014, 381.94364214398956, 482.2783256190014, 471.55087247499614, 406.7947996300063, 260.06076301899157, 271.7501587559964, 239.95075870600704, 202.4661652680079, 237.7781914290099, 196.68295033399772, 215.30007268900226, 178.98429982399102, 157.76124001599965, 132.2012290940038, 48.28538124100305], "random_state": 45}