{"TreeBasedRegressor_Representativity_self": [842.8793474780396, 660.0189140480361, 638.2341989909764, 554.6997642369824, 239.72237789200153, 259.42056437698193, 231.53674623102415, 220.30564886098728, 100.5344137760112, 158.76708573597716, 141.91129995201482, 150.25808247504756, 96.80459755199263, 65.5764423070359, 317.58700603299076, 315.57640060799895, 241.0556309039821, 188.96012859302573, 222.92053796100663, 217.02385862299707], "random_state": 43}