{"TreeBasedRegressor_Representativity_self": [564.8174942279948, 642.464538029999, 614.0637153050047, 610.428760224997, 650.1879384369968, 494.91565735600307, 544.1823855920011, 527.8258647550028, 390.97235733900015, 332.4535855530048, 422.73906615699525, 327.42620109299605, 207.17479334000382, 201.72689183599869, 155.38643413499813, 205.464924978005, 195.32340907100297, 153.95178270900215, 128.94758063899644, 118.52340001300036], "random_state": 47}