{"TreeBasedRegressor_Representativity_self": [572.7936006479999, 595.0053344319999, 614.7679901579995, 585.6200168169999, 583.5264319940006, 588.1323319049998, 494.59588091000023, 480.09358926999994, 303.947635646, 305.8195668419994, 158.6061570589991, 238.58871572299904, 114.35981614500088, 115.36197880800137, 171.95490447599877, 120.68080471900066, 169.84419342, 103.89232096399974, 81.6902589450001, 163.6319288300001], "random_state": 42}