{"TreeBasedRegressor_Representativity_self": [567.6791250079987, 638.2167812590051, 671.679643527008, 565.8633674400044, 568.5005537020043, 594.109201098996, 600.5229685609957, 547.6514722110005, 332.233981723999, 320.0318287800037, 320.62089578900486, 227.35193395998795, 227.91124174599827, 280.7366371090029, 221.59355887900165, 126.66779689700343, 151.73403289199632, 239.54823245901207, 196.24825343099656, 84.77831142999639], "random_state": 45}