{"TreeBasedRegressor_Representativity_self": [572.7489400050035, 659.7632671080064, 649.7554778299964, 514.6966921870044, 575.101399344996, 589.2691505409966, 528.0014780830024, 488.61406331599574, 272.657584092005, 382.60412746899965, 338.68270995299827, 390.33587809299934, 292.7415033970028, 295.6959504910046, 298.1402639650041, 214.2849465820036, 157.3015264450005, 170.25954774599813, 169.3286381270009, 158.75574512800085], "random_state": 48}