{"TreeBasedRegressor_Representativity_self": [756.1720632150027, 746.0849921640038, 806.2732471609997, 786.9923107639988, 768.2062705240023, 808.9757601469973, 794.0361472840013, 681.4152485220038, 466.98417266499746, 605.2649682880001, 161.06609655100328, 205.69174362299964, 239.71839106600237, 168.84130289300083, 312.0161868349969, 276.1290776129972, 97.91728134599543, 260.5446058769958, 84.28689761600253, 108.55851567200443], "random_state": 30}