{"TreeBasedRegressor_Representativity_self": [73.90540909999982, 43.00296280000475, 42.97590140000102, 43.080973700009054, 41.76077359999181, 49.45298349999939, 51.0525098000071, 43.495763599989004, 45.3261768000084, 40.13937639998039, 52.75738549997914, 45.58963140001288, 40.06227920000674, 31.9929659999907, 33.073872999986634, 30.815188899985515, 30.999115700018592, 28.0448885000078, 34.350409500009846, 30.896154699963517], "random_state": 49}