{"TreeBasedRegressor_Representativity_self": [563.5748045999935, 585.0271711739915, 609.7167044959933, 590.5380590179993, 593.7862386330089, 589.5352689790016, 441.8151774350117, 452.4620183590014, 285.7076063860004, 382.36552021499665, 272.14662577399577, 302.8874449599971, 226.45237596800143, 311.96822863099806, 158.0895106500102, 248.37453926900344, 203.33212992599874, 201.68764773299336, 172.48656770099478, 197.2083830969932], "random_state": 41}