{"TreeBasedRegressor_Representativity_self": [572.5752939310041, 600.8732164180037, 628.6773777490016, 586.4315483539976, 634.1131171839952, 599.7682943110049, 612.6465093130028, 255.091008495001, 382.73279084500246, 308.10447904600005, 329.2876973589955, 225.20211664700037, 264.10220741599915, 192.7652929340038, 221.0094501929998, 257.8019513600011, 141.6333150520004, 173.7895461099979, 128.56235761599964, 202.0083861969979], "random_state": 44}