{"TreeBasedRegressor_Representativity_self": [1058.2637992730015, 704.335278107028, 791.2940977889812, 372.50736591400346, 664.0827381970012, 338.1942821450066, 607.2563049140153, 401.01855905301636, 524.3384195209946, 353.4910659980378, 276.60684568900615, 303.42268066102406, 237.71558836696204, 239.5332473400049, 214.42149958800292, 325.1289390049642, 103.59590047999518, 143.81468605302507, 167.4202943010023, 104.06871479499387], "random_state": 34}