{"TreeBasedRegressor_Representativity_self": [568.5182426559986, 608.5155448400037, 611.5300294749977, 622.0591034960016, 622.0533457549973, 616.6227533920028, 625.3127672020055, 395.44244273700315, 435.1411775539964, 269.84943337000004, 296.8104185109987, 322.5255198750019, 304.9611077209993, 296.47669729200425, 220.28856874700432, 176.61711703299807, 121.92951555099717, 146.69944940799905, 194.6702678599977, 194.86713150199648], "random_state": 49}