{"TreeBasedRegressor_Representativity_self": [636.8682709610002, 689.1936480029981, 687.0410496059994, 659.1061250729981, 693.7901955210036, 698.3500587509989, 510.7906725330031, 543.5019266349991, 464.0159685660037, 528.8840680759968, 375.4539880230004, 443.16818106100254, 354.1827327459978, 261.7904695390025, 254.95895775300596, 227.80367730199941, 212.58975281201128, 134.35709176700038, 187.0907521219924, 182.94157368699962], "random_state": 34}