{"TreeBasedRegressor_Representativity_self": [651.4604436999653, 741.383164488012, 594.8608860180248, 346.7628660630435, 280.12424438999733, 183.4765243299771, 288.0250673640403, 549.5384232910001, 325.73231361596845, 194.80997269495856, 307.733005496033, 136.92060341098113, 313.37373647803906, 162.49757414701162, 142.5323951530154, 125.67763662204379, 167.607531799993, 139.84896239300724, 68.75287558604032, 127.27649638004368], "random_state": 48}