{"TreeBasedRegressor_Representativity_self": [10.411849959986284, 4.742489641997963, 13.852031440008432, 6.589371853042394, 4.775633787969127, 6.157908427994698, 3.0717914560227655, 4.00290279998444, 1.8989350299816579, 4.61543669103412, 3.2112430940032937, 5.29233614198165, 5.187320195022039, 1.8235812550410628, 4.171795255038887, 1.8357185359927826, 3.9663641239749268, 4.131105298991315, 1.6912679739762098, 0.8167993690003641], "random_state": 48}