{"TreeBasedRegressor_Representativity_self": [767.8874335360015, 857.939340070996, 848.1658320850038, 820.8402633000005, 513.1540520999988, 805.6203270199985, 634.0442277530019, 637.4482552760019, 425.72940932000347, 493.0648632559969, 430.6018011940032, 295.21213560400065, 471.5954316139905, 391.67741707499954, 372.55347520099895, 298.3148580870038, 291.87305536700296, 235.9407748520025, 187.23540999100078, 160.20550397000625], "random_state": 34}