{"TreeBasedRegressor_Representativity_self": [850.4993814850022, 812.5180465570011, 850.9158126560069, 821.3740549279901, 864.7954498899926, 859.9659951720096, 640.9186468170083, 630.0960478830093, 620.3253735249746, 499.7136949679989, 506.8000940789934, 179.7498173910135, 365.9060000219906, 183.27799884599517, 171.2528214630147, 122.60013092900044, 165.31128245798755, 51.235316837002756, 69.84543778601801, 83.72500643599778], "random_state": 47}