{"TreeBasedRegressor_Representativity_self": [602.1558365609999, 679.1526564699998, 624.0670549889983, 518.1844345829995, 595.2237201099997, 491.06576942099855, 472.4223149440004, 473.8454043790007, 465.43004745000144, 344.9002847940028, 383.18348481299836, 292.39277601699723, 272.39749675700295, 224.7814004259999, 250.56477446600184, 188.44287062100193, 233.7041030179971, 233.5524707519944, 204.95806759699917, 207.2225202450063], "random_state": 31}