{"TreeBasedRegressor_Representativity_self": [862.8073525460204, 996.0424712240929, 1003.8764795159223, 724.6301881580148, 691.890204268042, 288.6693693479756, 404.05620473995805, 374.56246365001425, 231.51470819592942, 192.38038608792704, 103.5648108930327, 107.80938364099711, 72.0168623420177, 300.9297818330815, 137.6507317640353, 74.33608956693206, 96.64900754205883, 185.4512275659945, 214.75595254299697, 260.52933087106794], "random_state": 30}