{"TreeBasedRegressor_Representativity_self": [11.148450155742466, 6.188852636143565, 9.238514434080571, 13.877110943198204, 5.133360691834241, 5.108349682297558, 6.935433900915086, 2.278176302090287, 0.7543766051530838, 0.7932942691259086, 1.1602679081261158, 4.022529891692102, 6.345961994025856, 2.4839397305622697, 3.472824615892023, 2.6920973216183484, 1.6656878711655736, 1.1166722951456904, 1.1957461908459663, 0.6534506450407207], "random_state": 30}