{"TreeBasedRegressor_Representativity_self": [1265.0699350551004, 742.1445953570073, 561.2188515940215, 329.2892161300406, 269.93050998297986, 347.35543825896457, 286.7253116479842, 179.24587870005053, 282.93278757098597, 421.6182060959982, 385.678259221022, 417.0535416599596, 106.66168065508828, 142.66263624606654, 150.9356599630555, 141.7227219119668, 103.82367031706963, 137.66176421497948, 96.26535078301094, 334.4684135708958], "random_state": 46}