{"TreeBasedRegressor_Representativity_self": [567.1998410579981, 594.1661884220011, 605.966123225, 575.6248125240018, 372.5976294889988, 609.0933732400008, 443.651437333996, 443.8659077199991, 391.3473084770012, 377.9589769860031, 297.3363568019995, 200.5166461359986, 263.82890027199755, 368.0478727860027, 245.00645583599544, 277.6109983080023, 177.85181098099565, 190.0619009879956, 150.56352520699875, 130.8559592130041], "random_state": 49}