{
  "mae_mean": [
    0.6336790223558322,
    0.5606282579241331,
    0.41688802376559436,
    0.41762071133837286,
    0.380869138127074,
    0.28989841703277897,
    0.26357495649859325,
    0.2544044520453658,
    0.24165464414308616,
    0.21183258143112066,
    0.21185663118406745,
    0.20622399458221263,
    0.18231249129261168,
    0.197145537504437,
    0.16660160214358694,
    0.1679789373834823,
    0.1482785959750031,
    0.15008486810254035,
    0.13804232723339643,
    0.1361128869953701,
    0.12599140978743537
  ],
  "mae_std": [
    0.23768437879149448,
    0.27470557387625205,
    0.15935484280140474,
    0.16399345105214183,
    0.15415886000882792,
    0.11648430776818595,
    0.0773689643986729,
    0.09719874411921785,
    0.10044274134558943,
    0.08795948917733934,
    0.08356097345819971,
    0.09215108326526308,
    0.0654456969377879,
    0.0709381665101909,
    0.07336378579308629,
    0.08902134590085024,
    0.046983609782345497,
    0.033551273421048536,
    0.03482043797394373,
    0.046196085705975824,
    0.034276784770325364
  ],
  "rmse_mean": [
    1.3453132760767308,
    1.2435765342498255,
    1.0659813975806725,
    1.0140012892655061,
    0.8590893263014496,
    0.7086262374485253,
    0.6385716175119984,
    0.6240898951899381,
    0.6143971223106364,
    0.4354118639370578,
    0.43249129470735487,
    0.4023439455259827,
    0.3360589099861781,
    0.33552144609906226,
    0.31336656109373345,
    0.3006061212991874,
    0.2646610816895213,
    0.2653020647481598,
    0.25355168025835617,
    0.24717741253418918,
    0.2438846099428978
  ],
  "rmse_std": [
    0.3292128561667643,
    0.43644301923605083,
    0.3485628213417819,
    0.35507801146096574,
    0.322021600660111,
    0.28364896790273647,
    0.25024952340439016,
    0.32070422021903106,
    0.5538092714927197,
    0.139468678367184,
    0.1607930584322674,
    0.17382038119168258,
    0.11162878403602604,
    0.120883450005293,
    0.1241253660644666,
    0.14944220344603423,
    0.07550214145367047,
    0.06927597424814119,
    0.0803002833620863,
    0.0709876731347399,
    0.07885267232635572
  ],
  "r2_mean": [
    -0.022770797329983467,
    0.1828587469733887,
    0.38777848431779993,
    0.4539696431076128,
    0.5723819641417967,
    0.6882046680312299,
    0.7797871731962406,
    0.703368166742554,
    0.5157822189997118,
    0.8821373615730614,
    0.8934168927299521,
    0.892830127482266,
    0.9295921932548981,
    0.9276555670278981,
    0.9437072675265368,
    0.9475188866070738,
    0.9592052465037886,
    0.9581823382438642,
    0.9619670449524798,
    0.9634576808213916,
    0.9653357679844341
  ],
  "r2_std": [
    0.511291235292369,
    0.3412031936785505,
    0.26084726051940255,
    0.20704387013305287,
    0.30873302980293194,
    0.30644018191875694,
    0.10699287882317189,
    0.5178067219797817,
    1.515579743075814,
    0.09544005775061318,
    0.06776852263978728,
    0.11419192392539329,
    0.05418604756694413,
    0.05460034623357247,
    0.031067553576463364,
    0.03617962170356245,
    0.019936230712969964,
    0.019985539225794925,
    0.023377671446662345,
    0.023218174012466137,
    0.018867267040947672
  ]
}