{
  "mae_mean": [
    0.688028867956182,
    0.6543508716081807,
    0.7033203007226632,
    0.941003355714215,
    0.8920682467655798,
    0.93891461878956,
    0.8271203511384222,
    0.8548118813532077,
    0.7265744461247854,
    0.7181283663645374,
    0.6969341880152463,
    0.6644190468941906,
    0.5960072226850102,
    0.6401760386265893,
    0.6251320926961099,
    0.6326625549710465,
    0.6014285951985001,
    0.5536284799286111,
    0.5979554002171881,
    0.5641309831654755,
    0.5969913263139512
  ],
  "mae_std": [
    0.32892180201247756,
    0.35628800779093306,
    0.4562805705169994,
    0.6664957371759699,
    0.5458536427243365,
    0.5780536772634789,
    0.5291649308841574,
    0.48325170799880407,
    0.28314387783972683,
    0.2979832157289261,
    0.2734814118458857,
    0.313739713246488,
    0.2504413326057416,
    0.3011669508747198,
    0.22983504035408064,
    0.21113693342620782,
    0.19182751935246445,
    0.2118725583425051,
    0.21353419351625555,
    0.20540525921576247,
    0.17648439899809462
  ],
  "rmse_mean": [
    1.3901027108805768,
    1.4269240087217443,
    1.615423787844134,
    2.091824483675338,
    2.0687041572628853,
    2.1134108608710673,
    1.8644489699703655,
    1.965425814959832,
    1.644757295423441,
    1.529957868086226,
    1.532106260552325,
    1.4683666865580993,
    1.3465009918557622,
    1.4060185436377264,
    1.408750782696801,
    1.442285560684086,
    1.3881255443667995,
    1.2724895661498923,
    1.3782940483921446,
    1.2385013395495836,
    1.31973759209033
  ],
  "rmse_std": [
    0.507481056165897,
    0.5861926715323621,
    0.9554711737175475,
    1.3877202001487419,
    1.3402038359223003,
    1.3256395729086643,
    1.0690519132859646,
    1.1499245301885206,
    0.5733933056423246,
    0.5131060359752282,
    0.5354651049818779,
    0.565125801245231,
    0.5413962705510794,
    0.48013962409801253,
    0.3660548799398477,
    0.4160420925410833,
    0.3909148007873339,
    0.4107603852126043,
    0.44814561621487237,
    0.3749565941645126,
    0.36720548296031713
  ],
  "r2_mean": [
    -0.10736351308799089,
    -0.26139938729093815,
    -1.190282659294906,
    -2.5320484604905618,
    -2.418916724246219,
    -2.3155560347042323,
    -1.679297359944013,
    -1.904302794249721,
    -0.795587258670564,
    -0.5311815029774379,
    -0.5062629817385007,
    -0.42566171548540943,
    -0.3011212556530535,
    -0.2121492841005573,
    -0.1961856697279695,
    -0.32466989471479113,
    -0.18248507944449072,
    -0.022854838574458487,
    -0.2526731977797531,
    0.021133398928222018,
    -0.0767524795917939
  ],
  "r2_std": [
    0.8567950680366195,
    1.1697013703017265,
    4.176693482756495,
    4.990375986366893,
    4.50750378207029,
    4.220537128204019,
    3.5246291419287603,
    3.571149713317223,
    1.4885034330821385,
    1.354841750227309,
    1.3306335227916184,
    1.361904085869796,
    1.5131846478036757,
    0.896116342876841,
    0.8117614924918168,
    1.221727747213569,
    0.8286869040194653,
    0.8527347959299324,
    1.2589540158150567,
    0.7764819742658995,
    0.7687610541337917
  ]
}