{
  "mae_mean": [
    0.7286632149947884,
    1.1749101673669649,
    1.8230643294420905,
    2.0715002191831426,
    2.075371110991067,
    1.9204888364717387,
    1.8394721951291657,
    1.7586318902442823,
    1.7397512920373426,
    1.6089705428214558,
    1.5469616310965435,
    1.5101474219781204,
    1.3952700940302156,
    1.3425933226056055,
    1.265362535199389,
    1.2263635346945985,
    1.1793438139469128,
    1.1457208933825718,
    1.1685791902794065,
    1.1500500407160312,
    1.137856367857287
  ],
  "mae_std": [
    0.24266832389868456,
    0.736164561553566,
    1.0377969828611773,
    1.1798060083156623,
    1.2806086043186706,
    1.0770747119371167,
    0.9278811001396912,
    0.8043788178387036,
    0.6990076065210507,
    0.5755020075378899,
    0.5236342444850134,
    0.42888350186042556,
    0.37042088757205427,
    0.36712027380971046,
    0.3467979133488784,
    0.3353360952191411,
    0.30314355352621425,
    0.27023104052524616,
    0.333266077915395,
    0.3231064852873378,
    0.2920714742917314
  ],
  "rmse_mean": [
    1.4139935718423335,
    1.7826186101695591,
    2.502221222548336,
    2.7948190999818885,
    2.77849898953883,
    2.5943908076805746,
    2.452074870358678,
    2.361888937289103,
    2.2583594678020034,
    2.0858004430978383,
    2.011154213406498,
    1.964698178187693,
    1.8354127042114485,
    1.7834458007209393,
    1.6989845090464932,
    1.646763941151848,
    1.5809397069585303,
    1.5471835232585545,
    1.5726099188368337,
    1.5509037150608393,
    1.5394631451705538
  ],
  "rmse_std": [
    0.31828948593943396,
    0.7564088039465411,
    1.3230661181767016,
    1.5751621057494887,
    1.5691109311585318,
    1.341494846201814,
    1.1598389022951547,
    1.0070731344167745,
    0.8525942412057426,
    0.6783465487364969,
    0.5950552552603027,
    0.5037201096678466,
    0.4426859372031224,
    0.4444135601978838,
    0.4250569874929019,
    0.4259799225887995,
    0.3877829224670641,
    0.36438162670122803,
    0.4270945485946015,
    0.4202534884846632,
    0.38541649613573
  ],
  "r2_mean": [
    -0.0822167247467523,
    -1.2837370096062553,
    -3.2317136306479,
    -4.365158854508124,
    -5.153572940855991,
    -4.242082404838978,
    -3.5354176942597575,
    -3.0187065217122906,
    -2.615718602840822,
    -1.9451620483295429,
    -1.6565151670680645,
    -1.450429656845985,
    -1.0848398198849876,
    -0.9630823792054649,
    -0.7453342038877154,
    -0.6352804886243077,
    -0.474982171192068,
    -0.4005985114481514,
    -0.47503916410097896,
    -0.42231319287639774,
    -0.40096997188217964
  ],
  "r2_std": [
    0.3293787745967485,
    2.9500412807605416,
    3.870554015461554,
    5.6583074759119825,
    8.786412914839957,
    7.319125734445958,
    5.789057033599558,
    4.618132113574634,
    3.9478416264146783,
    2.7489594695939714,
    2.208237329669902,
    1.7379659411824822,
    1.3680203215145452,
    1.3105905377665326,
    1.0659378461894384,
    1.001382906673453,
    0.7920042620335841,
    0.7178367331917826,
    0.8834335927980199,
    0.827174959808555,
    0.7746838826108097
  ]
}