{"TreeBasedRegressor_Representativity_self": [571.2676019350038, 603.3001947659941, 613.0181704679999, 588.155377254996, 586.8593108450004, 594.6319180119899, 462.1501112880069, 381.30947045200446, 359.7995358240005, 283.8486454829981, 267.6960331950104, 230.03288774700195, 195.68992820598942, 199.18859101898852, 202.36477685499995, 158.14184257900342, 212.01459128699207, 171.51484013700974, 120.7849709919974, 110.72058858200035], "random_state": 45}