{"TreeBasedRegressor_Representativity_self": [588.5370364649998, 746.5762744759995, 725.1357987609999, 591.8028228920002, 478.39413951500046, 609.1214216750004, 470.0206855209999, 469.21763855599966, 456.2331614960003, 254.80782006699883, 193.96677672999976, 426.31411766699966, 232.7028236490005, 94.95934541899987, 237.99907353900016, 81.28101804599828, 94.84313578799993, 194.822607823, 207.07866490000015, 142.69892222899944], "random_state": 40}