{"TreeBasedRegressor_Representativity_self": [217.372452245967, 492.4207776520052, 253.39359924395103, 174.30099422798958, 196.20084312697873, 279.7569301240146, 267.66943594801705, 175.9873712140252, 452.2831257779617, 191.71044857997913, 273.44498854799895, 132.80244297801983, 161.78333579102764, 248.68485075200442, 219.78081399999792, 179.32448412297526, 242.7290256569977, 211.4329842629959, 132.90620760101592, 78.10441375995288], "random_state": 33}