{"TreeBasedRegressor_Representativity_self": [816.9359989199729, 961.1718355440244, 844.3440425459994, 851.5753420729889, 880.5115483489935, 862.8241472360096, 887.766994353995, 651.9999345660035, 285.85786402999656, 277.0082119879953, 293.50753493001685, 325.0034914870048, 391.0506020380126, 141.43758068900206, 207.601499625016, 220.93372914902284, 144.76794756102026, 143.6345511660038, 56.627676850010175, 58.59283741199761], "random_state": 48}