{"TreeBasedRegressor_Representativity_self": [748.1823646189878, 247.4727336319629, 273.1735785729834, 400.76251831802074, 817.0199098690064, 277.4711906730081, 164.63890953402733, 182.04323086701334, 268.62943115399685, 220.92715835297713, 287.1097309120232, 285.2762167319888, 475.76762019796297, 200.20745129295392, 184.69989904999966, 180.93154159502592, 240.26985057001002, 157.02261365402956, 124.47490292199655, 80.21221809199778], "random_state": 37}