{"TreeBasedRegressor_Representativity_self": [10.550948258955032, 13.166835826355964, 13.061459201388061, 4.530834153294563, 4.894292464014143, 5.103953082114458, 9.757816232275218, 5.122538804076612, 2.6701283720321953, 1.919017017353326, 2.1940608262084424, 5.586545132100582, 3.8497561560943723, 1.6581334043294191, 2.5957931857556105, 5.87790935812518, 1.3396919248625636, 2.983067400753498, 1.2264336869120598, 4.8749500419944525], "random_state": 37}