{"TreeBasedRegressor_Representativity_self": [570.4059937889979, 637.739431299, 618.6467668090045, 670.3304218070043, 435.0509611919988, 444.85691187500197, 304.9910537950054, 359.16943820999586, 364.01774260199454, 409.7928845540009, 328.2946884279954, 307.32965176400467, 368.82390296299855, 244.36159058200428, 262.18300695100334, 211.1541305580031, 222.38941306900233, 177.14721618900512, 172.5708222769972, 122.96956100800162], "random_state": 48}