{"TreeBasedRegressor_Representativity_self": [807.2543773729994, 931.3082384519803, 840.6006887470139, 846.5921763669758, 845.1540658489976, 612.7007096890011, 414.9056420059933, 391.86481592198834, 368.4018339070026, 378.6625233619998, 237.37234810300288, 276.4325633579865, 271.4933517530153, 136.64517273000092, 557.1505232779891, 299.9680122540158, 302.4341491300147, 302.1168561759987, 292.29841325897723, 298.56242652999936], "random_state": 48}