{"mae": [0.36872630769949005, 1.1882279126301711, 1.1199776261131171, 1.0781100660562712, 1.8558947513617787, 1.7945382223154949, 1.7862318309517877, 1.0353686675967757, 1.0277252393546912, 1.0259298019329526, 0.9716623479322277, 0.9490887272298406, 1.0980196941095803, 0.5229171577978196, 0.6687079897284834, 0.6513109841265452, 0.7185730815595698, 0.6165495228373099, 0.7120777757187953, 0.5729895245962947, 0.5119214225865596], "rmse": [0.8829986701839911, 2.2280753422715356, 2.1556249401572907, 2.1179616988285406, 3.538388092725809, 3.5054906936953243, 3.482156249024556, 2.105020696039447, 2.1041877856858036, 2.108196869376555, 1.9675306666053654, 1.870329446683375, 2.4606000548313633, 1.2755202193831652, 1.5709604865447853, 1.5581844426396343, 1.703532479237099, 1.4890428593019218, 1.6936608251509897, 1.2627433516582292, 1.1921541976412233], "r2": [0.4086734892351731, -2.76501747071638, -2.5241440364776557, -2.402071643837727, -8.495507491908223, -8.319763418817645, -8.196101587295127, -2.360624514846867, -2.3579655906971255, -2.3707735634613516, -1.9359609254569694, -1.6530380211791558, -3.5918670965326474, -0.23390562983290697, -0.871706610651606, -0.8413866017168334, -1.2009394117932728, -0.681595930004175, -1.175505249437303, -0.2093094099677555, -0.07788422394205408]}