{"mae": [0.9800996208687058, 0.7198529452689516, 0.6852159604792875, 0.47338799904942375, 0.5854471223831911, 0.422181232833346, 0.5116226180025759, 0.6242012197296997, 0.4392282055598689, 1.4934117430540887, 1.2399073082250103, 1.5992596140931532, 0.7569593674236368, 1.6113381672493226, 0.8436161182192996, 0.904074631135656, 0.6832064744461221, 0.8304764903371309, 0.6765409463490004, 0.6516616740326457, 0.6436164463409523], "rmse": [1.9375676370853334, 1.4211669539938883, 1.4650534277529648, 1.2426986018251565, 1.4357572098882512, 1.20740962430947, 1.3060481962197446, 1.4900891213555885, 1.1992963652241573, 2.5843650401508316, 2.4069260730663777, 2.874116412753196, 1.9604548924232412, 2.776990228995383, 1.9380002120788427, 1.953576656804848, 1.8905625069133862, 1.980969214158593, 1.8872098648825537, 1.8602903300911835, 1.85651208441693], "r2": [-0.22955769185956498, 0.3385068244985895, 0.29702141861367604, 0.4942140202866834, 0.32485480850269377, 0.5225318203212096, 0.4413322848628304, 0.2727903130232142, 0.5289270117782534, -1.1874739117067894, -0.8974077498787578, -1.7054771898486205, -0.25877722192045427, -1.5257122494556903, -0.23010676717732892, -0.24995990323227546, -0.17062352873111397, -0.2852588997772265, -0.16647534352193305, -0.13343501311222927, -0.128835680311693]}