{"mae": [0.5655779725035506, 0.49843433530267683, 0.48555029074695616, 0.6647614585062418, 0.6599919068989424, 0.9933239323688426, 0.6791352217806811, 1.8241789248231044, 0.9569511320584498, 0.4949046377894651, 0.5960146602618261, 0.5797069226196864, 0.37500864886000135, 0.5697439989673808, 0.5677071208014951, 0.702277838343767, 0.7240269839207714, 0.4698813633690931, 0.461002089327242, 0.4879244540298176, 0.4820542279679761], "rmse": [1.3792933202648403, 1.3737792916672595, 1.3738160022452213, 1.7525094268738073, 1.7449690056556624, 2.511870989404477, 1.8059393388718876, 5.080320946082952, 2.470987551131832, 1.1219118256993827, 1.3953283382145676, 1.3670828159403785, 0.9149553246645841, 1.3367198460076215, 1.3248951567753096, 1.685039431923151, 1.7248513049208356, 1.0686766464608775, 1.0447830470375192, 1.2149256872788379, 1.1968636395180108], "r2": [0.18845176213999915, 0.1949274775329375, 0.19488445013739442, -0.3101523453071313, -0.2989023659639414, -1.6915083616059907, -0.3912570877108963, -10.009899938645395, -1.6046069074441989, 0.46306894336124926, 0.16947271976043088, 0.2027569870956316, 0.6428909544954309, 0.23777732352666991, 0.2512029958955022, -0.211214914061433, -0.26912499157079184, 0.5128152212612735, 0.5343567549899786, 0.3703481233500263, 0.3889307639885008]}