{"mae": [0.6564568100100764, 0.4238348137942937, 0.4221699659435244, 2.580616297259813, 1.8862785355376475, 0.46189860977929, 0.5066376084318701, 0.9031664106490356, 0.9030013254592449, 0.4842050919285426, 0.4949545930387283, 0.49055157976131547, 0.49051182983646197, 0.48571170096267186, 0.478176653101727, 0.47685863919134325, 0.4771307184298435, 0.4658772546494136, 0.4636540514173737, 0.4551551800554658, 0.4473003548377921], "rmse": [1.1964036769390578, 0.8488696891694227, 0.8706193783920614, 4.629533243028825, 3.458272316744936, 1.053643522395982, 1.1438854627422725, 1.834214952160753, 1.8229321792919826, 1.0880537063661175, 1.118335609579762, 1.1155538746588034, 1.120842159665888, 1.1214237505868563, 1.120884245110956, 1.1200835512546157, 1.122545993773345, 1.1175184870412525, 1.1148089699248038, 1.1052109057620014, 1.0991573515874724], "r2": [-0.3616207503858393, 0.3145390227383096, 0.27896334701984415, -19.38802215956465, -10.376772127178173, -0.056058766627901546, -0.2447030807899826, -2.200377009000364, -2.161125264662689, -0.126163243401616, -0.18972062482850127, -0.1838093914030221, -0.1950596951857655, -0.19630021988486224, -0.19514944120924227, -0.19344256197501353, -0.19869576667160893, -0.18798269862041983, -0.1822289553112202, -0.16195954124677514, -0.14926563562637063]}