{"mae": [0.6742071697142415, 0.6161757446442632, 0.6227590650227411, 2.193283194814939, 2.142135691500117, 1.83217563365515, 0.7970856429475983, 0.6241581839857004, 0.6301628257785443, 0.6219962861330413, 0.6163583323529137, 0.5987392537929587, 0.5906260543319166, 0.5867750075336108, 1.111988197233311, 0.6978934710424765, 0.6823503833736538, 0.5871770784013323, 0.6825981532280646, 0.6630603039192189, 0.6810371995340956], "rmse": [1.9289510831987478, 2.020846363499745, 2.0368448852438568, 5.898814930616416, 5.871595599947207, 4.744910099398702, 2.190946357060513, 1.5662726210222933, 1.5272484725325906, 1.50887580411466, 1.488363119328533, 1.4122343621893767, 1.397122030445754, 1.3848279976036937, 1.8945930521274574, 1.7025259993264454, 1.6876533780691176, 1.4931493659994328, 1.6914787766864854, 1.5467669594529403, 1.6938607590948862], "r2": [0.1683933743359699, 0.0872704601302502, 0.07276156417732116, -6.776873840387206, -6.705268640051434, -4.031894057355803, -0.07284998872497028, 0.45171012656779175, 0.4786913742815554, 0.49115852740588617, 0.5048995603968987, 0.554252351320891, 0.5637412067005343, 0.5713851807769641, 0.19775430975475872, 0.35216707341894804, 0.3634360819639786, 0.5017101733825362, 0.3605470164810669, 0.46528140745748114, 0.3587447612489373]}