{"mae": [0.4943117049052525, 0.4430849931056009, 0.6328582574868322, 0.9189716509857723, 0.6661020027108504, 0.926172150151103, 0.9346537020426088, 0.934079684747526, 0.9348059699882094, 0.46219509699835964, 0.8935512205537222, 0.3930500854681306, 0.4791105079574728, 0.6965145045777329, 0.5661831774319087, 0.5769242880748007, 0.596760529231018, 0.5783971979860145, 0.5698195415732809, 0.27327336423673687, 0.5597248534804586], "rmse": [1.2343269565847312, 1.3191682720065283, 1.6668684620239995, 2.263717868036054, 1.1309368348944866, 2.2488373220719526, 2.2457689739944993, 2.244935522890874, 2.2427513107266672, 0.9483346082871821, 2.1723295563763525, 0.7904032040434213, 0.9525216016176066, 1.7026326071991715, 1.5744167213026987, 1.5796704251489286, 1.5928576647676145, 1.5821490494033061, 1.5778354175738798, 0.5466050934833945, 1.5735142718950323], "r2": [0.36253128277647617, 0.2718869004313268, -0.16252180921982395, -1.1440901793498273, 0.4648504695824054, -1.1159944803093542, -1.1102242289663438, -1.108658224292443, -1.1045569783467113, 0.623710890095277, -0.974466966713077, 0.7386058679207314, 0.6203808459951384, -0.21294286062431333, -0.03714108140032768, -0.04407434522438547, -0.061579172248834135, -0.04735338145379431, -0.04165007808808818, 0.8749896996749943, -0.03595245186466345]}