{"mae": [0.4792528803392358, 0.4873805740227694, 0.4720054861896646, 0.5269195552086929, 0.425337368035487, 0.422873699397616, 0.44526300815017994, 0.4441911186903461, 0.5132025775286145, 0.6040405334427819, 0.4927753435945063, 0.4502238085605338, 0.44819489232920556, 0.44394390178544835, 0.4441205434796653, 0.4534784632422517, 0.3468297821085418, 0.32936821838708297, 0.3302341623765139, 0.3555096632804582, 0.40846354329336726], "rmse": [1.4949639036154059, 1.439771820060661, 1.4603901643891157, 1.4847002105860814, 1.3983655351535444, 1.3947673407627899, 1.4027332673824298, 1.4065699577726891, 1.3067944179059265, 1.4132273948716707, 1.2921253147204685, 1.2080474970262043, 1.2051070685651064, 1.205730337701551, 1.205737549092936, 1.2295561808340187, 1.0615718999829837, 1.071469668876429, 1.081025066258049, 1.058153927778277, 1.1306945313930483], "r2": [0.2311806900861917, 0.28690037572019633, 0.26633015683206684, 0.24170112840632618, 0.32732654082778945, 0.33078385692514, 0.3231178472940004, 0.3194100307188975, 0.412541204058555, 0.31295218240602907, 0.42565593241482813, 0.4979685909267577, 0.5004095394857406, 0.49989263962823505, 0.49988665739392857, 0.47993260859757014, 0.6123304431908406, 0.6050677199040223, 0.5979922755430076, 0.6148228049986382, 0.5602017946066984]}