{"mae": [0.44609089141075525, 0.461267783596814, 0.4393996878150275, 0.4460566278682425, 0.4193664728490334, 0.6262185984641249, 0.5864431417592137, 0.5552713607834916, 0.6572620871580451, 0.6488104150832947, 0.6438918667932958, 0.6405069229580571, 0.5924404374115297, 0.41466752731293577, 0.406582246881331, 0.424303517309564, 0.5957963089041746, 0.5469019230549903, 0.5903065067124991, 0.5299280990669435, 0.48674856288534635], "rmse": [0.8472231219615531, 0.8840208795410691, 0.8706971244229456, 0.885360276086982, 0.8658776573447587, 1.2287141109263346, 1.3100581504138527, 1.060604957914504, 1.3395914575676455, 1.3354924406425124, 1.3340625662480943, 1.3328912240062305, 1.3698432220848424, 0.7765338027776874, 0.7734363316320116, 0.7773813973062693, 1.0786712957110705, 1.3532152096603787, 1.038400932471767, 0.9677221697180156, 0.9166768088028374], "r2": [0.5554309270399185, 0.5159739977827471, 0.5304542998539175, 0.5145061729873749, 0.5356379556450583, 0.0649273826838086, -0.06297926819498567, 0.3032917496460642, -0.11144604915929235, -0.1046546263894712, -0.10229044708844359, -0.10035561650390834, -0.16221206067989669, 0.6265225555302524, 0.6294960986936659, 0.6257068017274503, 0.27935414751729415, -0.13416799674940938, 0.33215791008975226, 0.4199772493577091, 0.4795534476767963]}