{"mae": [0.8321701307794215, 0.55943025972436, 0.4548092182887901, 0.4607510940748549, 0.7291629621810681, 0.7257484743978456, 0.4805590973066305, 0.38123772980099807, 0.4198037365721152, 0.4301937442723287, 0.4446939188201519, 0.4334483232108451, 0.46060834378282484, 0.4547936359820533, 0.44520265610931486, 0.5891848030218565, 0.5860367536487633, 0.42235315404555845, 0.5132817830626587, 0.41195215063670715, 0.5139448133059639], "rmse": [1.1194313401710934, 0.8973337236700809, 0.8194918839800661, 0.8446555580038974, 1.2087736332538654, 1.0837109868266501, 0.9222934747585985, 0.9434400895425624, 0.8065758401449172, 1.01834998956144, 0.8602571276191007, 0.856946271808915, 0.8977926428987809, 0.8953279212264746, 0.8928450956855033, 1.1543436854381344, 1.1771738543575905, 1.0569055656045085, 1.32418310248462, 1.0538904971775689, 1.3302712004319017], "r2": [-0.11856054718072961, 0.2812587778232857, 0.40054872551065723, 0.36316948898287826, -0.3042310364782186, -0.04831434087747355, 0.24071845113844403, 0.20550123255791775, 0.4192957658610085, 0.0743246459853083, 0.33942652084088676, 0.3445014102333741, 0.28052342484601434, 0.28446837889932175, 0.28843134462091014, -0.1894189061612892, -0.23693189885067478, 0.0029040688204029497, -0.5651669098579788, 0.008584849500165026, -0.5795920970779604]}