{"mae": [0.4559003394906139, 0.43180952417122437, 0.3571269567549421, 0.354781003504888, 0.6892063190727848, 0.5159177743252376, 0.5496661211987723, 0.8061688232878466, 0.7643871689223081, 0.7506095786547737, 0.7424215697549805, 0.6099216302104583, 0.6004833905819419, 0.6011579427795946, 0.6052581727029874, 0.607282810265472, 0.608218738485713, 0.6054872352640188, 0.6019805332618129, 0.521677295259715, 0.5802490112575766], "rmse": [1.0188918097968969, 1.140384995394602, 1.0756803690180328, 1.088042385915514, 1.9776453942201988, 1.3802139701856722, 1.797239593205398, 2.1587532112885035, 2.155537272574273, 2.1479181556382874, 2.0813728236309377, 1.6844162545043095, 1.6670446348531978, 1.6805723336482887, 1.6654438744287838, 1.6734787955825128, 1.6783132321258531, 1.6630364304561909, 1.6564187781664776, 1.4684494167324005, 1.610650446246324], "r2": [0.30958737024732363, 0.1351205587700035, 0.23048149028335474, 0.21269281816990926, -1.601054363016254, -0.2669090039211668, -1.148149684121882, -2.0992640457959615, -2.0900368500937714, -2.06823092413337, -1.8810602747650984, -0.8869110693259474, -0.8481918089697369, -0.8783088478907877, -0.8446441032826728, -0.8624859812705212, -0.8732624261672814, -0.8393149922963761, -0.8247058963267606, -0.43407071445142664, -0.7252624868704138]}