{"mae": [1.2456149561095817, 1.093050353705227, 0.8149041566019141, 0.8824370278384157, 0.9035804611987684, 0.8886946507177301, 0.8980205074345975, 0.9069610930858338, 0.8962645720132691, 0.88352737913406, 0.8939006096666755, 0.7878295493347397, 0.7287159827102154, 0.7085932999924067, 0.7037944557073308, 0.6921468940016192, 0.6859982654935696, 0.7084837558594372, 0.6886873276404604, 0.6766796983320966, 0.6530105953015582], "rmse": [2.1450247467353702, 1.9785119562824143, 1.7255379960943793, 1.6565260589104878, 1.736962289673698, 1.7118836353064995, 1.719427205873937, 1.717692752759648, 1.6995323823875217, 1.6810010438112877, 1.700804704625973, 1.4946442365040216, 1.4205101471049724, 1.3983347551016763, 1.3915219260466098, 1.3715095275331703, 1.3595004975943545, 1.3497497897718986, 1.3164979344795227, 1.289627073357755, 1.2429821079554184], "r2": [-0.36058133906730694, -0.15754332370529656, 0.11954137948486265, 0.18855994733538706, 0.10784425614847637, 0.13342056804036762, 0.12576641897190377, 0.127529276239719, 0.14588021094388726, 0.16440494243309822, 0.14460089154102884, 0.3394045776839272, 0.40331025074089877, 0.421794524116495, 0.42741495073246427, 0.4437659714072023, 0.45346417100842484, 0.461275864014812, 0.4874924584637196, 0.508200390182799, 0.5431331460329523]}