{"mae": [0.5298458966876831, 0.5156658598384296, 0.5952496779650699, 0.5576990896266487, 0.5189193104508232, 0.36011019351693024, 0.3481419389889176, 0.3697775896137087, 0.3503680855521816, 0.7525601946850596, 0.3327053730752071, 0.32563779205018023, 0.4036159486979234, 0.8132275822154648, 0.8102775584585952, 0.8116062586999925, 0.3108081573476493, 0.3039770444346267, 0.8048454466084882, 0.906745290351025, 0.8621205877953473], "rmse": [0.893722171270446, 0.9164322840330092, 1.0557444615690323, 0.994386631443186, 1.1166207461716773, 0.564619209100539, 0.7458061429016845, 0.5602731513172506, 0.5495973073590477, 1.1930555438456099, 0.5376323263641147, 0.5409154878255336, 0.7020561789246694, 1.463916097039178, 1.4623718481749266, 1.4616577260028498, 0.5317888062880931, 0.5275612625866939, 1.453041334384651, 1.5299338412258394, 1.4823281150138456], "r2": [0.4025481550986516, 0.3717990297544772, 0.16628912553714603, 0.26038042526677463, 0.06737032992443714, 0.7615435131155391, 0.5839459490343377, 0.7652003392001969, 0.7740631678307339, -0.06468017892595523, 0.783793577758836, 0.7811448977911983, 0.6313267948121861, -0.6029877930423952, -0.5996076724762696, -0.5980457764472709, 0.788467926866907, 0.7918177775375528, -0.5792605258408847, -0.7508266347943349, -0.6435636756320962]}