{"mae": [0.5515960151005163, 0.4366696042905037, 2.3976090136420565, 2.2214494782790326, 1.8722754808648543, 1.8609555415790253, 1.9128970675350623, 1.9036840697549262, 1.5561738264031182, 1.429805494154062, 1.3979856662048398, 1.3699814883951549, 1.3506729025623339, 1.2784140140445528, 1.2380629777788297, 1.3214868260597175, 1.2263418656379672, 1.2289731180145298, 1.316558786188355, 1.181571906828589, 1.1658716300857832], "rmse": [1.2276760036340426, 1.078255808909595, 4.897592507541187, 3.953681410145059, 4.605033240686777, 4.593457925555445, 4.069509385723098, 4.088828898783849, 2.844544961016435, 2.757846860467731, 2.7772774383334653, 2.8179289990972842, 2.808952212866375, 2.296234382355402, 2.2722985644973503, 2.7790270771134176, 2.2463668265863643, 2.2553451287683743, 2.768816898065371, 2.1606547543260812, 2.1448157488441897], "r2": [-0.23310906941587395, 0.04878745191662448, -18.6245295059481, -11.78902095880196, -16.350000696449506, -16.262887614942624, -12.549337683322403, -12.678290799987364, -5.62002398567299, -5.22263390742099, -5.310626690180984, -5.496718515923106, -5.455392590478226, -3.3138633982032255, -3.224397198429701, -5.318580375292854, -3.1285287355424085, -3.161596579455235, -5.272236584558735, -2.8194841564502378, -2.7636908004758904]}