{"mae": [0.6044847684122989, 1.1489901332984074, 1.0641043943012483, 1.0488199894347248, 0.8047657494144912, 2.117287521212094, 1.9044979264233333, 1.8745486064371197, 0.8664604779023664, 0.8561726045044071, 0.8453977184440428, 0.8718252497265789, 0.8818218369405503, 0.8266903597469522, 0.8155336239991324, 0.8361658822358158, 0.8270688647655376, 0.8296715018432199, 0.8227989958947907, 0.8163344077073197, 0.6767516216666485], "rmse": [1.223049966740481, 2.63187068868348, 2.4065523619430906, 2.380824110656934, 1.8242417348083648, 3.8634793136405725, 3.4944393060368033, 3.46777122544666, 1.7667880173542976, 1.75707058087374, 1.7478427520871134, 1.8025962604767818, 1.7864784076653346, 1.6547542240519335, 1.6421780238342256, 1.6505188526138905, 1.642197252773319, 1.639543725595766, 1.6333220003487705, 1.6065510194259491, 1.3078048733856409], "r2": [0.1274092659111895, -3.0406505371063206, -2.3784136856479416, -2.3065631439706875, -0.9412745953479835, -7.707217222417423, -6.123233817266268, -6.014925674841092, -0.8209209263693618, -0.8009456691538639, -0.7820788360291997, -0.8954796588956624, -0.8617344690521294, -0.597309936821486, -0.5731229559025086, -0.5891437173759182, -0.5731597968079016, -0.5680799567701336, -0.5562014673992537, -0.5056056670146094, 0.002281329315181213]}