{"mae": [0.4644814349601174, 0.42586033376317667, 0.3758335479982172, 0.4531522071765981, 0.3806087897826463, 0.3752126933006877, 0.32541505669663806, 0.32245364833091966, 0.6441845742500331, 0.6330066378232616, 0.6181672065006371, 0.6148673706937234, 0.5319944221053484, 0.5319627118985125, 0.5298033497392968, 0.530870406505916, 0.4821434696781366, 0.4201034302408591, 0.4050315868898966, 0.40155745162069745, 0.33775204342699644], "rmse": [0.7867244101031724, 0.7792608164426804, 0.7664060352582364, 0.9688519044897149, 0.7071743766230892, 0.7104313251831434, 0.5687697179624815, 0.5719656811105792, 1.5771792521535872, 1.658215772158263, 1.5558804000049475, 1.5400581434510439, 1.3401816199912588, 1.1546885534009594, 1.127226990483148, 1.1000728174268846, 1.0621479828938483, 0.9409043171542658, 0.7208405291589983, 0.7145073003605805, 0.6941831664353806], "r2": [0.4766959877728709, 0.4865779789403938, 0.5033772096797027, 0.20635989074935768, 0.5771738427164725, 0.5732701541346888, 0.7264846241616588, 0.7234021780330704, -1.1031532727727487, -1.324828370954481, -1.046733195560554, -1.005317060629594, -0.5185745897925553, -0.12729747656119184, -0.07431483210791279, -0.0231791474974532, 0.046152664251456144, 0.25148633028623757, 0.5606736955355384, 0.568359532158189, 0.5925662794965793]}