{"mae": [0.5203973269865837, 0.5082093638452351, 0.5152278040760624, 0.9902957214121254, 0.9556255272284462, 0.6642159752169736, 0.628711137048752, 0.6167181742902823, 0.5586017397977232, 0.5440029293362052, 0.5261125640004057, 0.5247948188204471, 0.3839902634908171, 0.5196730659724104, 0.3754728515711266, 0.528428370568684, 0.5234615625415222, 0.37691646616613395, 0.37513856001536755, 0.3745736548202824, 0.6689211709180721], "rmse": [1.3180865890024858, 1.3297009766319048, 1.3442355872454341, 3.1175245830923513, 3.085276759290927, 1.7368499118486767, 1.6311837718327273, 1.5922316551103795, 1.468366252717885, 1.4302496433606355, 1.3937355240471847, 1.3920889257819182, 0.9280023820057234, 1.4067607390714842, 0.9261950810861965, 1.4549716318855987, 1.4443151970006889, 0.9581168312705639, 0.9512855815415606, 0.954478149248323, 1.7096766558694612], "r2": [-0.05819230083675064, -0.07692309406421916, -0.10059489042505576, -4.9196562508234125, -4.797823233744584, -0.8373897813014834, -0.6206248692030281, -0.5441490640864568, -0.3132442382084346, -0.2459494166885523, -0.18314358710456524, -0.18034964042277846, 0.4754644871373862, -0.20536116000296922, 0.4775055818933579, -0.2893943606408489, -0.27057608467875105, 0.44086889414635066, 0.4488135363662167, 0.44510770298774116, -0.7803470876536323]}