{"mae": [0.6172930870380142, 0.45253870610812585, 0.443049009494183, 0.4423869629874461, 0.6721625759953705, 1.7873054260828936, 1.7469068156625212, 1.2068880796451296, 0.9148974254308837, 0.8450450687920075, 0.8300177142309619, 0.5666730639309931, 0.40125039496156945, 0.5429139634878207, 0.5237352336499009, 0.5578940880249263, 0.5645906768423223, 0.5208086011493686, 0.5631052838249208, 0.5208805994060681, 0.48937417679670586], "rmse": [1.6505588273495946, 1.3360849769843135, 1.3050408569253877, 1.305629425650845, 1.5641396672703467, 4.145288327172572, 4.133128553231708, 3.0083668006103483, 1.709997610369343, 1.6418848956180894, 1.6020187455286152, 1.6502331040457912, 1.0872351186186486, 1.631994271087858, 1.6163194185103087, 1.2237834898976268, 1.4831402117809571, 1.1841749903605572, 1.4735566181159983, 1.1631853667128715, 1.1012489139878567], "r2": [-0.13860474303934778, 0.2539307593407367, 0.28819802259788596, 0.28755583756345193, -0.022496979088051372, -6.1815875680787356, -6.139516477776601, -2.782444358263151, -0.22208659516360663, -0.1266691134194171, -0.07262066686286306, -0.13815540006713256, 0.505964772680283, -0.11313601204192869, -0.09185597395963474, 0.3740780913417041, 0.08066161553303608, 0.4139391068149887, 0.09250419099811413, 0.4345309579938721, 0.4931470719510951]}