{"mae": [1.8212292762387499, 1.7842471480365194, 1.1288219001247952, 1.650777513144756, 0.6554978772374317, 0.990566189557358, 0.5617029325533685, 0.7551823252212844, 0.6462691568168399, 0.4267221234714263, 0.415366460359918, 0.43752363955777845, 0.4030460134860846, 0.41631364188685993, 0.40999765803705596, 0.40338354050809094, 0.4595731256797483, 0.40061467035396947, 0.3961919824840492, 0.5086276418249467, 0.7093452616726023], "rmse": [2.931462540866465, 2.7918053363259765, 3.077392201115086, 3.404389321609425, 2.268765329726178, 2.7449635657770637, 1.5731784967007525, 2.409693545092692, 2.28286690753869, 1.245528943049364, 1.2423304836208393, 1.3087325695216492, 1.201696301351547, 1.3162061945017784, 1.2780745943673124, 1.1614171376612785, 1.2659569960531294, 1.1453057511576132, 1.128688693961217, 1.2715308172175508, 1.480222390541199], "r2": [-3.626379509392481, -3.1960709587926246, -4.098451066694211, -5.239517354438551, -1.7710968934357014, -3.056446257463068, -0.3323813985052151, -2.1260519164478917, -1.8056516176076025, 0.1648197694942536, 0.16910366867517346, 0.07790773525065098, 0.22256872679826345, 0.0673462976927387, 0.12060303635221747, 0.2738120837434497, 0.1371993490745662, 0.29381995568315344, 0.31416300593716195, 0.1295850566243113, -0.1795775443756955]}