{"mae": [0.8111419213024955, 0.5482982934225623, 0.6981597301827143, 0.5422009258310889, 0.527669099789067, 0.5267310641032779, 0.41729593091760364, 0.4916180801438418, 0.5017987624468109, 0.4962002803793307, 0.4799418386526846, 0.5486550876614206, 0.49966495372069686, 0.4537633886649718, 0.530109578686221, 0.4648219081195752, 0.4402298807392388, 0.42061087079575543, 0.5000476659708706, 0.4902206586758043, 0.4768724713193094], "rmse": [1.1869058646220945, 1.3500122896792643, 1.1340847482766547, 0.9211633237160861, 0.9318895517841697, 0.9386027074819575, 0.7737460283779625, 1.0318830400218229, 1.0212943867355964, 1.018844280117946, 1.0291525770181222, 1.3596092422668453, 0.9626711280053093, 1.046235209400646, 1.3394059710119584, 1.0490834338875648, 0.7867217054018409, 0.749129381438904, 0.801457096702414, 0.7874841409841187, 0.7776876939706732], "r2": [0.0979585578417167, -0.1669960425068422, 0.1764595053425374, 0.4566655835940695, 0.44393850348006847, 0.4358981234860161, 0.6166541158306469, 0.3182033106028863, 0.3321240129685279, 0.3353246660946486, 0.32180673763792145, -0.18364687389989776, 0.40659686985510357, 0.29910558071706494, -0.14873115676130744, 0.29528421826328866, 0.6036889296019613, 0.6406583143678232, 0.5887039896380839, 0.6029204035104418, 0.6127384380864904]}