{"mae": [0.6416988485662554, 0.3439887495943022, 0.3415742652261207, 0.3332092512243226, 0.4913369308187952, 0.4861647928161785, 0.5215197169357327, 0.5163838364465851, 0.3499400335023879, 0.47922768572129676, 0.46285744784219096, 0.49609600980781465, 0.44340856840009185, 0.3244051996732667, 0.42831169060518315, 0.4228574789428605, 0.4894262811361375, 0.409940701382377, 0.48520682579932156, 0.4822966446286775, 0.584746531805915], "rmse": [1.3987915774857391, 0.7731277091874559, 0.8008023632886346, 0.9255187039914052, 0.9033981693937498, 0.8990726363775253, 0.9727217270924033, 0.9695874728732431, 0.9990761780506153, 0.9407339637132112, 0.9388190640265667, 0.9485053985769091, 0.7459527085310397, 0.5949674016137154, 1.1582105111446976, 1.1598289534008788, 1.2226418011044977, 0.823827647930322, 1.208569500447247, 1.2073159889997562, 0.8534468847752639], "r2": [-0.34952517306740427, 0.5877340656930412, 0.5576911134443026, 0.40919335332771234, 0.4370972309102983, 0.44247476092724236, 0.34739228170361547, 0.3515911046228045, 0.31155035506472906, 0.3896082988313482, 0.39209072067299544, 0.37948171016747145, 0.6162065460033632, 0.7558474214628688, 0.07476942346231719, 0.07218184810066197, -0.031035104835641425, 0.5318902374184462, -0.007437779295545788, -0.005349062194559329, 0.4976250595913615]}