{"mae": [0.7779212767889006, 2.037387200204094, 2.5333535137741365, 1.8876996366645562, 1.796883172622159, 1.6875616443465464, 1.9515807277933876, 2.0543174466147365, 1.9094952466071708, 1.7320973170880598, 1.608596614869286, 1.539119771461269, 1.3974731073720403, 1.251959963119052, 1.2065028215749005, 1.1613426776105253, 1.1646669588624654, 1.1001471315567561, 1.020862247174184, 0.9814789470223748, 0.9583957819410884], "rmse": [1.1086994333742957, 2.7056187476103672, 3.211331744453696, 2.4189278626969717, 2.1900697281056285, 2.1312038095859793, 2.397813500072524, 2.596613804455007, 2.4037927536446695, 2.236359310016857, 2.0249636433153544, 1.9548690097684949, 1.7509493710180049, 1.552853724530018, 1.4827658882460326, 1.4201036281064139, 1.4263690389360557, 1.3436332278223064, 1.2234323717554696, 1.175625567888808, 1.1605757785191508], "r2": [-0.09721623602082774, -5.534280495499888, -8.205235826461301, -4.222884337270751, -3.281347298761723, -3.0542874954142833, -4.13210314597421, -5.018375730980929, -4.157730164902409, -3.46424209069653, -2.6601512700275625, -2.4111427799662084, -1.7366027020350048, -1.152413317151463, -0.9625003683142457, -0.8001332270486583, -0.8160524236249416, -0.6114841746989834, -0.3360555320138934, -0.23368027127888658, -0.20229649017866258]}