{"mae": [0.5810816484772804, 0.6938580971358393, 1.254459031289967, 1.0570176859113887, 0.9856440198066669, 0.8616916578151628, 0.9715398538533725, 1.3632163493637885, 1.9773264651197648, 2.5447658200535344, 2.4661013955884172, 1.9862061901917583, 1.829719119167027, 1.584454759765772, 1.529441700868579, 1.4889421816124626, 1.4367915555247017, 1.3531031554635278, 1.3411169999305843, 1.2993928858275425, 1.265681513990022], "rmse": [1.2178372261869863, 1.2513571077711294, 1.5703177526161616, 1.3786080905547677, 1.3485657624155518, 1.2182098300250737, 1.3208485774443623, 1.729251097241066, 2.476927790728104, 3.017087431111641, 2.907844626305808, 2.3664523114771123, 2.229547808168747, 2.027684046953549, 1.9624199408075975, 1.915370035996612, 1.8881189066460247, 1.7902024260469098, 1.781561140684653, 1.724059721796792, 1.6818036875084028], "r2": [-0.02294777748805865, -0.08003418588766475, -0.7007874933766518, -0.3108609266734006, -0.25435143735834775, -0.023573825974597007, -0.20331973196631403, -1.0624863954683632, -3.231571315165212, -5.278425770207264, -4.831998013207209, -2.862517737160976, -2.428534716826371, -1.835799628853287, -1.6561883598916087, -1.530348563888639, -1.458859166556632, -1.2104426692646508, -1.1891546123406975, -1.0501214250843454, -0.9508576161721358]}