{"mae": [0.4952579228847165, 0.6535961767312812, 0.9810372601304762, 0.9205886907418198, 0.8010050506180105, 0.6728172152118649, 0.7738790543730395, 0.7481723117545424, 0.6633300837022208, 0.701161707929138, 0.6453272758541427, 0.639410882507366, 0.6382188506016301, 0.6205046239813984, 0.6016575891401389, 0.7384915513922785, 0.7200588304333239, 0.7092420362928038, 0.7937981746722061, 0.7623332854242223, 1.1502439339598354], "rmse": [1.1025992655761796, 1.181715112062958, 1.391522379375403, 1.3378776080236106, 1.2216953668591708, 1.1195787471177823, 1.1272033309306346, 1.1042633100546155, 1.0561401230504703, 1.0883776579106026, 1.0495898750327723, 1.0554365496466231, 1.0470127100784947, 1.0281159245804923, 1.0285453723141758, 1.105156897697642, 1.0925472727667174, 1.0862578666817464, 1.131340233779771, 1.1046534638137566, 1.5242158675996287], "r2": [0.19148518428279537, 0.07129418742282645, -0.2877542015567043, -0.1903792692830022, 0.007390474410654324, 0.16639199536876803, 0.1549992162200836, 0.18904291917306193, 0.2581849011851096, 0.2122075379603009, 0.2673579353985043, 0.2591729282800167, 0.2709513797088906, 0.2970300558713851, 0.2964426670523508, 0.18772990909002363, 0.20615985183366226, 0.21527325560899258, 0.14878542898004132, 0.18846976991614928, -0.5450606850262438]}