{"mae": [0.711458664238217, 1.3144007139210245, 1.481930466751396, 1.7059951333519072, 1.7139247093566579, 1.8611552247581566, 1.447139723965198, 1.4141744412392236, 1.2727839747913323, 1.3487590270271432, 1.2560527268127548, 1.2587921757633707, 1.0677133643758945, 1.0227543303732431, 0.9849107783249044, 0.9556976428581443, 0.9326495234983391, 0.9238494198163298, 0.8732555216354183, 0.8459038810475576, 0.840330181448243], "rmse": [1.0395552357489484, 1.6445708469653224, 1.8739216783193875, 2.091046558953591, 2.1203130908230783, 2.2775710108422, 1.813579184067545, 1.7624448070695156, 1.5991046825163155, 1.6763158031944252, 1.5630302350589882, 1.5849041364122312, 1.3525054433906287, 1.284822966797011, 1.2138651835505156, 1.1838925501732611, 1.1465592049576196, 1.1339752255446012, 1.0862835151513919, 1.054386723082023, 1.045441078334297], "r2": [0.08629930804915287, -1.2867252552892805, -1.9690101635896977, -2.696887368879052, -2.8010956917067076, -3.3858388120105065, -1.780877501034106, -1.6262729740311594, -1.1620344193429957, -1.375858065340264, -1.0655873807144927, -1.1238058432781308, -0.5466315207669561, -0.3957106617282353, -0.24580400781236955, -0.18504103470956235, -0.11148033757033193, -0.08721627897079509, 0.002310982494184155, 0.06004151879912878, 0.07592348042642694]}