{"mae": [0.5206337515882686, 0.5124565045926709, 2.2314331965255096, 2.034686279942272, 1.8114924983100458, 1.4278120867732127, 2.092646692108754, 1.8426145773946851, 1.8248981409651197, 1.5618217233065494, 1.4692213474803553, 1.9470436448082171, 1.6839380744511312, 1.7096451500200325, 1.5423033065478515, 1.465609449340567, 1.4942985017156372, 1.4794381458126937, 1.5105460446170855, 1.5409005277276226, 1.4978023420738118], "rmse": [1.1994724774622287, 0.8973661859571671, 2.825791651435738, 2.7993023203344016, 2.6849470607274872, 2.142435512903393, 2.677101734593699, 2.3756670265230104, 2.3284595808574564, 2.000151266071877, 1.8816562636746212, 2.440860180826194, 2.1375482093407245, 2.205377927936472, 1.9783837311434398, 1.9110591921864462, 1.9482757946840108, 1.9286941036743988, 1.9499801421213407, 1.9794662314844924, 1.936232527145541], "r2": [-0.17710317818202914, 0.34117001156799354, -5.53302369136886, -5.411114982530936, -4.898008741909848, -2.7553418304254182, -4.863591527163548, -3.617480791032647, -3.4357939552004675, -2.273102761846787, -1.8967734988857679, -3.874384260831058, -2.738228072287481, -2.979238823364766, -2.2022484327107894, -1.9880112994141883, -2.105523553853261, -2.0434114013429263, -2.1109593409526592, -2.205753701501848, -2.067248628877175]}