{"mae": [0.6220823651701172, 0.620386663858005, 0.6218849001330559, 1.7682482580617092, 1.8430115508699847, 1.8883484865679838, 1.8967099506304308, 1.533400234084509, 1.6121680553293098, 1.4536101783879962, 1.8903493221897654, 1.7305406236791638, 1.6484135899189125, 1.5194699896883597, 1.4879898490969095, 1.3399664683990666, 1.2445912104339978, 1.2122666992573414, 1.4178591956628845, 1.3526155583804098, 1.2543420463024666], "rmse": [1.3299016564831563, 1.2898775323966007, 1.2895293898856264, 2.206507201663603, 2.329338450376551, 2.377598110596253, 2.3455586048587924, 1.9508529504581642, 2.0065957266306116, 1.7807300194737303, 2.2511596168765626, 2.0848236831064826, 1.9977511092323377, 1.851371089786304, 1.80589578928443, 1.6382112036193508, 1.5105651067268813, 1.4807917384012366, 1.6847507503911114, 1.6196598150486763, 1.5221026150545967], "r2": [-0.031718577267463965, 0.02944723125150428, 0.029971071803052696, -1.8400951823904301, -2.165099650290248, -2.29760847485553, -2.209332939469667, -1.2200935047961248, -1.3487779582016923, -0.849772662613367, -1.9562065541269273, -1.5354839188837466, -1.3281178337006376, -0.9994435719372889, -0.9024251006551398, -0.5655321114634828, -0.3310706079112169, -0.2791166796004687, -0.6557452339672218, -0.5302761546883819, -0.35148136212795134]}