{"mae": [1.0785148858642997, 1.7131446421572392, 2.1574764952322636, 1.8292455484996681, 2.2563339775991595, 2.055249129264965, 1.473331912337387, 1.3208415784336252, 1.2516022447983384, 1.2287130403521582, 1.2231406167009622, 1.1952287681071476, 1.1379939235826817, 1.1802793193859615, 1.0700119298953936, 1.0505324009677266, 1.0449470189213692, 1.0072709836463518, 1.0505132494887137, 1.0563889993538484, 1.0420698962741568], "rmse": [1.4902746052635232, 2.3566728298186828, 2.7341661438756346, 2.2591883044138785, 2.769604395061212, 2.587052621629508, 1.7684861308760151, 1.5951530203649869, 1.499695765194874, 1.4954214842081484, 1.4824811536843254, 1.446815699102116, 1.3913016944542889, 1.4295636821512667, 1.3398539809838157, 1.3124899226975437, 1.308881105426277, 1.2920508853613752, 1.346835940069186, 1.3583676316253523, 1.3579269960370248], "r2": [-0.4220882273446611, -2.5562520070046983, -3.7867830194308647, -2.268126069611059, -3.9116726958580355, -3.2855292555037714, -1.002614035743254, -0.6292909313247721, -0.4401252645094149, -0.4319279643798153, -0.40725338245605314, -0.34035662187425664, -0.23947156297720884, -0.3085820299068891, -0.14949974984555414, -0.10302636767139317, -0.09696895269551531, -0.06893962182347924, -0.16151101584110172, -0.18148602140202907, -0.1807196304228238]}