{"mae": [0.8039406213748455, 0.5903323154420047, 0.5959823867734986, 0.6172806526851562, 0.6804222306404463, 0.802199817662738, 0.7307306293541673, 1.045111524110104, 1.2425912342083303, 1.2267335011691087, 1.15516598481303, 1.1012474105218086, 1.025915952234084, 1.0065746513452218, 0.9554516971428674, 0.8471687081495006, 0.7994928947369685, 0.8694944640200591, 0.8408896229669455, 0.8361178652052814, 0.8332074311360571], "rmse": [1.1993175109471435, 1.0490779034212367, 1.001124928617635, 0.9935970892130234, 1.0387667636843487, 1.1432708341201532, 1.0797985272956012, 1.4205415080751744, 1.6319828691118905, 1.6181674623079805, 1.507651048747134, 1.437215696225371, 1.3475079819582279, 1.3399799199283917, 1.2905702464803448, 1.1349495039045563, 1.0911520183702486, 1.1338637345829334, 1.1173799924313728, 1.1187586737493078, 1.1183806710830064], "r2": [0.10913479444745022, 0.3183536291389212, 0.3792450391572767, 0.38854532666534514, 0.3316872623644861, 0.19045331950614564, 0.27784718386323615, -0.2498316092217474, -0.6495855319243378, -0.6217749053114412, -0.4078141170699896, -0.27934463067672466, -0.1246213924573909, -0.1120907495342307, -0.031589574483736005, 0.20219505056010845, 0.26258126320971764, 0.20372078855583087, 0.22670459605957494, 0.2247951549458701, 0.22531891400363946]}