{"mae": [0.5957209038842884, 0.783046803790002, 0.8150924647871036, 2.6619708471808714, 2.737006370380699, 2.227474216314747, 2.5870005973217, 2.504671773098346, 2.2036797367817225, 1.9485367635434512, 1.697940974596067, 1.5187266015354555, 1.482964324417751, 1.4057870609081409, 1.3453335189189597, 1.2622472412948704, 1.1976519933332699, 1.1014969408699058, 1.0185102841244498, 1.0130202131761799, 0.9996963245714748], "rmse": [1.4931645640355902, 1.5150519718107651, 1.4924761311927373, 3.480539061491647, 3.576149035621729, 2.9878083850024844, 3.2165946691203406, 3.139822362755193, 2.6832993759528003, 2.39530454148132, 2.099499349204685, 1.893569223988383, 1.8672960282260087, 1.7931400491045328, 1.7031344241249553, 1.6177111362031973, 1.546814548080485, 1.4176030811411724, 1.3323705042411815, 1.3315916696913928, 1.3158209348535828], "r2": [0.04892137242061856, 0.02083442789575296, 0.04979817172321799, -4.167661967568725, -4.455471514629243, -2.8080843241273548, -3.4136079053306467, -3.205437952641158, -2.07142088055324, -1.4474991460149584, -0.8803234480619708, -0.5295491815918767, -0.4873987769396253, -0.37160637208621816, -0.23736813365978704, -0.11635680338911225, -0.020651713959645157, 0.14274432249355273, 0.24272940616799354, 0.24361446947476273, 0.2614249089192914]}