{"mae": [0.8944673603139267, 1.5722329371349786, 1.7228317139382845, 1.8135514555530554, 1.8915236601378047, 1.8378441877879512, 1.3986908217186036, 1.301151270987239, 1.2273269181998008, 1.086320376114022, 0.9837524550565655, 0.9535223692892483, 0.9340089625307799, 0.8884605206335916, 0.8565712841463623, 0.8419216972883811, 0.8434391921401221, 0.8349719650397686, 0.8195826527624109, 0.9034553538928317, 0.9036040161142542], "rmse": [1.8094297526254322, 2.3235324047227572, 2.461768130798065, 2.4714522660991385, 2.5811251340411108, 2.535526880642555, 2.078268204240524, 2.0526716721137777, 1.920828942179514, 1.7182988779913204, 1.6501209993600463, 1.6324458107786997, 1.6024942766142467, 1.563478593724876, 1.5445440897969274, 1.5267387369933765, 1.5272031272102484, 1.516407520430942, 1.5056264908188468, 1.5713469454904756, 1.5641297239460041], "r2": [0.0318484375810244, -0.5964575078819967, -0.7920667690093453, -0.8061938118860359, -0.9700534803695378, -0.9010622348506179, -0.2772122724761663, -0.24594500703705435, -0.09103147081212604, 0.12691342707497866, 0.19482278147463683, 0.21197963037415657, 0.2406309883314952, 0.27715734016476634, 0.29455929380936474, 0.3107300485798071, 0.3103106724342919, 0.32002686354337706, 0.32966114840069694, 0.2698634865991125, 0.2765551410557662]}