{"mae": [0.815000568644823, 1.1030724823451492, 1.7003058544637595, 5.136537281400554, 4.442609177623248, 3.440364211415335, 2.6916612501460615, 2.656533305639802, 2.4949268715679067, 2.2502178895742957, 2.1681904174914264, 1.9142391965853411, 1.8140164084000938, 1.9442305425530495, 1.9147242310570187, 1.8323658416363136, 1.7695901928520035, 1.6893280848089705, 1.6398890735205676, 1.606600753371204, 1.549320649261833], "rmse": [1.622818823132724, 1.683160738719948, 2.195790556505962, 7.253656924449879, 5.528478428090199, 4.4182807379864295, 3.4472758236637278, 3.3019186562938763, 3.125263151169909, 2.792007096266188, 2.641729840239539, 2.3331789352078993, 2.310320508344037, 2.4216753220816716, 2.4121054259100667, 2.330635226893596, 2.177720417324241, 2.1104996204333704, 2.0694872005022105, 2.024969844197982, 1.9361179591212174], "r2": [0.13746795288801106, 0.07213166976238461, -0.5791267598325303, -16.232535787850274, -9.010284159559294, -5.393545824666414, -2.892129075188129, -2.570819579142689, -2.1989566137514047, -1.5531022170671598, -1.2856618049597115, -0.7829175536040163, -0.7481537807471033, -0.920733006512285, -0.9055824236576602, -0.7790320822307657, -0.5532430283729199, -0.4588334874804352, -0.40268662725333293, -0.3429884801252674, -0.22771848290214192]}