{"mae": [0.6372904476795962, 0.6357469831459907, 3.126360404665364, 2.539031381520475, 2.0495592593368626, 2.011044226715898, 2.1094169508298735, 1.791011958817375, 1.477319660363226, 1.3831080861267868, 1.2323652514619845, 1.2685004418895187, 1.2376408107151002, 1.1572129333875212, 1.0944822549785438, 1.0736486541498604, 1.053480999097619, 1.0211430408079885, 0.9760707097373561, 0.9922332496772941, 0.9454632871274856], "rmse": [1.5600916958901336, 1.525231910355824, 4.439000361171572, 3.151117687867741, 2.6760612252110696, 2.6366405087365856, 2.6008113797752164, 2.2396356835041473, 1.889937199755339, 1.7955811529074162, 1.6297985083028792, 1.7261631294590531, 1.6939926155978728, 1.6267578368688613, 1.5805521101499627, 1.566308152986688, 1.5532895139060183, 1.5165624847389163, 1.4410008451667102, 1.450332479624197, 1.4107978903619782], "r2": [-0.018353828074674228, 0.02664734996223117, -7.244585204806652, -3.154585460583281, -1.9963361962064003, -1.9087091045543745, -1.8301937227954364, -1.098713744205368, -0.4944906304590706, -0.34898936669343184, -0.11138948068873789, -0.24670046584980887, -0.200663962375764, -0.10724636995632397, -0.045240160035062704, -0.026485613524656504, -0.009492904379815092, 0.037680985390582844, 0.13118577894360917, 0.1198968086600749, 0.16722428296012737]}