{"mae": [0.7600477720893601, 2.3665947997504406, 4.513868085317365, 3.364119980623327, 2.656128342939286, 2.3959919591619094, 2.0797041205498688, 1.9729276449019133, 2.0676744743454902, 1.8749934785418934, 1.8351651966648335, 1.7423050704550778, 1.6835941763031372, 1.6244573849794177, 1.5923965762214483, 1.5397156017682714, 1.616773082102317, 1.4986735798925186, 1.4720303360045868, 1.468673240131686, 1.413326991355029], "rmse": [2.1193287587159833, 3.029930609100842, 6.325577746225254, 5.0324159024803565, 4.029087039666986, 3.868430797425274, 3.6921417840494253, 3.6589398313605073, 2.933554340770584, 2.769828169685828, 2.7367350958353476, 2.6646718534923486, 2.6044209945317873, 2.563292142356421, 2.521947682655784, 2.5181596543524605, 2.57295916664527, 2.532388708205757, 2.497696555021685, 2.4961778492548, 2.478006825899671], "r2": [-0.003857747024985203, -1.0518276454661697, -7.942849208630307, -4.660158126771302, -2.628179883179218, -2.344607631238916, -2.0467179592594067, -1.9921685084005194, -0.9233742034312218, -0.7146724407705296, -0.6739444248517124, -0.5869490408706346, -0.5159954129408146, -0.4684924718708079, -0.4215025987474563, -0.4172355410734019, -0.4795897018583357, -0.4332971877933187, -0.39429561561179804, -0.39260054899905406, -0.37239936595658873]}