{"mae": [0.5286716039386254, 0.7745655556012, 0.8352514279598219, 0.6637880738367521, 0.5806061529206028, 0.5770620555294866, 0.6383305350044418, 0.6060264038656612, 0.8595637907441777, 0.9366458643895229, 1.2693400951199132, 1.182905431507866, 1.124027980363134, 1.0459470603833023, 1.0451209288192103, 1.01944542477044, 0.9280482931610735, 0.9899979774297507, 0.9802651840957866, 0.9503637788659538, 0.9187174738042732], "rmse": [1.3487858891829214, 1.3597890094415925, 1.367645625368034, 1.1387916906056792, 1.0422055881631147, 1.0554751335746042, 1.0825346903304112, 1.0455884871086687, 1.1195091614788342, 1.1850326295263627, 1.562424811501416, 1.4573536742679196, 1.3876645070019127, 1.319636728046733, 1.3269119255182875, 1.305778838327012, 1.1966101474810424, 1.2660074068921479, 1.2387741221047233, 1.2099695993775426, 1.1739352468283037], "r2": [-0.10805863463195431, -0.12621100833545218, -0.13926269349691545, 0.21011240392729547, 0.3384182603236803, 0.3214642615738337, 0.2862265992352685, 0.3341164287745849, 0.23663539561971947, 0.14466285599380946, -0.4868767440267989, -0.2936197436647854, -0.1728586504262466, -0.060682743849510334, -0.07241013425592402, -0.03852263590149363, 0.1278682894250518, 0.023776612360034366, 0.06532427479880443, 0.1082859031603417, 0.16060766438856577]}