{"mae": [0.6043136937112025, 0.632930099643417, 1.1422329566024132, 1.105026440067533, 1.1809759699079185, 0.9740075086415216, 0.8878398810234078, 0.8782413950510284, 1.4404012466809957, 1.4172176434984796, 1.2802694243389068, 1.1796359529573295, 1.0124840200216136, 0.970465723544025, 0.9600320243197629, 0.9284241747458636, 0.9157679839896974, 0.9260600392693438, 0.9074256499130653, 0.8606602298426776, 0.8432219106968254], "rmse": [1.6492174549948209, 1.5314263995553683, 1.7503504583707832, 1.7652600658881041, 1.8635387678147095, 1.5935979892091268, 1.504616356873968, 1.4646318748979217, 1.8916981808674398, 1.853784844705308, 1.7464952150223825, 1.6772668238254824, 1.5017259271667673, 1.4706044388756008, 1.4647979284683315, 1.4135512233139358, 1.3982786158097118, 1.3995243650091023, 1.3947313164288169, 1.3545912707701728, 1.338376763751609], "r2": [0.06433859700717859, 0.19321999115863486, -0.053932737122576624, -0.07196415326776306, -0.19464737559940892, 0.12638432940546573, 0.22122065051974682, 0.26206207205388543, -0.2310241187084252, -0.18217432834947966, -0.049295160138802085, 0.03224107997991754, 0.22420991063044982, 0.25603138556590066, 0.2618947342044988, 0.31263728458330353, 0.32741016205140105, 0.3262111857066903, 0.33081842577945664, 0.3687819421089422, 0.3838029065105031]}