{"mae": [0.6473864977355397, 3.142116350628731, 3.0803849595886983, 3.6252020955858826, 4.650145400133783, 4.285936678912898, 3.8266234220415276, 3.5633108805686415, 3.3646073204197853, 2.8014439679860956, 2.448266833761367, 2.051484184577796, 1.9126026780134984, 1.8716655814449898, 1.6509253325343298, 1.7027631426338428, 1.4691804252815361, 1.42884898590332, 1.505873132279629, 1.403967630905274, 1.467843312607674], "rmse": [1.0668968097248428, 3.771003373888928, 3.8583153213387984, 4.665700234131778, 5.9497444728454445, 5.518876036306403, 4.894022453181204, 4.518728689496298, 4.273558130486861, 3.57369875491168, 3.1550719083004846, 2.7183567152285937, 2.5535385829946793, 2.5034733280902164, 2.2629373805039954, 2.158946719601558, 1.8551517121837586, 1.7902719190424836, 1.8602713799735509, 1.7101456751229993, 1.7940234094908594], "r2": [-0.08279319075207048, -12.527406006150352, -13.161071582526521, -19.70781840836887, -32.674201902276735, -27.973566725744032, -21.784137770902746, -18.423756096975797, -16.373203811935568, -11.14888901745982, -8.469329019311585, -6.02932422623135, -5.202767912304071, -4.961926541029322, -3.871309863474605, -3.433886096119842, -2.273855795876898, -2.048868423252829, -2.2919504689132215, -1.7820625866640012, -2.0616595356244694]}