{"mae": [0.6139607998005436, 0.6063144256306673, 1.2278107592830614, 1.083803728926171, 0.860158108236317, 0.8221994046224824, 1.2644166173862545, 1.1017983342970878, 0.9850058064791276, 0.8870592350629094, 0.840867912859743, 1.7905420530524339, 1.4783407836336544, 1.3195898274971067, 1.067088804082719, 1.0253432220296028, 0.9916804758717014, 0.9727877422446284, 0.9572113286919208, 0.9112389026705046, 0.8716373728640289], "rmse": [1.5187100176309607, 1.4956092607588776, 1.8830511728618478, 1.705142623128342, 1.488759654804222, 1.4179814920893032, 1.805110262253355, 1.6482066573950136, 1.5140509209104676, 1.4561127666070763, 1.4353868757845742, 2.279359743540107, 1.9290604113616465, 1.770484183781563, 1.522918421685959, 1.4906416766354997, 1.4361761304823617, 1.4392351003703157, 1.4296226009014104, 1.3982569715880329, 1.3736065406802864], "r2": [0.03603628062714248, 0.06513852169827017, -0.48195568855643267, -0.21515700407517246, 0.07368188882515336, 0.1596656852918078, -0.36181603608916424, -0.1353618612827301, 0.04194170181001544, 0.11386275090560094, 0.13890926684503235, -1.1713844383831478, -0.5552586673202691, -0.310071733678972, 0.030686517364798327, 0.07133839055190072, 0.13796205635558823, 0.13428596631717094, 0.14581137434767355, 0.18288165634367415, 0.2114383110668996]}