{"mae": [0.691858456159035, 0.7659961020791337, 2.324061125415442, 3.5403191554738918, 4.84112683278527, 4.323137162061087, 3.929984000532416, 3.3466459992556867, 3.056494908566408, 2.4976193934367035, 2.388430943208995, 2.299061230113844, 1.9753291178812697, 1.9007377236699943, 1.718812535428636, 1.6969703561434712, 1.4892828264497315, 1.381386309574947, 1.2786276003842127, 1.3011716748618976, 1.2953583732215865], "rmse": [1.085990643567864, 1.1727941187301056, 3.085358858122408, 4.469895621129987, 6.239926314960361, 5.65683088718208, 5.087712474259024, 4.348393122902119, 3.8642975246939364, 3.1565800917089626, 3.0055632003542305, 2.8679144243613863, 2.4012646650528744, 2.31953398254272, 2.1135443676893955, 2.101651882125763, 1.879795294602644, 1.7576553676186117, 1.6328834288247451, 1.6473284645211892, 1.6300179550239178], "r2": [0.11783462079393525, -0.028824745601355284, -6.120479014877687, -13.944885989218603, -28.124385119585188, -22.93559532781748, -18.36167661325913, -13.143452722876942, -10.169634347606316, -6.453005966395884, -5.756932367590741, -5.152196796210617, -3.31298455638093, -3.024383148444352, -2.3413393142829273, -2.303843026413972, -1.6431326469643444, -1.310815607629134, -0.9943813575687337, -1.0298233689727065, -0.9873877987346706]}