{"mae": [1.6000470120302404, 2.249647638526372, 3.271087733834675, 3.2393827432767375, 2.956452760897676, 2.8168970711829338, 2.747380948731993, 2.6468875768649784, 2.5213820932278184, 2.0840082708960197, 1.914584384244906, 1.8532105895803004, 1.7184768568996303, 1.7181762909656733, 1.7120389623303973, 1.7002652731170413, 1.5616393586244814, 1.5112261463805376, 2.063858216566082, 2.01497648356538, 1.870764735835685], "rmse": [2.1109239969131637, 2.753669640153243, 4.090874907181232, 4.060983089783212, 3.704796231982791, 3.4540819052887297, 3.4595366692366687, 3.4039196679765715, 3.2478458164700528, 2.590729997938682, 2.40869283031516, 2.3364571625516395, 2.1873296741478896, 2.18942515641458, 2.206463848894546, 2.208256368197007, 1.9130610082024944, 1.864334159693543, 2.583862758278296, 2.530444073315258, 2.3278964966344944], "r2": [-1.3989309728039823, -3.0822183499500557, -8.009588528194175, -7.87840434240724, -6.3892644632140785, -5.422998505701403, -5.443301212134759, -5.237795923906974, -4.67888881338965, -2.6134068655113363, -2.1234560371619784, -1.9389229724522052, -1.5757342171428332, -1.5806717360015083, -1.6209949871302087, -1.6252552812638497, -0.9702902029692004, -0.8711994104782605, -2.5942761621287405, -2.4471965316179856, -1.9174262831957858]}