{"mae": [0.5936080475219386, 0.7303768550210605, 0.8444418523755117, 0.8365093143591296, 0.7724129746987476, 1.440982784687886, 1.2908362128814244, 1.4815827985426744, 1.3424475678488046, 1.214577571945247, 1.1661034488174427, 1.0512258509780898, 1.102529779721248, 1.109493014466256, 0.9714545785588473, 0.8564089839837472, 0.9128449619078965, 0.903685019563895, 0.9033985813600388, 0.8995073533708823, 0.8360997825599118], "rmse": [1.206855619389768, 1.1149165001494696, 1.1965095132507375, 1.2163717967280556, 1.1868072795218372, 1.7473649233475732, 1.642483050050516, 1.8805345157364286, 1.7006473195699403, 1.516439503931363, 1.4831891712136507, 1.3358488004877203, 1.4150215655477867, 1.4076449698675109, 1.2175324427213015, 1.0756662730250415, 1.149266008728494, 1.143711523479223, 1.1443070880902007, 1.1579416297735283, 1.099853935537506], "r2": [-0.10463267344164784, 0.05725999508329016, -0.08577431280431602, -0.12212163211925531, -0.06823709253978905, -1.315658315040892, -1.0460160862467993, -1.682068520922373, -1.1934905555377373, -0.7440439698674848, -0.6684006217994198, -0.3533865640242495, -0.5185649387418791, -0.502773459805884, -0.12426408122824562, 0.12246922826171458, -0.0017246825580143899, 0.007934733396020577, 0.006901268599787014, -0.016905477201504482, 0.08256083224383526]}