{"TreeBasedRegressor_Representativity_self": [759.5702603270038, 796.9883248069964, 750.8173811669985, 662.5050458640035, 636.0337558229949, 599.6319727740047, 610.524827361005, 481.609932937994, 423.2781507860054, 440.8670973660046, 376.788854436003, 374.0874229299952, 296.7691721979936, 221.13124596700072, 104.05934200699267, 87.40757726599986, 87.81245810199471, 125.58401518499886, 58.73377889499534, 40.25047344100312], "random_state": 30}