{"TreeBasedRegressor_Representativity_self": [761.467931334977, 846.0919781780103, 948.7587558840169, 376.61336903396295, 412.0602905480191, 235.09598953998648, 278.6094814580283, 442.6321450510295, 321.6868352940073, 356.8280023820116, 386.5350040079793, 196.21068337396719, 399.6339698670199, 347.7596903090016, 216.58737382100662, 195.33020383300027, 215.7288791689789, 123.91641446301946, 77.23443271999713, 101.6939060119912], "random_state": 38}