{"TreeBasedRegressor_Representativity_self": [11.39289224985987, 6.620902521070093, 14.749423827044666, 3.940896597225219, 13.795470946934074, 4.017668535001576, 2.916018316987902, 2.518098218832165, 5.307568323798478, 4.6034337459132075, 3.982352925930172, 0.951477887108922, 2.348258059937507, 4.862526817712933, 4.6747516598552465, 2.053738075774163, 2.252393980976194, 2.494052601978183, 2.48006155109033, 3.1112302457913756], "random_state": 38}