{"TreeBasedRegressor_Representativity_self": [827.62396454392, 929.738167508971, 848.9724295251071, 819.7201861469075, 850.6986419488676, 883.6699270107783, 683.9169952534139, 364.1395534710027, 346.2149885180406, 502.9610447511077, 302.24710090085864, 291.14195439964533, 526.3120130710304, 247.3251954447478, 311.8272692603059, 304.9450745470822, 308.95049342280254, 222.60842199390754, 174.85383123299107, 156.16670348634943], "random_state": 49}