{"TreeBasedRegressor_Representativity_self": [843.9274959870017, 911.4474285449978, 678.044133165, 660.4260152790011, 603.9628877809992, 636.2941604740008, 492.3548921389993, 505.21037060800154, 280.8875963069986, 428.60404889300116, 335.27636347200314, 307.0362772459994, 227.23150143899693, 230.6058088599966, 257.28551905100176, 139.32182775899855, 123.72607185300149, 156.31055604299763, 142.2056351689971, 86.47839446599392], "random_state": 31}