{"TreeBasedRegressor_Representativity_self": [803.5788123370148, 806.6105041978881, 825.948918530019, 811.4739140251186, 842.5680646561086, 889.0554970698431, 620.2344423490576, 563.8995641239453, 586.9929593149573, 289.8279976940248, 304.8104330000933, 185.9274341580458, 184.1418213029392, 360.50996144115925, 488.62819665204734, 492.46285821008496, 496.3188385348767, 148.99784827791154, 163.3504343079403, 190.56753181177191], "random_state": 46}