{"TreeBasedRegressor_Representativity_self": [582.3182476569928, 592.7444761149964, 627.4980803020007, 608.2905144849938, 623.8139863230026, 498.9530134390079, 387.8215367810044, 474.6570289980009, 376.42803426500177, 360.4656250400003, 198.12249510199763, 219.54451760600205, 104.88194066299184, 184.6815992310003, 187.1570211340004, 207.82575186999748, 119.48892362898914, 121.73585714299406, 136.05309578399465, 42.61476627200318], "random_state": 38}