{"TreeBasedRegressor_Representativity_self": [559.7021627840004, 585.2623406849962, 574.8344328620005, 576.5181181250009, 578.7649185709961, 499.9183088630016, 491.8469243100044, 397.9247623550036, 309.0346027190026, 365.1708387510007, 232.65042506600003, 214.36083508300362, 266.0626063879972, 291.11537150799995, 230.94348375499976, 199.5436630980039, 232.89662542500446, 228.45719427600125, 244.91351276599744, 99.93862896099745], "random_state": 47}