{"TreeBasedRegressor_Representativity_self": [896.5804789570102, 902.5534889919945, 933.7598037130083, 886.4781801589997, 906.2681013819965, 900.9074684660009, 542.2693658200151, 601.7236760380038, 203.43232828800683, 296.24870732499403, 266.0070975339913, 269.54680214400287, 260.96674367500236, 179.36389704901376, 178.18783645200892, 121.8882839549915, 141.74078848899808, 248.6199499570066, 97.26355195901124, 103.70767703300226], "random_state": 42}