{"TreeBasedRegressor_Representativity_self": [74.09367539989762, 43.949849400203675, 41.78753269999288, 40.14095060015097, 47.69344569998793, 38.19082139991224, 39.86324100010097, 44.25034400005825, 44.8038219998125, 39.65493690012954, 44.29188370006159, 37.21659450000152, 45.738121800124645, 36.75570450001396, 54.00596549990587, 46.43071799981408, 38.15393469994888, 34.35280320001766, 33.73658010014333, 34.75996190006845], "random_state": 51}