{"TreeBasedRegressor_Representativity_self": [709.060007549997, 756.7107233389979, 843.4326785950107, 773.5869302200153, 763.7841381350008, 800.238757168001, 539.2203053169942, 570.6846075069916, 320.6578000120062, 328.26394713899936, 378.38380934201996, 416.9445234609884, 356.26763771800324, 270.2650605959934, 284.5127238580026, 300.916437264008, 225.0427484739921, 212.90848958899733, 217.47871549701085, 237.3223764229915], "random_state": 33}