{"TreeBasedRegressor_Representativity_self": [804.4443165309785, 890.6312071520078, 842.4726597270055, 880.2950291990128, 855.6153491079749, 888.9908339370159, 609.1510748629807, 570.7528761909925, 552.1151052259956, 522.8819034019834, 497.9930730019987, 118.37781543200254, 123.91851700498955, 183.01640995699563, 415.1281359900022, 327.5092049220111, 265.99907699399046, 381.75283649298945, 101.32205175000126, 119.31202627098537], "random_state": 42}