{"TreeBasedRegressor_Representativity_self": [576.1708261599997, 656.974015282, 821.6607270699997, 568.5686809599993, 607.9642390589997, 631.7995295500004, 600.0540562710003, 439.60805021099986, 434.2801176940002, 429.58446319200084, 302.3101085440012, 273.3960426400008, 213.29987548700046, 338.68438627499927, 241.82276048099993, 190.0496918789995, 194.51075519700134, 208.7812309560013, 150.64780662200064, 152.374372925], "random_state": 40}