{"TreeBasedRegressor_Representativity_self": [852.5887459749356, 1000.9436765126884, 1000.9759938339703, 820.7721073129214, 895.5200817766599, 529.1067221621051, 513.7947851810604, 424.6971758250147, 602.0481958496384, 603.8321358342655, 283.0783490552567, 247.42580928932875, 223.243402114138, 388.48281388217583, 142.94885527528822, 148.2781637380831, 180.53884790604934, 174.67282075807452, 432.55676515912637, 408.7340675359592], "random_state": 40}