{"TreeBasedRegressor_Representativity_self": [55.582072900026105, 58.51175679999869, 47.36535759997787, 57.85480600001756, 57.93929769995157, 42.8555694000097, 39.33631330000935, 51.321594599983655, 58.079022100020666, 50.88683410000522, 57.43698330002371, 45.545043999969494, 49.52654839999741, 42.79111210000701, 52.27383740001824, 31.758735599985812, 37.51496739999857, 31.33098330005305, 32.507524199958425, 21.961082599998917], "random_state": 40}