{"TreeBasedRegressor_Representativity_self": [9267.008398641017, 10106.207521253033, 10361.755144122988, 4069.4184708159883, 2926.0401935529662, 3020.3822908169823, 2905.1472982119303, 7026.522737942985, 3333.461926424061, 3148.652294409927, 3214.8102280329913, 3510.909247681033, 3082.305683348095, 1099.8560796119273, 1543.806526952074, 247.11378318804782, 3553.7530624850187, 1046.4699665750377, 891.0268403498922, 1443.192772415001], "random_state": 46}