{"TreeBasedRegressor_Representativity_self": [658.6133815019857, 240.84614491096, 348.96378201496555, 251.98062870797003, 311.72202404699055, 240.69726796098985, 535.0663506700075, 267.4448536509881, 214.65372456196928, 265.26018337503774, 145.17824953998206, 138.8960640990408, 309.96671955595957, 196.19537601002958, 111.00760903704213, 122.66756979603088, 204.98449380201055, 131.76779635396088, 158.38860675803153, 100.61281634599436], "random_state": 41}