{"TreeBasedRegressor_Representativity_self": [615.7937266230001, 708.4074520919821, 773.6253172590514, 227.08413639699575, 242.38042862596922, 192.51473062700825, 220.17808627401246, 215.55100568797207, 118.40475369204069, 201.83622705296148, 216.6661501530325, 127.7727824629983, 202.09264729300048, 141.98008275503526, 226.20981756801484, 131.97920007200446, 161.23056292399997, 161.42003626003861, 89.74460664804792, 129.4078326309682], "random_state": 40}