{"TreeBasedRegressor_Representativity_self": [11.401243335974868, 11.408972095989157, 12.082725363026839, 8.667615347018, 3.415075302007608, 4.757355057052337, 4.614012541016564, 7.278652356995735, 5.622770585003309, 8.430263079004362, 4.2941971470136195, 4.275991105998401, 7.1526156819891185, 4.777051663957536, 2.9557725820341147, 2.8057888509938493, 1.9034488599863835, 1.5822806420037523, 1.7510321299778298, 1.4769742229836993], "random_state": 40}