{"TreeBasedRegressor_Representativity_self": [598.7255776940001, 613.293318942, 665.0896514060005, 592.9507701190014, 402.4519398240009, 535.2947122410042, 358.25087665900355, 375.2418184099952, 246.48334222400445, 269.2682704809995, 314.1244741930059, 317.4075567129985, 214.7819856129936, 190.23057276500185, 155.79722377799771, 90.26566649299639, 73.49893881399476, 131.7105934229985, 122.55204010500165, 131.86128398100118], "random_state": 48}