{"TreeBasedRegressor_Representativity_self": [570.9600819219922, 587.439705280005, 641.2165051699994, 583.663647755995, 563.1364873440034, 452.9468726339983, 591.3304299320007, 411.9592431659985, 414.380523920001, 405.2641552480054, 271.3025328639924, 266.10381072899327, 292.5029178650002, 255.31260757599375, 309.9270651340048, 191.99931161600398, 166.10147113799758, 130.24768718700216, 154.59022456499224, 130.2093697579985], "random_state": 37}