{"TreeBasedRegressor_Representativity_self": [740.8613233799988, 770.0945775330038, 801.9350562559994, 788.2466076169949, 664.3940241859964, 554.407233113001, 545.358495730994, 516.0930788700061, 500.263838896004, 380.5659489170066, 253.19431931100553, 199.41026130699902, 151.58921482499863, 141.2242598449957, 248.37237999799254, 209.39619244901405, 193.0403484319977, 106.21661227599543, 113.7951995129988, 55.47948899101175], "random_state": 36}