{"TreeBasedRegressor_Representativity_self": [1328.1804138699954, 1299.990439451998, 923.6813523499877, 989.3918754539918, 1068.4880687620025, 1216.4841610110016, 672.8041062929842, 626.2752565949922, 634.0519248989876, 327.75684783799807, 303.81473210299737, 307.1935085419973, 270.8415333010198, 112.34570968401385, 113.01538506499492, 116.36783098001615, 88.1111468070012, 87.67704570098431, 69.6251846490195, 69.9447231630038], "random_state": 44}