{"TreeBasedRegressor_Representativity_self": [566.7781187000073, 621.3271040700056, 615.8403627299995, 528.7067196060088, 492.7542955149984, 455.221048604988, 402.9151741759997, 462.5594077870046, 391.31579091900494, 251.64423375099432, 398.2330946250004, 227.91812840099738, 201.93175502799568, 135.37291279100464, 262.8758826090052, 210.72289063500648, 172.41818213700026, 138.4675825519953, 144.19642902200576, 144.4647342899989], "random_state": 37}