{"TreeBasedRegressor_Representativity_self": [580.592297664014, 601.1291098330112, 609.9308004350023, 587.2406066780095, 589.8408139999956, 326.05581294200965, 403.2931001389952, 444.4004847390024, 398.887736182005, 346.12619305899716, 279.6951518329879, 293.0639115399972, 236.60933644000033, 235.70105935899483, 155.09736692700244, 168.89359351299936, 192.44994844100438, 158.91448308998952, 170.6541539109894, 104.89167520499905], "random_state": 41}