{"TreeBasedRegressor_Representativity_self": [830.3255468350835, 883.6571729411371, 836.5917734201066, 249.35471570165828, 263.3415530961938, 1133.5223154961132, 810.2615104881115, 828.0230492451228, 383.42036549188197, 601.2169027798809, 554.667443532031, 253.11882548080757, 127.11437831493095, 246.4931841059588, 145.53186870086938, 185.9596521789208, 189.1597047741525, 111.40084620798007, 115.6111215450801, 109.00628925906494], "random_state": 43}