{"TreeBasedRegressor_Representativity_self": [800.3995066669886, 900.9958202769922, 836.2362507309881, 1028.5109245600179, 1026.5838480370003, 1148.2757812860073, 1073.4955984969856, 492.7169068820076, 114.12301337899407, 449.2600915830117, 503.0384367069928, 440.4189326920023, 617.7564461370057, 578.8669185050239, 587.1720441999787, 383.19704257900594, 93.26882432898856, 92.43736673699459, 156.3891577180184, 162.1126570639899], "random_state": 43}