{"TreeBasedRegressor_Representativity_self": [572.88693956, 647.3926655590003, 617.9157026930002, 618.255658731, 601.7112571930002, 601.4129528650001, 495.656810298, 519.7969678290001, 329.0672249850004, 408.18076753899913, 352.64107263200094, 318.47541848699984, 275.76478357999986, 176.20127576900086, 125.84201272599967, 119.25376384300034, 158.12286545200004, 154.73120328000005, 101.58607324200057, 106.27500378400146], "random_state": 42}