{"TreeBasedRegressor_Representativity_self": [581.9188398889964, 598.002050643001, 488.85085705800157, 460.38108852099685, 596.1186340389977, 438.32470972900046, 512.5598668780003, 375.30633047300216, 374.0064501769957, 496.29834941000445, 352.5978689170006, 273.07776288699824, 226.8481368230132, 240.54450594399532, 199.27721204599948, 228.44261131199892, 149.09340813699237, 167.8500987400039, 152.86539985099807, 90.83286781900097], "random_state": 46}