{"TreeBasedRegressor_Representativity_self": [800.8559052529745, 815.0940687870607, 820.132059157826, 857.4799035189208, 856.1648725338746, 877.2010710549075, 560.0309100099839, 527.6890432310756, 516.42941423296, 271.30607025302015, 274.8314512919169, 329.23956359992735, 550.3209511670284, 262.5716802510433, 200.4181796279736, 337.50958286691457, 257.05773220281117, 164.40398745494895, 84.09196519595571, 125.59541483107023], "random_state": 46}