{"TreeBasedRegressor_Representativity_self": [938.2750512529165, 1057.0589077239856, 635.9563968400471, 720.9900228680344, 662.993689873023, 315.4169669559924, 436.6089621830033, 162.47665212501306, 242.89926342398394, 597.5109915779904, 447.4700486549409, 79.57874569890555, 204.30011402792297, 393.2283704880392, 148.944236785057, 297.54561434302013, 131.49195208610035, 92.70601611502934, 36.049304944928735, 77.8961737609934], "random_state": 31}