{"TreeBasedRegressor_Representativity_self": [10.832540237810463, 6.553271817974746, 5.026594944298267, 13.170794669073075, 10.56917065102607, 5.910702956840396, 2.946776163764298, 2.57619900861755, 1.9101715511642396, 3.8078470937907696, 4.087715056724846, 4.1460292637348175, 0.6565245981328189, 4.079953281674534, 4.1742840791121125, 2.3901956020854414, 3.2434131670743227, 1.6710661952383816, 1.7973240031860769, 3.0592310638166964], "random_state": 31}