{"TreeBasedRegressor_Representativity_self": [742.9175460120023, 745.4868876269975, 758.2430733770016, 750.2814888819994, 730.9636703020005, 756.9518441010005, 605.509385342004, 507.07597465399886, 508.4852797860003, 395.31323169299867, 407.2905418169976, 346.05613514799916, 315.23626286200306, 283.85698618600145, 309.2064053849972, 282.0142111690002, 204.61518723200425, 185.85660472900054, 145.09818971099594, 110.5227577409969], "random_state": 46}