{"mae": 17.995585727138867, "rmse": 28.20553703860561, "r2": 0.22385944015871762}