{"TreeBasedRegressor_Representativity_self": [812.1340107796714, 911.8483333229087, 834.1420132843778, 851.2206371696666, 872.5032932930626, 485.5797688267194, 396.5822815732099, 365.21470190770924, 351.9786398196593, 353.25583277782425, 516.8250047648326, 528.291995242238, 390.4164773700759, 154.44973268033937, 229.5611652531661, 211.66631169896573, 131.89309977693483, 131.6211165720597, 132.22706810105592, 132.16239203885198], "random_state": 49}