{"TreeBasedRegressor_Representativity_self": [565.6942018889968, 589.1591548669967, 608.1080199470016, 612.3826562750037, 629.2537371250073, 605.5688960719999, 605.0414324549929, 607.9038903969922, 500.593178554991, 438.8457113320037, 335.5874453599972, 226.30840579200594, 251.84160382600385, 279.17786873500154, 248.0116953300021, 233.66923351300647, 102.89529897000466, 71.89059093799733, 100.94715679300134, 81.80698570499953], "random_state": 40}