{"TreeBasedRegressor_Representativity_self": [863.8639362347312, 1142.6576768178493, 1017.0480548748747, 889.618997388985, 867.1517009576783, 903.4090203037485, 381.7491112840362, 563.8150495309383, 508.33226125175133, 248.31660958286375, 333.8372570858337, 326.84651723876595, 341.7062264736742, 199.3944303668104, 200.97091702464968, 201.40308712702245, 170.31468541175127, 115.86641427502036, 62.75158445164561, 60.457231090869755], "random_state": 41}