{"TreeBasedRegressor_Representativity_self": [68.11094089999096, 54.592719200009014, 56.02689549999195, 49.38252369998372, 48.094192299991846, 47.95201440001256, 46.38794499999494, 45.862901399988914, 46.138352199981455, 50.113700200017774, 48.60280920000514, 48.546883699978935, 49.59480570000596, 51.3551856999984, 42.471554399991874, 42.92623889999231, 37.697120400029235, 37.38992839999264, 41.300933599995915, 52.19220350001706], "random_state": 45}