{"TreeBasedRegressor_Representativity_self": [99.35893089999445, 58.16341969999485, 86.46705890004523, 71.15700820001075, 62.09395680000307, 76.65510560001712, 69.1123394999886, 69.13230609998573, 41.708446500007994, 69.05435470002703, 73.23426690004999, 60.91178020002553, 39.3563734999625, 65.9037621000316, 76.35573319997638, 59.74904029996833, 40.68410400004359, 65.5737827999983, 58.178436299960595, 31.80622560007032], "random_state": 42}