{"mae": [70.83266711516357, 65.09484735673844, 70.62537386268939, 70.83266711516355, 69.80624643670723, 70.81867208153844, 70.55719598241764, 60.555194869962676, 70.83266711515121, 69.91786426119572, 70.30806213400037, 70.70325027965855, 70.70009735167596, 70.59757656396746, 69.3887079201124, 69.99568744195597, 70.58487810727068, 70.59618010101295, 20.527910628138372, 19.903703403444617, 15.625473992835941], "rmse": [85.45584380805991, 79.93153719697733, 85.5306904429096, 85.45584380805991, 85.05411891993658, 85.8720749709237, 85.45655617598666, 75.49474749019086, 85.45584380803994, 83.6022191361113, 84.59876330453555, 84.86379264741592, 84.85009494062191, 84.73367980280784, 83.06788334725431, 83.83697511164836, 84.71174698451792, 84.7315191455667, 28.172963928550054, 27.56103952635014, 21.43365239039005], "r2": [-0.0021755379432555344, 0.12320796791533595, -0.003931820762058669, -0.0021755379432555344, 0.007224698166930166, -0.011961938688575868, -0.0021922464714039247, 0.2178433575621077, -0.0021755379427872423, 0.04082936323727038, 0.017826317423522586, 0.011662809247847572, 0.01198183483136983, 0.0146911156280074, 0.05305108043054885, 0.03543507628461706, 0.015201132515784588, 0.014741364540546642, 0.8910755583005041, 0.8957559077127428, 0.936954712386889]}