{"mae": [20.93968687712335, 16.535641826241314, 16.60301114525207, 18.135315742792027, 16.77530031403777, 16.480030788444555, 22.52350049716168, 21.929837869003922, 22.264392689014567, 12.245015704292369, 15.064582261447729, 10.409063509438317, 10.35366298050834, 10.121395977569106, 9.829568154452607, 10.169373961844459, 8.516366317537228, 7.86557554143044, 7.936969769998192, 7.899665526436683, 7.301697026883469], "rmse": [27.4125613827372, 21.086677362590606, 20.89350622861998, 24.21621490645261, 21.649341731621284, 21.725363787282976, 30.046736479465284, 25.883317260653484, 26.1973179644437, 15.026328004797378, 18.111045547376182, 12.282410024900539, 12.209047889126296, 11.949261355559498, 11.644683065933261, 12.04167607463489, 10.250930814630289, 9.49840555702047, 9.477597435812521, 9.462449511788789, 8.853053115688388], "r2": [-0.44534632075430536, 0.14475805361648686, 0.16035570644881791, -0.12793795569644906, 0.09850758198129261, 0.09216525198286618, -0.7364700737612146, -0.28858347697644104, -0.32003774485225933, 0.5657114130732253, 0.36910115478238203, 0.7098384452048758, 0.7132943302796997, 0.7253656807253586, 0.7391877219050049, 0.7211012501092454, 0.7978846529293546, 0.8264701846404521, 0.8272296540681023, 0.8277814860366766, 0.8492494772985872]}