{"mae": [75.93537957881928, 77.03611393078587, 76.42922653090689, 65.02568160124976, 60.949115252004894, 60.16407316845146, 64.99341434980602, 56.51388621329086, 60.06269122845478, 58.69358695846681, 56.256879294818546, 54.32986516317851, 55.48101532510635, 52.71533390344687, 52.7698694910357, 51.769782950017415, 52.023422185630906, 19.765502260325327, 20.106581744306446, 20.08420397971825, 18.849080082041176], "rmse": [93.37042949636944, 94.42085735273376, 93.40877074388577, 80.96431905155781, 77.60779574782835, 77.01100173520743, 82.01435063246025, 72.48925488139506, 75.27004783220804, 73.81560182270087, 70.26223804300186, 68.20348414583388, 70.80286510159824, 67.94261194424432, 69.90301667665578, 67.72475659407529, 67.78719506780415, 26.265274643185077, 26.425134175550642, 26.038377794508442, 24.327947065877034], "r2": [-0.3036150768295498, -0.3331117020293899, -0.30468591886903273, 0.019792555083331886, 0.09938047357786539, 0.11317851391586742, -0.0057970622360510315, 0.21426168197988926, 0.15282126586318046, 0.18524508051474475, 0.26179901590265353, 0.3044252897799018, 0.25039525689763575, 0.30973613516085874, 0.26932794474554933, 0.31415564691038667, 0.3128904429575545, 0.8968439855597249, 0.8955844780306117, 0.898618547418986, 0.9115003433255205]}