{"mae": [9.236036409249865, 8.37379550610209, 9.370562298775907, 9.055451142628336, 3.7615687796824324, 5.849814610212632, 2.766528965973911, 6.50306657205337, 5.586678355624092, 2.1682295344832125, 1.805153721320375, 1.774588131753374, 1.5903009203539256, 1.5391598851802188, 1.5718195826312618, 1.5259827823050893, 1.424175403418272, 1.2716250150722552, 1.260568310031724, 0.7893330185870471, 0.5314018281258663], "rmse": [11.157983740826774, 10.411986383464887, 11.342560830064974, 11.104722675399588, 4.971502868527028, 7.671645276353697, 3.719498836162777, 8.03476887330251, 7.090027472102726, 2.686761247455885, 2.275535508200465, 2.1541716457163718, 1.9060633874723116, 1.8405812923374774, 1.916701874403013, 1.8263418456902627, 1.6822923618946755, 1.5098227371293302, 1.5302093888764046, 0.9604701146980386, 0.6428142612733628], "r2": [-1.8188321953574773, -1.4545108581619033, -1.9128626631965062, -1.7919858245995552, 0.44040585303716084, -0.3325232699957983, 0.6867676353944208, -0.46165390634612, -0.1381345587831766, 0.8365609136209954, 0.8827629158921149, 0.8949349225306398, 0.9177430782171236, 0.9232978068755, 0.9168222995053489, 0.9244800116099403, 0.9359232138707817, 0.9483881178005289, 0.946984910446871, 0.9791135088110218, 0.9906444616936612]}