{"mae": [7.505511246220707, 6.642734633462924, 7.9809573477748215, 5.842203415334398, 4.001307020431956, 4.273164695099143, 3.96699481133392, 1.6958850181059082, 1.49018699655542, 1.2135799007213135, 1.3256147307827135, 1.1624513425759035, 1.270521588572097, 1.1851452077170361, 0.7584419333614588, 0.6714340352317546, 0.7639710123093176, 0.6195771665130677, 0.5760115678122485, 0.4837118366981881, 0.4297624187254812], "rmse": [9.54943109859614, 8.291411656205637, 10.537379340315535, 7.510515218669461, 5.334968918680922, 5.606516488428366, 5.44408921495955, 2.11765600413666, 1.8210544209908817, 1.5140777840954667, 1.6317561400433265, 1.4725754765325993, 1.6177406873208033, 1.4460905736460223, 0.9805813030168319, 0.8586309671816694, 1.0024278461986489, 0.8062515104893404, 0.7544593368739978, 0.6243374333856134, 0.56087128607354], "r2": [-0.7496849440989499, -0.3190516794510554, -1.1304438142624682, -0.08229167198259191, 0.4539044433534367, 0.3968975910603405, 0.43133654036009506, 0.9139569723953974, 0.9363716436190378, 0.9560153409365302, 0.9489124157636536, 0.9583936150335418, 0.9497862480837382, 0.9598767738133174, 0.9815510322330552, 0.9858545114702715, 0.9807198192821964, 0.9875277175255546, 0.9890786448319094, 0.9925209987622454, 0.9939642496357491]}