{"mae": [36.28372028895981, 20.04816928575938, 18.017212319278826, 15.734191306280664, 16.029811959786095, 15.943892084693616, 17.18789885489201, 16.13754000161352, 16.193865656625505, 16.051107566121992, 17.08544431905597, 15.998899801148745, 16.48266065279979, 17.089752872590935, 16.361034293884455, 15.627890241758594, 14.028263754975706, 13.849607559456942, 11.977200050256709, 11.144878544516803, 11.027884612188668], "rmse": [44.7224835138825, 25.03169679834526, 22.18397408044936, 18.540169653858822, 19.552620233978686, 19.43862152980105, 20.28742389435832, 19.168424095166788, 18.456811941872505, 18.428967791744224, 19.582645908170676, 18.661324359958854, 19.216500757233327, 19.895499672303437, 19.0909606805489, 18.07329289043187, 16.091917871591846, 15.958695314484572, 13.91465078809026, 13.292460289827934, 13.102857290203527], "r2": [-3.2581212271605065, -0.33397218956161034, -0.04771918029247901, 0.2681979799477151, 0.18609048334865297, 0.19555357785705463, 0.12376619645810161, 0.2177618098919436, 0.274763638225195, 0.2769501868082178, 0.18358882927556852, 0.2586024963779935, 0.2138329983394689, 0.15729436511387174, 0.2240713951814548, 0.30459025932874007, 0.44870784682549614, 0.45779819053393633, 0.5877973124032503, 0.6238362517127121, 0.6344908797253082]}