{"mae": [75.73823596971171, 74.36141366610642, 81.74836485215158, 80.59375623649848, 79.67782365643599, 66.7768779914214, 67.03687599203286, 73.50829539033015, 43.446071193974724, 24.756433846513787, 24.644566815526744, 23.497350845979135, 19.16457295862381, 19.501631765461266, 18.590953058918124, 18.04697398505474, 17.941246693952117, 19.464759912632932, 19.912245685949614, 20.378582379013693, 22.56072904884496], "rmse": [97.06778018733496, 95.9193040242963, 101.8346500769475, 99.84483242184908, 99.05196354604814, 87.92220790845744, 83.53894105421071, 93.26884149572541, 62.43779745933942, 35.14614822690722, 35.175694627895425, 28.947520636404874, 24.208673323172803, 24.10134831972323, 23.595144176401465, 22.97523032111062, 22.637465700031054, 24.45891824663164, 24.859640518697184, 25.12711691952507, 28.633301941565147], "r2": [-0.02373946952596917, 0.0003423602249909008, -0.1267573568530289, -0.0831545698151972, -0.0660201892533494, 0.1600829010030943, 0.2417416820112286, 0.05482458584330785, 0.5764210195126571, 0.865786956702671, 0.8655612034156738, 0.908953764024306, 0.9363231998220637, 0.9368865486494788, 0.9395098693736228, 0.9426466223948549, 0.9443205595609856, 0.9349999422670379, 0.9328526403621401, 0.9313999278139334, 0.910919608410559]}