{"mae": [72.12627009814531, 72.12627009798527, 72.76817351965518, 73.3958092032238, 54.86043566408726, 59.207382881290044, 56.98510055896586, 49.452858590989315, 45.115266129717696, 48.085884413052234, 44.08785413243021, 35.299211758005924, 38.847990039860896, 26.68155696176945, 24.841036482417135, 25.181095273563347, 26.177035618860796, 26.698754625652292, 26.60247665391197, 25.64595592960113, 24.729962503592283], "rmse": [92.73191784926985, 92.73191784926561, 93.47777783859145, 95.09642250455445, 71.12388251908317, 76.89693491044126, 73.43498595781006, 64.79193381826353, 59.53875177731014, 62.679728719024396, 57.56914456688429, 46.6474156777795, 51.791207701097996, 34.2932878353557, 32.28316841180992, 32.477690282155926, 32.96929551388266, 33.51663762809037, 33.42223029592221, 32.89008541978358, 31.954658909274432], "r2": [-0.02179283681451749, -0.021792836814424232, -0.03829587753040675, -0.0745650933160733, 0.3989158419358131, 0.29737689214902185, 0.3592178541213751, 0.5011772470461884, 0.5787850072226406, 0.5331701837667722, 0.6061925547118164, 0.7414410670479314, 0.6812747673786806, 0.8602593948946642, 0.8761612175235838, 0.8746643429702677, 0.8708412882356138, 0.8665172153660471, 0.8672681263527685, 0.8714611609835898, 0.8786687302759169]}