{"mae": [49.20887093808675, 18.981320632320642, 26.282715649001517, 22.27447965311636, 23.730335622085406, 13.671351226256688, 13.900951891284391, 11.51510417145774, 9.381949380898332, 10.289290781879924, 10.350701391073388, 9.622695748021664, 9.365051714580037, 8.66538315621068, 7.168128298630808, 7.214046180366764, 7.085708586818217, 7.097775069851231, 7.132684586687183, 6.695623140817718, 5.4700467579225585], "rmse": [60.69959868623217, 22.98704584949667, 33.01493525510441, 29.61411826256503, 29.67192139759624, 18.62127130981279, 18.956345243480282, 13.939668209827774, 11.593759622069387, 12.513745902605924, 12.666157075145646, 11.560241690762965, 11.49235753981853, 11.157245119514675, 8.9760473532526, 9.273317196372458, 8.876837319768825, 8.869814944137168, 8.513463932896348, 8.070917905015417, 6.655423933363748], "r2": [-6.35761955863498, -0.05519326984159534, -1.1766399116434578, -0.7513111037351101, -0.7581544658666715, 0.30755649823682973, 0.28241242904403474, 0.6119653017369604, 0.7315803709122678, 0.6872910201204369, 0.6796273545421185, 0.7331301469747187, 0.7362551754503373, 0.7514122993423764, 0.8391074412497909, 0.8282740534655687, 0.8426443974694561, 0.8428932638230426, 0.8552634256617876, 0.8699196945421436, 0.9115460693148058]}