{"mae": [4.5354132011560715, 3.709873695727254, 4.738597456187059, 4.446196660627638, 5.251534182031281, 2.8433738379278366, 4.3672124668193995, 1.7472323572190327, 1.4067121827347124, 1.4746492435691396, 1.4327962857277534, 1.2868597651619522, 1.2973181052178786, 1.3753735269369045, 1.4881954051037716, 1.22665911106873, 0.9368730774639148, 0.7408138867252007, 0.5325194112414373, 0.5272931143620359, 0.3170769306392573], "rmse": [5.560122854952318, 4.557554438077564, 6.171016119067417, 5.550939783995817, 6.8547894749669265, 3.7105345652338366, 5.734779498280715, 2.225142670957162, 1.8181907782516273, 1.901347761540073, 1.8758345353109558, 1.6616359849752902, 1.6289752952004652, 1.7021735123956838, 1.8842480068271112, 1.5562222291969077, 1.23812883166141, 0.9567664635896039, 0.6460638319953365, 0.6710672420558902, 0.4062539024837601], "r2": [0.20538654599254713, 0.46611112875716076, 0.021185261306921888, 0.2080091376452533, -0.2077453693651803, 0.6461166728884926, 0.15468108580421214, 0.8727367930778652, 0.9150299174839978, 0.9070797747213181, 0.9095567431100031, 0.9290325964348114, 0.9317950123867348, 0.925527695183753, 0.9087436135562492, 0.9377512883136965, 0.960597950490431, 0.9764712407079815, 0.9892715249246155, 0.9884250475042694, 0.9957578870260306]}