{"mae": [81.72184945115683, 19.57267986065969, 21.201372867588656, 13.955312029162608, 12.035575689267345, 12.63216919337738, 12.16541780240409, 11.746909755464111, 13.197952230451005, 13.924672938576784, 12.08782065288427, 14.362427426143094, 15.279111199235727, 12.754779059131671, 11.668689829657817, 10.283491770505364, 10.290244349112992, 10.188562650172102, 9.71151235968812, 9.71055293514728, 9.260446938689379], "rmse": [95.81197705551669, 27.631857027934274, 27.65173043481624, 17.4996463702738, 14.981731538028505, 15.604350338786597, 14.795783258458002, 14.875570432238362, 16.34392364693985, 16.954038118555015, 14.601476186266927, 16.793514184159363, 17.880401152896937, 15.117446727240493, 13.847413478708521, 12.572716036484886, 12.646691879124685, 12.503079364289565, 11.831788979400567, 11.933123841537158, 11.470843842265252], "r2": [-10.337955790334396, 0.056992163407382224, 0.05563521386978498, 0.6217719785806446, 0.7227834357319011, 0.6992632236755367, 0.7296221706381718, 0.726698249884371, 0.6700806369694057, 0.6449892809726028, 0.7366770665210192, 0.6516800683717736, 0.6051340622985981, 0.7177382373096726, 0.7631723115149465, 0.8047669364186142, 0.8024627375307052, 0.8069236272006461, 0.827099604624054, 0.8241252670185714, 0.8374878295113625]}