{"mae": [65.17840057348312, 57.18655604644491, 56.954486022570265, 52.86003374219436, 64.36383101673484, 65.07231092726269, 65.77319852287663, 65.90398645684519, 63.666615896757115, 52.957326690306836, 46.00585788980294, 55.88922942262896, 26.86211018931198, 49.83699144973831, 20.466383173802654, 43.718148281126275, 21.598210974685607, 20.149617383083537, 21.199860039671783, 20.23812327806919, 19.976428606386477], "rmse": [86.52146735943371, 76.66813681707642, 77.60252723777596, 69.64454749040075, 86.10001735566246, 85.4864494556509, 87.17434535918355, 87.12972746670505, 82.75523328786191, 71.77366210700436, 64.08054595835475, 74.41488494809414, 36.9870255106648, 64.40395842591592, 28.055971315483816, 56.713951572826026, 29.291031389286143, 27.087889440072512, 27.674123700038805, 27.48855287122399, 26.95998108532718], "r2": [-0.005130562914916759, 0.21076825637861207, 0.1914135559978819, 0.3487481527913944, 0.0046376616676075955, 0.018773461555268045, -0.020356923472286015, -0.019312705138858632, 0.08047051231383962, 0.30832044645804735, 0.44865031254929877, 0.256477088881809, 0.8163150645632073, 0.4430709801277021, 0.8943120816680001, 0.5681285027687689, 0.8848022346059251, 0.9014798504000372, 0.8971693734535258, 0.8985438260444818, 0.9024080731887201]}