{"mae": [6.88818772451103, 6.317106519052993, 5.167447947929519, 6.491715113158112, 3.9316274842495784, 5.44360737445047, 2.6784941283418955, 2.0985745540181866, 2.014484189815281, 1.4354915813152656, 1.3678122850191456, 1.1044405435090605, 1.1216044818240432, 1.0179722889674283, 1.0112008606346987, 0.7682379177490971, 0.6095060388204315, 0.6022077344797839, 0.49644774758352866, 0.4140324106809948, 0.42130223085297586], "rmse": [8.764461894492472, 7.80756389006335, 6.5686049791537435, 8.494600155932881, 5.043553474283233, 6.841184422081697, 3.200996770970482, 2.539155532023722, 2.474981963314047, 1.8154892720986093, 1.7318093634960325, 1.381106167124551, 1.3849310442830096, 1.275891438404049, 1.2512234338700787, 0.9340115221776555, 0.7911082530575777, 0.7688183643552879, 0.6372088322672405, 0.5391244290090418, 0.5517658938375287], "r2": [-1.174751537321964, -0.7257990506407046, -0.22153361453737408, -1.0428901513447806, 0.27983436835678177, -0.32501784850018844, 0.7099121065788183, 0.8174685349399676, 0.8265783919900216, 0.906686064502213, 0.9150899104212237, 0.9459975751444458, 0.9456980490648169, 0.9539121362222422, 0.9556770282256555, 0.975301896866742, 0.9822813364109423, 0.9832657354945625, 0.9885046365777416, 0.9917711877301872, 0.9913807627274127]}