{"mae": [5.450376867705798, 3.92111451219407, 5.900028720463765, 6.189669586552919, 4.86000526799059, 4.203062502995246, 4.278318812567361, 4.401532834537594, 4.6723392389708875, 1.5235599810842362, 1.371783017546893, 0.8697042905588467, 1.0406427354922028, 0.8084446108249232, 0.7698453685695712, 0.7174036856580187, 0.7493558236811156, 0.7618181799639333, 0.7365974872882617, 0.5474621426229507, 0.33281864085246254], "rmse": [7.304793637759396, 5.160459399794089, 7.453132733453586, 7.674302800156518, 6.484798308495614, 5.613413288814888, 5.62803369244709, 5.71102580409869, 6.027415358716288, 2.1053846338173936, 1.7772644883052975, 1.0761044950046297, 1.2774750729951934, 0.9897551391208633, 0.9706556221465333, 0.8869171945903426, 0.9430735947949355, 0.9601375617543012, 0.9205658747123139, 0.6757588236146405, 0.405076253087949], "r2": [-0.4342133391357701, 0.2842281975874855, -0.4930541732812117, -0.5829810508473419, -0.13029238220442085, 0.15306146914269925, 0.1486439398961621, 0.12335027832772372, 0.023527323997137972, 0.8808591340942429, 0.9151011160961097, 0.9688751873922546, 0.9561365564334964, 0.9736698468482636, 0.9746762391737838, 0.9788571268783676, 0.9760949847699748, 0.9752220840920948, 0.9772224191120663, 0.98772613606036, 0.9955896665858635]}