{"mae": [71.65844413976819, 73.74388742850684, 55.252365627648615, 71.7201935602312, 70.5264117254378, 50.665237985406165, 48.65868898463766, 44.94884847603899, 41.93712037375021, 47.858454616822534, 33.847148210304574, 32.1273831705881, 29.958394638442474, 31.127866956222455, 32.305428134621884, 43.097879900528575, 28.118972871029165, 28.959065205070207, 27.36462519374576, 25.6920440773067, 23.513376627170032], "rmse": [94.89127660876008, 95.41761732271847, 66.72628043836824, 95.2428101242283, 94.02725382400203, 70.25206530183439, 67.03600981432866, 62.77105070834151, 58.874470460186416, 59.59237749589489, 48.073439394828334, 46.46871202753986, 43.696923221130675, 44.27313653480752, 47.19202566054422, 56.401795680114056, 40.59431764725509, 41.591542362843185, 38.810965072276986, 37.05563074255535, 29.56412798694909], "r2": [-0.004558434045362825, -0.01573346348283655, 0.5032744969881731, -0.012015179973430268, 0.013652087298243964, 0.4493941540301908, 0.4986524035682427, 0.5604164601602378, 0.6132977906688051, 0.6038095068219091, 0.7421702575658747, 0.7590960638328159, 0.7869780565104451, 0.7813229498432079, 0.7515380644829549, 0.64509796682352, 0.816154452253208, 0.8070109460644261, 0.8319527114545662, 0.8468097780286798, 0.9024891880123183]}