{"mae": [5.249162792818603, 5.677167834356613, 5.30992146725859, 4.278258269960221, 6.257772761288599, 4.509867549668744, 1.980838476882205, 1.9621107768321004, 2.044368224435456, 1.7434430632198485, 1.2598086901214796, 1.1243225314641567, 1.0997203691966995, 1.1552930524067984, 1.0984111704684485, 0.9461310313464764, 0.8038374093982388, 0.9525986312466302, 0.5106749202800769, 0.5829776458361516, 0.4597412201596465], "rmse": [6.838307766713241, 7.32811306304081, 6.702249897548647, 5.236417377910887, 7.970428496480036, 5.502082085317191, 2.5259569007103053, 2.4511382694674375, 2.620190431102206, 2.216186695113038, 1.5986109153176509, 1.3852982958937952, 1.3470732637677063, 1.431811590274972, 1.3664878901424513, 1.2129776729042363, 0.991456744321341, 1.1617291687279965, 0.6359841881461877, 0.7107903807306218, 0.5715291306576374], "r2": [-0.12643390507608898, -0.293578387230804, -0.08205581121308181, 0.33949373818833206, -0.5302830517246442, 0.2707733044653019, 0.846304801386037, 0.8552748362769935, 0.8346233688282859, 0.8816900925014397, 0.9384406569746558, 0.9537730725548144, 0.956288988013725, 0.9506166923123808, 0.9550199428483855, 0.9645583410441425, 0.976321402729207, 0.9674899067031215, 0.9902568123949199, 0.9878299738378875, 0.9921316228125647]}