{"mae": [68.5838618704814, 68.59229855414246, 68.68396509686455, 61.3012889924564, 68.60018010982192, 64.79689818700186, 66.618962215444, 66.91329188985192, 62.23702198270543, 70.40632838514361, 70.78118432598515, 68.58410865707994, 68.76813366977845, 24.504996835814204, 22.360152210509344, 23.3792869464444, 21.3465300825123, 19.80496729410653, 19.667500267689288, 26.67710760124141, 24.86811537345717], "rmse": [85.39657713263259, 85.40828767283656, 85.47631542600172, 77.7809035432145, 85.40684437320385, 79.05553151762888, 83.2235958144565, 83.33471809506506, 76.68502063978725, 87.69105785514667, 87.97951298770923, 85.39662387227833, 85.6715227996033, 35.37132197770227, 30.28774854153913, 32.061368101834525, 28.2567338555121, 27.313311907899056, 26.93569231835476, 35.647931359050844, 33.5321833726984], "r2": [-0.001631272706835718, -0.0019060014590377428, -0.00350267456256792, 0.16905378122451142, -0.001872139678523288, 0.14159651111374827, 0.048694734008155494, 0.04615262359253991, 0.19230382565211013, -0.056179093545984715, -0.06313901328932414, -0.0016323691419679598, -0.008091426538153312, 0.828157915821399, 0.8740027894990173, 0.8588141902713169, 0.8903342860182014, 0.8975349687849961, 0.9003486392701769, 0.8254597418054679, 0.8455632644014361]}