{"mae": [20.679136782360594, 15.96364282069055, 15.725907637297201, 19.424579447135805, 19.238661602994913, 18.963201797596074, 16.881590313130236, 17.371772601087656, 16.37825664915801, 13.227283850846131, 12.725421733455741, 12.89109626708069, 11.588523489612403, 11.95372780366356, 11.060188733609364, 10.771225813646577, 10.572916615569431, 11.770775034784315, 12.30667237101577, 11.57336983044522, 12.013517503939939], "rmse": [27.555539520919325, 21.576799250753748, 21.56605190516132, 24.405602219736522, 24.816121340097144, 23.883853269892796, 20.089431933418478, 20.743286388389276, 19.45917159147079, 15.31865058649295, 14.863082588022701, 14.988352435225837, 13.57369679492276, 13.938083909524629, 12.805276498703735, 12.489800211723775, 12.160323966100576, 13.049190028007027, 13.787769936521638, 13.02516291896738, 13.432663448010574], "r2": [-0.4167466394699664, 0.13134285604036267, 0.13220799209329692, -0.11135654352974722, -0.14905855840762872, -0.06434676060474387, 0.24697452853433488, 0.1971591157064454, 0.293482295488121, 0.5621600614807003, 0.5878150449107589, 0.5808377655004946, 0.6562278886394795, 0.6375229595541514, 0.6940487198487556, 0.7089381156682572, 0.7240917768888031, 0.6822822597831183, 0.6452990022650736, 0.683451192227907, 0.6633344943862021]}