{"mae": [38.2710973821997, 29.912921502098257, 18.618571133998167, 22.40364069953114, 15.486526201181794, 16.604119684957777, 13.567511979914855, 12.407797599111607, 13.553682822158764, 10.264451458067175, 10.09706287473775, 10.077348950820355, 9.236845929607973, 8.982191874344581, 8.677146357707384, 8.097037839104447, 7.878607727234082, 7.303712347446654, 5.0020604141931, 5.367997401645224, 5.293720856637723], "rmse": [48.78115429684048, 35.98724410923199, 26.04582473070631, 29.907672380381058, 19.583677128639266, 20.077199651431634, 17.462537633699753, 16.37287860083361, 17.798765208439495, 12.995297286249842, 13.10866944088207, 13.255716842864318, 12.328359547074966, 11.696527770767851, 10.444940571926415, 9.808777968628046, 9.539656340097844, 8.943441589199551, 6.321094081989218, 6.659260316365764, 6.4819302023196945], "r2": [-3.119540861895304, -1.242032218419248, -0.17441312743420934, -0.5484953257587795, 0.3360534012979788, 0.302167896658438, 0.47209061873821356, 0.5359179691358676, 0.45156594074831036, 0.7076405691712088, 0.7025171772719687, 0.6958056757716445, 0.7368791562659988, 0.7631580750558643, 0.8111327676382089, 0.8334385559148003, 0.8424530031099173, 0.8615305333576683, 0.9308281838898496, 0.923229096112536, 0.9272633374453237]}