{"mae": [27.371280736928394, 21.07564410080437, 24.17997411341078, 21.821617658211963, 15.398977836711213, 19.112991819517493, 13.287558244994521, 9.822513552036655, 9.420674535064975, 8.657488515213684, 10.728415673217675, 11.347171112863954, 7.837086393191142, 7.956070482347835, 7.84971600914808, 7.367448923207097, 7.437558014220306, 7.082359692949011, 7.5608095941379485, 6.898006997398695, 6.423850448105052], "rmse": [33.999767169497616, 28.170637648972882, 32.87210922544375, 28.79827086935574, 21.26009412683015, 25.766790817197002, 17.400313742246865, 12.929025863615633, 11.836876197696634, 11.037128131167288, 13.417689001165028, 14.022122546774117, 9.924283790492682, 10.232062169077745, 9.501885830817226, 9.052770291071358, 9.114110539922127, 8.526984130991195, 8.922437730961322, 8.12090895564558, 7.677025189587858], "r2": [-0.4651384261056326, -0.005819677203086293, -0.3695626868344526, -0.051137662487305, 0.4271286031829815, 0.15851295122316944, 0.6162565896735424, 0.7881354079346627, 0.8224171656404513, 0.8456029701863774, 0.7718175621960347, 0.7507964129102082, 0.8751682318372972, 0.8673054417040529, 0.8855682898285512, 0.8961300855842232, 0.8947177019597072, 0.9078452591418426, 0.899099382477668, 0.9164135162789483, 0.9253013584506925]}