{"mae": [74.20364292319607, 63.3951527686559, 66.78522396240223, 66.80087369090862, 45.60876275231191, 69.44649327506887, 62.93646237755308, 30.550055411246404, 28.232079329741552, 38.01544616648593, 27.248545247271682, 26.31901654636557, 24.847991341584002, 23.794287932680508, 22.99332417716324, 23.806227788032498, 24.163816360498608, 23.16732082030942, 23.187161731523545, 25.036934446793854, 24.659367349600924], "rmse": [90.71026574189906, 78.95096544803077, 82.12469461589181, 82.87779905436538, 61.22056990716499, 85.38496866399049, 78.54056258251266, 40.33427923174528, 36.27205797780386, 48.301893218638526, 34.636334227393014, 32.502333324987184, 31.061160878792485, 29.564435834087465, 28.5686646866796, 28.27169226891168, 28.636451990182955, 27.48324535487923, 27.886953937669208, 30.075903140485426, 29.754219583201643], "r2": [-0.034226608142998494, 0.21653839359203164, 0.152284032237194, 0.1366652006052611, 0.5289168561065223, 0.08364094605892192, 0.22466240284848316, 0.7955197207534191, 0.8346336188892182, 0.7067546491886412, 0.8492120378237455, 0.8672202311795884, 0.8787342395769181, 0.890139386398143, 0.8974152718553894, 0.899536931616858, 0.8969278712517419, 0.9050622666940793, 0.9022526511454431, 0.8863053095806476, 0.8887243971220901]}