{"mae": [120.8780817334708, 95.45055245934729, 59.23584687346653, 59.000173871246595, 56.8998318925341, 61.39549020753852, 45.96053961375641, 41.11643484733879, 36.607667508067294, 33.11696707541011, 35.996421019173575, 33.46331425566764, 24.560086713359553, 23.503525603859586, 29.718983782106903, 31.16515935094567, 27.808714628303942, 27.171555832745717, 26.531041106618144, 27.35505004090413, 27.21073676194792], "rmse": [141.71399333786442, 113.55929367605798, 74.38140319274413, 72.07645765187894, 70.9335456752406, 75.12094472936674, 56.06060345074792, 50.571331943673435, 45.99339759683945, 43.03190966361477, 45.74352388377613, 43.736014011525135, 31.458110127037564, 30.007155206782738, 37.06889987074648, 38.85772704621976, 35.813984795864336, 34.522677030854794, 33.96432303766016, 34.96631727840576, 34.612763494736875], "r2": [-2.1156415084508517, -1.0006327511313033, 0.14167701454445814, 0.1940485569009618, 0.21940575183876865, 0.12452431053201418, 0.5124293604094623, 0.6032373399532003, 0.6718193322899559, 0.7127214182940258, 0.6753755369045866, 0.7032433847785524, 0.8464721154686038, 0.8603079605033745, 0.7868224810616851, 0.7657515124879255, 0.8010118113730753, 0.815102542382214, 0.8210350701352895, 0.8103198882600722, 0.8141363084533427]}