{"mae": [4.398469825918404, 3.8332930640422513, 4.958888073401454, 4.58384662679775, 4.129341908346387, 4.15012616212385, 4.294256430370869, 4.539087177004469, 2.4274329453575714, 2.2613513411145156, 2.1594954758971054, 1.2646981737497591, 1.106417366687561, 1.2167185132727036, 0.9577121183351852, 0.7969512879386978, 0.5674168344753032, 0.508165695222488, 0.4554888632987837, 0.4684683886086431, 0.39218279821564395], "rmse": [5.2699244339321965, 4.690151626652295, 6.284957401968651, 5.587840188463221, 5.118927036182539, 5.145872799545215, 5.299467883947376, 5.713602765816366, 3.10032333942556, 2.835850573301147, 2.6942194289530486, 1.6860191328269662, 1.468278710726242, 1.597220829889078, 1.2680698246671143, 1.0159678072761684, 0.7488454572738348, 0.636248575733024, 0.5747535949836938, 0.5980667342302032, 0.4968296043885846], "r2": [0.3635673561908307, 0.4958991405637725, 0.09479207278970103, 0.2844637751684276, 0.3995158477522499, 0.3931773747024967, 0.3564116104638052, 0.2518929322585919, 0.7797288338558491, 0.8157063556689119, 0.833655058393264, 0.934856862921793, 0.95059616356607, 0.9415380089282611, 0.963150635050407, 0.9763460559527349, 0.9871492619576897, 0.9907232187066212, 0.9924298050388085, 0.9918032259244542, 0.994343359172878]}