{"mae": [28.972389420955864, 36.28887585627527, 23.9105671249753, 33.55556860474716, 13.50750875646147, 19.895410927076362, 18.093936386893034, 8.496156057539158, 8.18474930439401, 8.784066908770717, 8.708109012596886, 6.9100531036111805, 6.598485443178097, 5.785343109416093, 4.7966528571559035, 4.7182379756129, 4.804103349882694, 4.446336975364055, 4.234939835596869, 4.342267484648347, 3.917681536712023], "rmse": [38.218875679954834, 44.71839223373893, 30.220790209122903, 42.140028406027405, 18.055268712918284, 28.92678060163779, 23.66668599773094, 10.721762089048635, 10.357072671284044, 10.755271807285162, 10.795827840945156, 8.721288045687224, 8.45409221626939, 7.316064911870422, 6.063777765837636, 5.944991934330696, 6.106619200367359, 5.529835106317661, 5.218665491647757, 5.325784029204873, 4.867301597210465], "r2": [-1.22667478556943, -2.0484097316110113, -0.3922351991570976, -1.7070147714433084, 0.503054353613795, -0.27556084885063314, 0.1461612216882523, 0.8247599735892084, 0.8364784388917154, 0.8236628739903904, 0.8223305007937807, 0.8840522731684336, 0.8910480671858942, 0.9184064032581181, 0.9439484624700917, 0.9461229861223118, 0.9431536407507584, 0.9533850373940382, 0.9584835799030378, 0.9567617528605322, 0.96388584207057]}