{"mae": [6.351557445387041, 5.201596758976969, 4.639243238247683, 4.168075984818571, 5.171572778049459, 4.382129059513859, 5.938167797608003, 3.2943644505456926, 2.252915290425555, 2.1331225895154575, 2.026826279638007, 2.007954493353395, 1.9988528268268753, 1.8597567261043262, 1.606348731820204, 1.0621058575452325, 0.9006255037636444, 0.9043923303335092, 0.8517457036473749, 0.7670922215604763, 0.35301738497536533], "rmse": [7.884167102562949, 6.8534513713600465, 6.14224212870255, 5.371907335916411, 7.044986468899497, 5.346565152235681, 7.353505364408592, 3.9769896731443035, 2.7892206391379517, 2.6805365775743013, 2.5396442270368556, 2.5250286827988386, 2.4631638410729813, 2.2948723591546143, 2.017036820962604, 1.3576517756869737, 1.1331168203498072, 1.135572725927946, 1.047172744233712, 0.9524052644696224, 0.49092123023677287], "r2": [-0.580875213351542, -0.19455079169328826, 0.04051141091644872, 0.26608971410996096, -0.2622526057289263, 0.2729978819598107, -0.3752282226689785, 0.5977510900924767, 0.8021428770949157, 0.81726176541594, 0.8359668169587084, 0.8378493922043831, 0.8456976464306901, 0.8660622437007209, 0.8965302018343286, 0.9531226844970344, 0.967346080175485, 0.9672043792506628, 0.972111663558791, 0.9769309599011307, 0.9938707183679713]}