{"mae": [8.569605233988076, 6.250909451738656, 8.895771505557748, 9.019465020627578, 6.705938554601083, 5.58742497263965, 5.840190866765332, 5.440913977466481, 2.2471906484965642, 1.8977331387288408, 1.5726558019765493, 1.5294934275379, 1.4317240578888069, 1.3214116337055386, 1.197087660520893, 1.2027909070193794, 0.8313745476697999, 0.8265171996299233, 0.528227990088234, 0.41906868124254953, 0.39762453974664], "rmse": [10.485481022325299, 8.452608693521515, 11.115256816991916, 11.23472106368697, 10.015776537507021, 7.145973885953547, 7.523470918326467, 7.283611769271649, 2.701122389189855, 2.3196350912139176, 1.8368023837922636, 1.7816917211145546, 1.6800201424065173, 1.529125861919483, 1.4188561647050388, 1.3948431231693916, 0.9681577200977869, 0.9821458419632755, 0.6454036973936248, 0.5297176219278987, 0.5083502788887284], "r2": [-1.116970019085597, -0.3756866369390097, -1.3789044207244805, -1.4303150638764386, -0.931555730526058, 0.016757052598424416, -0.08986946110978455, -0.021483999841195756, 0.8595161127455305, 0.8963958073970524, 0.9350374806661806, 0.9388772177930746, 0.9456540771706297, 0.9549780338120998, 0.9612372363351094, 0.9625381930382223, 0.9819519528807309, 0.9814266623020422, 0.991979510242836, 0.9945971012148385, 0.9950241861718431]}