{"mae": [22.62694214405324, 26.90571963433095, 15.609153619748458, 14.569956193226313, 15.290549438848934, 18.127580406131425, 18.050123181884324, 13.452695622874566, 13.147243677251199, 9.797744899800692, 11.219311523776591, 9.774087127064616, 8.85550038470256, 8.7605684190867, 6.701314448483301, 6.655775227501186, 6.751259607260951, 6.882273514958739, 6.05933008607906, 5.489420416871115, 5.397824175717992], "rmse": [29.24825932174639, 34.13614307606929, 20.337911898115983, 19.14538871370054, 19.394656423660663, 22.27759356902883, 22.468240005197497, 16.87964911459296, 16.60485865602867, 12.351856205987007, 14.005452653729446, 12.281363022585872, 11.159550870060425, 11.02766550840398, 8.30981704619115, 8.25330784395599, 8.229926345729593, 8.474963227055516, 7.313263589985381, 6.639821763467945, 6.527746994503757], "r2": [-0.6627698028774154, -1.264962311334862, 0.19602081890961387, 0.2875400496635061, 0.2688672119686102, 0.03535252372489972, 0.01877142237821372, 0.44619240358662804, 0.46407693836192754, 0.7034509521717992, 0.6187354916672813, 0.7068261588744935, 0.7579386160255488, 0.7636262480773383, 0.8657806893461528, 0.8675999441581883, 0.8683490563146119, 0.8603928296898745, 0.8960428096585306, 0.9143070837824244, 0.9171755221747135]}