{"mae": [55.472562330525314, 24.983536361407733, 24.983865083785147, 24.37183785538306, 17.503426754785465, 15.089481002416894, 15.699704536680297, 12.790664173731606, 14.216584626795873, 16.561064450325446, 12.352837091769524, 11.994272938330017, 11.10166678922969, 10.291765830029085, 11.185202665107594, 10.28933981094709, 9.40998348094156, 9.602201765905997, 8.403883714413324, 8.200256547551868, 7.969947198348413], "rmse": [71.0075886637669, 33.76397532303289, 33.833219086675435, 32.56353528773617, 21.117826961351703, 18.851480279749996, 20.55571509230998, 15.833912143676018, 16.57433148261787, 18.75476603408322, 14.017203419429219, 13.549206224363003, 12.513951873088246, 11.650902445275168, 12.551647273116327, 11.575996828727108, 10.720439769677645, 10.843827413350033, 9.649390851071292, 9.455986537376742, 9.197257415438765], "r2": [-7.100361077152863, -0.8314792264174811, -0.8389989899697992, -0.7035620049560674, 0.28353776650567286, 0.429066186436899, 0.32117156188194196, 0.5972168347922944, 0.5586665050512823, 0.43490931287170365, 0.6843414185375449, 0.7050675526683406, 0.7484155413860649, 0.7819209330402765, 0.7468975780039286, 0.7847160531081271, 0.8153624405329496, 0.8110877840163526, 0.8504127271347053, 0.8563490378674629, 0.8641024797053259]}