{"mae": [4.846557845725955, 5.783639319099791, 5.03756263896672, 4.263115514186472, 4.100818557957957, 4.230913312920858, 3.0668112002186514, 3.381070797460645, 2.778832346120615, 1.6328926313475256, 2.372632065663128, 1.2731113141664465, 3.1032177744110485, 1.0539389745027434, 0.9676216325794538, 0.8371286811012719, 0.7755070322986374, 0.7339472213282918, 0.7330714911741739, 0.670849382875032, 0.6175922635724196], "rmse": [6.198470834605651, 7.911684042644439, 6.252100829516113, 5.08466783957653, 4.921636093878365, 5.197591752727693, 4.040570346052662, 4.391244615776905, 3.879698565112666, 2.33738079240736, 2.911152131665019, 1.6657170017083158, 3.9280590828462953, 1.2970083225530664, 1.1911700774926264, 1.0131492894516976, 0.9373212050358303, 0.8610997843431407, 0.8594659540146787, 0.7927833089492716, 0.7254497779507936], "r2": [0.19513986554228424, -0.3112610560556699, 0.18115210010830263, 0.45840272851562014, 0.4925768344774397, 0.4340792448231948, 0.6579917068466943, 0.5960509851423689, 0.6846830906124455, 0.8855514658928849, 0.8224661808961884, 0.9418762361262109, 0.6767732349476928, 0.9647599254564213, 0.9702765755465306, 0.978497043265517, 0.9815953239717784, 0.9844668958702494, 0.9845257842379908, 0.9868338048231567, 0.9889753198894526]}