{"mae": [69.99701209746544, 74.4640825926626, 63.512896323131635, 63.86674652743747, 66.07846448833122, 69.39962411338836, 63.03826727645861, 62.062410648620315, 59.37345287040558, 58.56379033222574, 27.22788023949173, 27.595591537879667, 29.781028758644755, 28.806734091719083, 24.105426110333486, 25.102868824200165, 21.262176477762956, 21.35371358612037, 21.170893026870512, 22.104559995678734, 20.20900295509294], "rmse": [89.17749678207443, 99.71829804523367, 78.16998592585344, 78.6643241606237, 81.37515087886537, 89.52965778701522, 78.7378791727456, 77.73853632837702, 77.08383475939111, 75.81340187919196, 36.81721781199188, 36.020915454428625, 40.13899563179821, 37.43812366105264, 31.52444920023077, 31.914824744398487, 27.488565033341935, 27.564878732131767, 27.638107565312453, 28.103021097363953, 25.95323316185963], "r2": [-0.01660597310881018, -0.27113541023139986, 0.21887206481333632, 0.20896129516136608, 0.15350243010687825, -0.024650959364976632, 0.20748128335174143, 0.22747094752843977, 0.24042838727840699, 0.2652593446102308, 0.8267217569777938, 0.8341362064605088, 0.7940436888789782, 0.8208279548304062, 0.8729609853532703, 0.8697951894804417, 0.9034068696825783, 0.9028698019056984, 0.9023530444057002, 0.8990402838425368, 0.9138956606456514]}