{
  "0": {
    "mae_mean": [
      38.15475363523498,
      23.026815188058812,
      20.513235069433613,
      20.62464991895871,
      16.499667417616042,
      16.652022893046826,
      16.135819368923944,
      13.567099140392054,
      13.593935157181225,
      11.980218707389493,
      12.041970653401552,
      11.338711598452264,
      10.669859497664577,
      10.236097858439024,
      9.529764164783732,
      9.119386774449449,
      8.677501180355316,
      8.608918015231946,
      8.032606278206627,
      7.732203882547895,
      7.407661705514521
    ],
    "mae_std": [
      18.34986072080248,
      6.125157821453174,
      3.8834528935873927,
      5.488738259638778,
      3.060555336203259,
      2.282832487385983,
      2.926123865284928,
      3.7448388833174184,
      3.935108472998538,
      2.734678841715044,
      2.351564144304413,
      2.4730749964744088,
      2.963323812933447,
      2.9581616725225692,
      3.0974687462599935,
      2.8653078752896737,
      2.4250733166570395,
      2.6100285787355446,
      2.5558937504240626,
      2.3333128525429396,
      2.519732501704052
    ],
    "rmse_mean": [
      47.74578052910941,
      29.509046868016657,
      26.862005305421565,
      26.68306470700877,
      21.00832595947219,
      21.517330515462145,
      20.57292132803654,
      16.734749419804253,
      16.522288898286295,
      14.413604986896804,
      14.516924966113304,
      13.611553937728209,
      12.875224243098355,
      12.398075958953791,
      11.323644956503575,
      10.90866472763611,
      10.37374540470108,
      10.219823667485276,
      9.49501228183763,
      9.198587606919759,
      8.826610302859203
    ],
    "rmse_std": [
      21.148152206907646,
      7.173289786691914,
      5.130953564353887,
      7.181166915196629,
      3.7661185684877068,
      3.6882493145098287,
      3.986990358758313,
      4.105599380187936,
      4.380615973199397,
      2.779802549505732,
      2.4429682745831696,
      2.635873937219597,
      3.1580869317341858,
      3.180659913674062,
      3.418455675382346,
      3.1200548729670485,
      2.617601382474215,
      2.8003741579366834,
      2.7903017561347867,
      2.635206659999278,
      2.812935873474486
    ],
    "r2_mean": [
      -3.3390274489954805,
      -0.5448775551324664,
      -0.24553493640099816,
      -0.28233053594149005,
      0.19188098133565845,
      0.1879730500340316,
      0.22207566652735924,
      0.4657223589281941,
      0.4783074185436417,
      0.6252368640846663,
      0.6156551600498458,
      0.6676636995822978,
      0.6934194067708388,
      0.7083750643181081,
      0.7512915376986885,
      0.7695678239878077,
      0.7979827254311761,
      0.8010608969580971,
      0.827755568208606,
      0.8396174378439915,
      0.8493837290082892
    ],
    "r2_std": [
      3.3029682041031903,
      0.7223067110327097,
      0.435127702093063,
      0.6363727207575935,
      0.3868721367857228,
      0.2566730779534332,
      0.3827715130215147,
      0.3236574084570962,
      0.32679393294441217,
      0.16435721500162456,
      0.18610687792951297,
      0.15448288974399674,
      0.179604099543018,
      0.1979326668362691,
      0.1900242324766445,
      0.16971254285124046,
      0.12927911243968518,
      0.13275938313103558,
      0.11384549321579715,
      0.10233160200200483,
      0.10702839061957166
    ]
  },
  "1": {
    "mae_mean": [
      76.5131996099705,
      72.1451174901376,
      67.19959226714869,
      66.53972245406104,
      63.737110299440715,
      63.77430608183679,
      61.25587058739488,
      55.15252627945146,
      51.15106536287256,
      50.23720827456233,
      43.640439930880554,
      42.780832163703195,
      38.89714209863883,
      35.10705020646792,
      31.754026454102085,
      35.52631107418691,
      31.10250040005071,
      27.713143702105924,
      22.627029607842548,
      23.31162651317717,
      22.220227330096982
    ],
    "mae_std": [
      15.11094397805091,
      9.708555032293079,
      8.165074812185532,
      7.554559067276786,
      9.102269858013802,
      5.801585581913716,
      7.745642980024777,
      12.682772102701563,
      13.158315053641045,
      14.298229386960815,
      16.32789366178069,
      16.971750264723646,
      18.107683915978868,
      15.911222761550366,
      15.60270180891249,
      15.496942253890326,
      15.950737183094871,
      14.676114318773552,
      2.9128854290983566,
      2.8862481110718226,
      3.31493451257946
    ],
    "rmse_mean": [
      95.70370483036984,
      91.27262154052269,
      83.87330959389698,
      83.76482598107329,
      81.19011427470355,
      81.25318369805166,
      77.52178300144426,
      70.79244214594823,
      66.03664555987676,
      64.14480001242349,
      56.49364148063704,
      54.72016967462874,
      50.066657923551794,
      45.21290595424797,
      41.154697188734545,
      45.12360117232948,
      39.81867879776783,
      35.453589449215436,
      29.579013455003246,
      30.495397614925253,
      28.672606899187947
    ],
    "rmse_std": [
      15.80138578949813,
      10.70963854564018,
      9.849478580519898,
      9.633419275806578,
      10.764908137555567,
      6.080574783540619,
      9.136656875218147,
      15.619170866194233,
      15.3994609680092,
      16.67765647801437,
      18.802588314684197,
      20.4469944290684,
      21.440357676703982,
      19.094607026332326,
      18.879044281524102,
      18.94698539423839,
      19.177999454441593,
      17.140368496904298,
      4.131253198131834,
      4.093206469481,
      3.9146604214860337
    ],
    "r2_mean": [
      -0.25291172804830675,
      -0.10934551870374212,
      0.07303475160039484,
      0.09053591607188703,
      0.13577434717667566,
      0.1351954792304574,
      0.2064533488138948,
      0.32015912592804713,
      0.3938805221748026,
      0.4165717856048328,
      0.5230369979985642,
      0.5385023536091293,
      0.5994426797389749,
      0.6745400341857242,
      0.7215101785993622,
      0.6774025982008958,
      0.7335890948454669,
      0.7942162883964807,
      0.8841892292910727,
      0.8763714371491138,
      0.8905260286222443
    ],
    "r2_std": [
      0.6269783003043266,
      0.34254895293326454,
      0.209319526527817,
      0.1346289176861877,
      0.1845916489385758,
      0.13773189216271697,
      0.19204957581155546,
      0.2622192033913691,
      0.2765039671107439,
      0.2958309877825116,
      0.32660335170859883,
      0.33960419979700196,
      0.3486154087920809,
      0.29372977055949423,
      0.2889479124552084,
      0.2816728456796664,
      0.295064314514718,
      0.2626849138429935,
      0.03261080832959876,
      0.035854999645577534,
      0.03441331636234517
    ]
  },
  "2": {
    "mae_mean": [
      6.303087859268155,
      5.571123129475362,
      6.199898069456326,
      5.833799733469201,
      4.817148729462932,
      4.547348407755228,
      3.917781395688155,
      3.5063838515243475,
      2.692114041853615,
      1.7484053005099356,
      1.6694578353693146,
      1.3397624013830793,
      1.5060320226471138,
      1.2533214419618621,
      1.1426684464024948,
      0.9754825296963748,
      0.8362642683298676,
      0.7921663060515083,
      0.6681353492445843,
      0.5670288843074069,
      0.4252520255865758
    ],
    "mae_std": [
      1.619919710121068,
      1.3936180934703724,
      1.7292519501683197,
      1.7954466455406561,
      0.975154867352529,
      0.8345846488698079,
      1.248633795332173,
      1.5934291304272923,
      1.293980924751331,
      0.3365250398654933,
      0.3757308380263499,
      0.3222750685263925,
      0.5995562534936424,
      0.2788647845504712,
      0.2987038932550179,
      0.26061276072912143,
      0.22386345974702654,
      0.20563779019049047,
      0.2322788910503979,
      0.12821675362794774,
      0.08764044366149028
    ],