{"mae": [4.201090094178264, 4.15837087087568, 4.805538673211461, 4.914496536280883, 4.767336755141366, 4.843102771492223, 4.819253693701873, 4.603784560940795, 4.611099202806143, 4.733505686476934, 4.3399521084385775, 4.55914340932582, 4.2918831426756245, 4.052909032332944, 4.024575659075848, 4.129743411468138, 4.4063264810050295, 4.419647562008833, 4.461349320291706, 4.389380064761171, 4.464745540498921], "rmse": [5.714680338732948, 5.8716752330797775, 6.075326007982201, 6.255876356769792, 5.951908405270356, 5.997413661463721, 6.009072330809016, 5.741338215468362, 5.735847285296555, 5.938869956165928, 5.57197289494501, 5.744974443468344, 5.607195738762482, 5.222888276441798, 5.144144278447267, 5.191064880076508, 5.422333112095073, 5.392984264077804, 5.439307963171548, 5.316226014792254, 5.486571769373025], "r2": [0.12222796792938895, 0.07333681985166196, 0.007942077939088188, -0.05189930355153871, 0.0478391234605301, 0.03322399338828985, 0.0294616125124203, 0.11401959426720776, 0.11571346075647893, 0.05200622491921125, 0.16552016867162056, 0.11289698248826452, 0.1549366086087156, 0.2668052844748501, 0.28874695946159357, 0.27571287002822364, 0.2097395583700995, 0.2182711131173214, 0.20478392379228683, 0.2403654189489659, 0.19090413163197817]}