{"mae": [98.18835865361402, 65.27082396727182, 55.333184445765895, 55.71506253208593, 50.04337976729207, 56.28098215819897, 51.26513012949371, 51.078049901434824, 53.39325258031534, 53.86876668787653, 44.20145719339714, 52.357456319327675, 59.78164234497694, 55.232054669128495, 54.32825014807321, 53.593502447914986, 51.25975411323692, 51.75598425904855, 50.34526394764001, 49.402865902002844, 49.893752218055845], "rmse": [115.87926434896546, 82.60443380292986, 70.31195558099078, 70.34858728634548, 65.27722856435722, 70.68049582264325, 65.12809396455023, 63.92560319871567, 66.75774218505269, 68.35149693927904, 57.99503823440216, 65.91658529642667, 73.97898196628114, 71.06223105772818, 68.87741639574564, 68.31356583143659, 65.24682804087378, 65.93550962707221, 64.47759683934297, 62.63199338408865, 62.71192080780713], "r2": [-1.0832119962170328, -0.05859228951745865, 0.23302649230881867, 0.2322271157009007, 0.3389330822352623, 0.22496523494368503, 0.34195022416002174, 0.3660256628715798, 0.30860650551469127, 0.27520019216873337, 0.47820046582763165, 0.32592004691160625, 0.1509393571549874, 0.2165709242264523, 0.26400357391936047, 0.276004412487153, 0.3395486751800877, 0.3255329412075526, 0.35502973378186664, 0.39142448223982806, 0.38987023152376776]}