{"mae": [69.27302341751994, 69.41208154843036, 63.52006576943368, 64.51088716987812, 60.742339617380075, 62.4942786143861, 58.32313355377771, 62.04051387662216, 60.95895892525239, 60.43113378191514, 62.1377938141774, 60.747710580652104, 63.391968732856455, 59.857559515348996, 60.440337338102324, 60.57461260175552, 60.67125713124869, 63.43354099829967, 65.06156020027629, 62.02520034225154, 61.98033242587193], "rmse": [88.1524431535226, 88.42597789117552, 80.46039936279428, 82.38037626311286, 77.32121632482921, 77.29890215137289, 72.85431134502461, 75.5239299713315, 74.6464255283676, 74.81128649439722, 76.86045688483473, 76.64192378477425, 78.39156492454552, 74.05681751801279, 74.6515758282076, 75.57232074315897, 75.11657837103807, 78.57663090518652, 80.67155486296825, 77.39769748491153, 78.44801247298217], "r2": [0.023276729194132373, 0.017205831069341815, 0.18629460370622453, 0.14699736866978552, 0.24854983721802648, 0.24898349748699888, 0.332865587568433, 0.28307786378761124, 0.2996407630858078, 0.29654377882424143, 0.25747898117163726, 0.2616953167623933, 0.22760136594526525, 0.3106608912070674, 0.29954411587258833, 0.28215885626682036, 0.2907906985593792, 0.22395011999862868, 0.18201811921742883, 0.24706252994026412, 0.22648860063902654]}