{"mae": [6.48435431398667, 5.3204354476956395, 5.422009562219647, 5.172514104614274, 5.14084817864976, 5.793012428872353, 5.448160113021126, 6.189022239165175, 6.03564929415069, 5.946875733418552, 6.177288109622667, 6.156716810711409, 6.1695799889703595, 6.439558401063799, 6.434035671085225, 6.397688212410632, 6.339303046257308, 6.939999546652745, 6.619935414358435, 6.7004006595421, 6.797046149055945], "rmse": [7.9580063325746675, 7.0421025882488, 7.27054375849863, 7.174494106721589, 6.8901569176791035, 7.139952107435044, 6.888759791534961, 7.5428285226685645, 7.282008074020567, 7.228714292076698, 7.394452493730726, 7.37274208509814, 7.391789932882702, 7.581926030028958, 7.674835209054304, 7.598733485667865, 7.547072081561382, 8.129788922175388, 7.8124280826039545, 7.863788837901516, 7.899238733066868], "r2": [-0.2194010122324026, 0.04513343764312161, -0.017821863696191098, 0.008892969675034834, 0.08589472348513438, 0.018413475263791335, 0.08626539454934612, -0.0954850614803795, -0.021034231580934204, -0.006143927598936116, -0.05281008547987609, -0.04663697590990856, -0.05205203983961848, -0.10687117202772023, -0.13416465514952103, -0.11178398921484889, -0.09671803742415919, -0.2726135126085176, -0.17519532553339823, -0.19069814381940708, -0.20145765598081922]}