{"mae": [18.086659079743434, 17.196636920175568, 17.213175947008793, 17.279999068929225, 15.888848352548354, 16.752807475670668, 16.848250629824236, 16.908023204146183, 16.407361461563646, 16.513436428850067, 16.654951828838367, 17.535025506303615, 17.645903863140887, 17.369971177343967, 17.296377040015877, 17.242958155738535, 17.25274133657407, 17.029488432684854, 17.24845812148037, 17.66938538692471, 17.014027840060507], "rmse": [23.840952303353806, 22.605744505908202, 22.434480538583006, 22.565862778919765, 20.695927067724625, 21.850458141058734, 21.569638720658194, 21.895370108488013, 21.874627787685387, 21.582946666449967, 21.644818594441933, 22.173210685845294, 22.334398004996043, 22.228127146083366, 22.146548996960504, 22.0919994245432, 22.096462699482164, 21.96042846768795, 22.00426910592004, 22.575541031083823, 21.669643867651118], "r2": [-0.0932510035686287, 0.017097778660895457, 0.03193454437903709, 0.02056285005257541, 0.17616079110047134, 0.08168055261198737, 0.10513313193382667, 0.07790160030546356, 0.0796478508698264, 0.10402856883395128, 0.09888423527313506, 0.054351247143606396, 0.040552558341727996, 0.04966126403273663, 0.05662402892847607, 0.06126559894377337, 0.060886253201055895, 0.07241374292318037, 0.06870647780445793, 0.019722530089617774, 0.09681600137079882]}