{"mae": [9.46878328974532, 6.888994553822537, 6.398965421909339, 6.754327886406544, 5.8385152856680005, 4.662219003091297, 5.153922037314483, 5.27207925356003, 5.566038169217782, 5.310675530208995, 5.3368419700742615, 5.304747218873654, 5.260417685835954, 5.346033578124926, 5.358192741732514, 5.341424604115257, 5.348586421663604, 5.385599423985923, 5.246567256726271, 5.293302663023314, 5.120222572738966], "rmse": [10.669448387727645, 7.939042004006582, 7.691887603628816, 7.90280245175416, 7.004273903882223, 5.9492757829661755, 6.31047261493353, 6.399428889145848, 6.6078310538694485, 6.358467672027966, 6.41417537522426, 6.36471431939742, 6.373821580558228, 6.396710327038015, 6.397182161815056, 6.366557697719351, 6.410874725799795, 6.434603875522876, 6.298912636277588, 6.332749288884664, 6.193698667843579], "r2": [-1.5773993135343214, -0.4270328616448089, -0.33956451264880494, -0.4140345680342268, -0.11076968000954568, 0.1986431058668997, 0.09838412986867262, 0.07278551039362824, 0.011411313826118263, 0.0846172799944781, 0.0685073444424632, 0.08281782700912543, 0.080191159629318, 0.07357312904199664, 0.0734364536212837, 0.08228647289445368, 0.06946576527174364, 0.06256447584441371, 0.10168439416258979, 0.0920072845359533, 0.13144381012101525]}