{"mae": [21.26141078419636, 18.018299748864024, 19.37305100588226, 22.814172783288097, 17.90280941234742, 18.008592262744358, 18.65259520864482, 18.56216985658234, 18.82844591585889, 20.31817421543791, 21.394983671170117, 20.197513408468687, 20.61985380153509, 19.16464850141521, 19.246755750994318, 19.5880065212503, 20.439084097142175, 20.344335684328758, 20.27830949981114, 20.81812584682202, 20.582653657186626], "rmse": [26.07051852362398, 22.522699055114362, 25.244944733835975, 27.84893821138397, 22.122044219122525, 22.491875969370042, 23.593328236836484, 23.888227166086352, 23.52972175146688, 25.069055760856507, 25.90731396572176, 24.219441549158585, 24.381658604082507, 23.36288816103429, 23.609840405898456, 23.896573932603896, 24.698673873461487, 24.574122260535205, 24.464138126957586, 25.408025256281967, 24.77844244687249], "r2": [-0.26815895252844624, 0.053511761452137985, -0.18911320619788108, -0.44707698726243494, 0.08688628487990324, 0.05610059198841266, -0.03861065427750976, -0.06473662805729719, -0.033018113689506245, -0.1726011249623014, -0.25233099769262246, -0.09446682959985586, -0.10917697503536594, -0.01842115915793552, -0.04006493964091318, -0.06548081560993202, -0.13820797738010215, -0.1267573068706751, -0.11669402940873574, -0.20452599980535036, -0.1455719227611496]}