{"mae": [69.27302341751994, 63.92616649262825, 66.98991088936927, 55.39366977602143, 50.20904469947911, 60.16924420286727, 56.818524935782264, 51.75781655145858, 46.18433243502621, 56.80070221662122, 58.55464473334974, 56.823839833623445, 56.15813366649312, 55.86838279121714, 48.45590728844404, 57.43083990704514, 53.73120914441818, 53.628085763977886, 53.46104258031415, 52.42938850466215, 50.92577361695288], "rmse": [88.1524431535226, 79.83054515844789, 85.46807666857114, 69.33885569601195, 66.11260317522573, 77.06001652681653, 69.1944106662109, 63.84668153802134, 61.617424309393705, 71.28736226645673, 73.08195373682244, 71.56818509775856, 71.87210296160747, 71.69366189758993, 63.66280887305844, 75.29861444237136, 70.53925550833112, 69.98390676318607, 72.60421890519314, 71.19195147072386, 68.64823951890192], "r2": [0.023276729194132373, 0.19898431814497808, 0.08185623297433198, 0.395695026138142, 0.45062189876164105, 0.2536182289056379, 0.3982101507409618, 0.48763496183500676, 0.5227895899305961, 0.3612544030529191, 0.32868998461875365, 0.35621206043719056, 0.35073269576669985, 0.3539526412718118, 0.4905818422274043, 0.28734916517092, 0.37459035901194493, 0.38439917388012557, 0.33743797041596113, 0.36296304931566215, 0.407672853463269]}