{"mae": [79.68034902974044, 76.46799897361034, 71.66334485664504, 66.82614314003658, 62.96207238849434, 65.49143601302369, 63.36563483650363, 64.15274917132616, 66.13053240372815, 61.81618037574772, 62.098282875100246, 63.94085319916683, 60.9377634886317, 62.123458301079246, 60.41329813706543, 58.13640641045742, 58.57179665256952, 58.413513396257606, 60.43628292632944, 56.825198867952096, 57.76942868185211], "rmse": [102.69370538630277, 95.11944534087492, 91.13717230599106, 85.92182189857171, 80.32112143981375, 82.57975885378502, 81.97890191088042, 82.44774603827273, 84.90429367438308, 79.71271674421085, 79.8246601687229, 81.17164684909878, 78.41588138757274, 80.85706406313714, 77.38493705087753, 73.80913192358743, 74.31120242723901, 73.09371462875204, 76.34804371749377, 71.09542047608345, 71.53644783006678], "r2": [-0.14584770744405118, 0.016944879068722885, 0.0975350351061397, 0.19786732801879003, 0.29903105410640407, 0.25905414611853417, 0.2697972822668654, 0.2614212192652602, 0.21675332785554002, 0.30961003006232046, 0.3076695897556473, 0.28410724712689006, 0.3318910216575939, 0.2896454158495885, 0.3493429814410246, 0.4080848624672928, 0.40000472698463263, 0.41950388414859907, 0.36666268209796926, 0.4508101454552327, 0.44397541566958154]}