{"mae": [23.554217592626856, 28.763181007948777, 28.971839983697567, 25.83523541395605, 24.09731777130562, 23.023790741953785, 23.72916211776939, 23.5472656668825, 23.114095375459232, 21.235125859565134, 20.456422447704107, 20.84777763576421, 21.628866929808687, 21.54494725414259, 21.443194056364423, 21.677639294599736, 21.17025629659888, 21.292092164745068, 21.060840167320453, 20.87290987523777, 20.425198697248472], "rmse": [28.61352229783956, 35.057219164346876, 34.79357951327133, 30.859147502019386, 28.655923628106674, 27.521641607809443, 28.36987428474021, 28.141647145393602, 27.831438552522275, 26.330890056650187, 25.559595490404632, 25.499078437285103, 26.89146562974994, 26.948756311392298, 27.46960421106533, 27.705337595305714, 27.073815098481454, 27.474125030462577, 27.067699796316255, 26.62267706624721, 26.373884174939903], "r2": [-0.037694267055894404, -0.5576923967806213, -0.5343519654721633, -0.20696484681732152, -0.04077198797300263, 0.03999069416941636, -0.02009729358384682, -0.0037505571932969772, 0.018256392258161225, 0.12126514682235301, 0.17199163290339015, 0.17590791597991184, 0.08345093650535684, 0.07954146903626835, 0.04361759677538157, 0.02713256655741525, 0.0709786604235112, 0.04330277695722429, 0.0713982987022378, 0.1016817534924942, 0.1183931379512867]}