{"mae": [65.01932037505249, 61.96581709637767, 60.44366661458535, 52.86503329950111, 57.72777049871909, 59.74609260672661, 58.38260603384304, 57.675369915339125, 55.83756908591857, 58.142593316418115, 58.637381345421154, 58.195592749296566, 59.445772922549615, 58.60423251574278, 57.75000239192241, 57.928605166772144, 55.470465619516254, 55.59329846651124, 57.4671401642436, 56.118673635247035, 56.900088698551826], "rmse": [79.4469551208053, 79.78034937645307, 78.93594346134455, 66.74110683338505, 70.22530060430063, 75.15204725901226, 71.87488540813476, 73.26136713837947, 70.23418881650488, 71.39123755657177, 71.58053322008377, 71.47228526385796, 72.20960926229479, 70.89488159774552, 68.96030404199448, 70.69360877914457, 68.15382864412202, 68.43872970404819, 70.63496245668686, 69.10886025744635, 68.70155134748258], "r2": [0.13380678323198492, 0.12652167648070933, 0.14491384942936802, 0.3887103064160544, 0.3232200593655912, 0.22492827114487268, 0.29105165215115725, 0.2634363168517544, 0.32304873238372755, 0.3005606124760569, 0.296846532721473, 0.2989716181258286, 0.2844330820144959, 0.31025267123376554, 0.3473826741358984, 0.3141635409094763, 0.3625578456574865, 0.35721735243216945, 0.315300987508741, 0.34456787254807375, 0.3522709844083962]}