{"mae": [66.29121869552908, 47.732147342988746, 53.77541223107476, 55.601580547825726, 53.492261165662185, 55.959417286681074, 62.6558646757275, 74.05716901228715, 60.75274923852804, 57.42409532601212, 60.19143836694553, 62.07883589929497, 49.28658674547427, 51.825271952765846, 53.481422204905165, 51.55105524703997, 51.168004390463985, 50.50619342735502, 49.22195099899591, 55.05228897500943, 54.450817272769285], "rmse": [81.59937051685763, 59.83001449814873, 67.72265152340978, 70.22222683234364, 68.38044099843938, 71.38368830836446, 80.64450275476635, 97.04326790206667, 76.32188414856837, 74.06943466812216, 77.53253599810645, 78.75276459933725, 61.006839231896095, 64.2061655435502, 66.7100737003736, 64.32780543052131, 64.14860446994312, 64.434125965462, 62.210377294034, 69.34367198376789, 68.67278480316267], "r2": [0.20881510527225378, 0.5746537714839527, 0.45503039929637235, 0.41405943584383864, 0.4443924164975296, 0.3945164654255039, 0.22722349952342902, -0.11901316470058831, 0.3078463131455901, 0.34809782498578856, 0.2857136528742389, 0.2630534547404596, 0.5577565395003725, 0.5101559484364435, 0.4712051570253195, 0.5082981512403129, 0.5110338488804593, 0.5066714454761172, 0.5401353349126735, 0.4286292015114639, 0.43963153329801075]}