{"mae": [5.322098267749157, 5.463077549248596, 5.625168107717602, 6.1891540692177385, 5.727934788602636, 5.913776789888466, 5.8332616184284625, 6.101404892004252, 5.671367276006654, 5.933711308905656, 5.5511255341152586, 5.888793448537999, 6.069568880360311, 6.14691415830566, 6.045145917531779, 5.998420002254841, 5.8501175902217595, 5.992790673511754, 5.729233443183225, 5.768363693495667, 5.638440754313276], "rmse": [7.274825082022369, 7.425640421506466, 7.625304230055428, 8.265211134882621, 7.500408877569142, 7.728235873085008, 7.784771803020002, 7.919773379309768, 7.454543919819147, 7.8045677014658414, 7.594074984325097, 7.530809868220642, 7.5330165770193585, 7.612344520863426, 7.431203126364561, 7.30866431310794, 7.134835952183406, 7.392632235126327, 7.245038807049114, 7.190285803840801, 7.017673676551459], "r2": [-0.015429945189062266, -0.05796837538731414, -0.11562748947488788, -0.31072855204113004, -0.07938091306477157, -0.14594979983432266, -0.16277752472002982, -0.2034564114021491, -0.06622045819924405, -0.1686986982377947, -0.10650815197373742, -0.08814863537714568, -0.08878643636236272, -0.11183854648879099, -0.05955406223413373, -0.024898567467605437, 0.02327379489516579, -0.04858359530359735, -0.007131750968259576, 0.008033142206851696, 0.05508836894789637]}