{"mae": [20.14832714021019, 19.50631200189115, 18.04490178911762, 19.508995358739877, 21.161161509546, 17.900293836593583, 16.81014574763695, 16.218962227535922, 15.39607443493329, 16.89939930005153, 16.767061273256953, 16.36647032176993, 17.039816502163347, 17.092113773375758, 16.879165582764927, 16.329424884931406, 18.535384476678292, 18.531239245581126, 18.834998604645605, 18.741404878581424, 18.47943923885802], "rmse": [25.238410898996406, 23.920744645787835, 22.64025928119465, 23.93975188330433, 25.95546093414314, 22.755299300403536, 21.97208090972026, 21.43789216128264, 20.268263309032516, 22.158695702978147, 21.898910545987615, 21.42852339849355, 22.790708880597283, 22.707159965685918, 22.1841678257635, 21.363839610928466, 22.983646365604606, 23.165953264211268, 23.73918704326216, 23.548193624498595, 23.069316446719252], "r2": [-0.10272871308128395, 0.009409726077345248, 0.11262444267056959, 0.007834869998169625, -0.16627820867949783, 0.10358364022275701, 0.16422947904667184, 0.20437424426090645, 0.28882293100829326, 0.14997234254047243, 0.16978669575518202, 0.20506949919947925, 0.10079163795102675, 0.10737240530828407, 0.14801695184534702, 0.20986138413158584, 0.08550248172172192, 0.07093730661560926, 0.024389750601559124, 0.04002512663441571, 0.07867231313416712]}