{"mae": [4.595764143798591, 4.869085925845372, 5.268248851304817, 5.572518126599505, 4.906193401005211, 4.286936384852935, 3.9423296484498604, 4.453381095345595, 4.204505297765409, 4.018172757579718, 4.415412151083766, 4.83808452234822, 5.090284217716282, 4.9522873157939005, 4.841038059359598, 4.855357789392115, 4.7145620055525495, 4.865973535379708, 4.892664020641862, 5.088251109408697, 5.010512920977813], "rmse": [5.586969707148547, 6.177470394551666, 6.7195184093223315, 7.444898279652468, 6.352038899091676, 5.4373065649986705, 5.020452639229309, 5.653938626149639, 5.355104115648308, 5.0779978308844855, 5.526802522897882, 5.9246452199959965, 6.324305868521334, 6.144067049471725, 6.005083917274573, 6.063311994247733, 5.972460882796573, 6.122349561858874, 6.288156815695583, 6.486387153904758, 6.42096701322053], "r2": [0.19769449565250885, 0.01913670281602986, -0.1605488745943604, -0.4246384950586175, -0.037082811923006, 0.24010291500686587, 0.35215235031286474, 0.17834534823079362, 0.26290582955870556, 0.33721577891677823, 0.21488182179175097, 0.09778127456382113, -0.028046764293574444, 0.029715639061870913, 0.0731161819651609, 0.055054044840303185, 0.08315954815207682, 0.036562861425763926, -0.01632794235785906, -0.08141620299448471, -0.059712399974328534]}