{"mae": [79.54784832067524, 76.12552868525071, 72.04501159269392, 62.273553687664034, 59.65666650387273, 66.21628068852385, 62.91516218971151, 64.31719348429073, 65.28104752439582, 63.74627245889882, 63.10645566231654, 65.91262298009806, 65.32797349449604, 64.43390997803381, 65.65876810217327, 67.97054592731774, 64.03722353501567, 67.47615813675253, 69.69136215503433, 71.73932607233775, 74.07323037881382], "rmse": [101.83276958842355, 98.3292965000628, 91.9408547971513, 81.69370617472312, 81.532951017663, 86.18117881384828, 82.26973339722288, 83.57173600805146, 87.21658444697897, 83.81156959785046, 83.95391889040006, 87.35945220610917, 87.16051271820075, 85.50129213328036, 86.16835286162717, 89.64129038524818, 85.6876563959441, 89.03427246703372, 90.79395696067476, 93.60280228165193, 95.4694767654311], "r2": [-0.3256144005211796, -0.23597010407463093, -0.08058560157868011, 0.1468619732600468, 0.15021624391463295, 0.05056122894377535, 0.134788502614281, 0.10718608678317554, 0.027610519411325196, 0.10205435144231378, 0.09900153957746227, 0.02442220630392644, 0.02886042005605982, 0.06548245776585981, 0.05084380920838427, -0.027207782734022246, 0.06140414562796248, -0.013343137165640728, -0.05379465084609625, -0.12000459324515877, -0.1651214206038012]}