{"mae": [28.670940744243204, 22.00015936158335, 28.171608518751217, 26.453402049286666, 26.499206227978508, 28.993655772988028, 25.583830075365707, 22.328088037947204, 22.101114122404148, 22.344201259412202, 23.73117256414262, 25.859175235251925, 25.619668197492683, 24.669101696947568, 23.719011149108578, 24.394074029506978, 24.699442174191457, 22.823769272182837, 23.86179814538506, 23.674883403308527, 23.08692370485383], "rmse": [34.19896996201166, 26.68102790716701, 33.37985907377155, 31.588704308933714, 31.937809561927814, 34.2063056983484, 30.07448295388568, 27.318618041793208, 27.638379068925058, 26.746025209682237, 28.466575575851422, 30.894463268756787, 30.48088013998145, 29.15072540823725, 28.488790282512703, 29.361963486310614, 29.52751168423145, 27.63685201546226, 28.36235875556488, 28.493297356010487, 27.795574850328972], "r2": [-0.8789745602672849, -0.14366798209868925, -0.7900445771389142, -0.603092099596549, -0.6387213147450066, -0.8797807331012721, -0.45308556290557367, -0.1989809993966709, -0.22721311173750203, -0.14924691839265702, -0.3018630510053286, -0.5334024677760698, -0.49262205680611726, -0.3651915192918489, -0.30389573598257136, -0.3850486782449316, -0.4007110306025421, -0.2270775055026879, -0.29234819589692496, -0.3043083346730475, -0.24121258166673987]}