{"mae": [23.554217592626856, 23.18849557897538, 23.2850237094621, 22.947207171689357, 21.62288707335616, 22.457589352554223, 21.881993579763378, 21.9889212356677, 22.3921615733958, 20.51956783819317, 21.414509853748637, 21.79661304255119, 20.924374887495134, 21.04761839140136, 21.31893756966097, 20.646708470712653, 20.427862472936386, 20.595144775362268, 20.154971084319943, 19.588992577728497, 19.39945806751882], "rmse": [28.61352229783956, 28.774018864208937, 28.70628820029709, 28.00120137611612, 26.749366656099635, 27.716210715651957, 27.276460173208243, 27.539584951024338, 28.16603801485725, 27.002369436616778, 27.7209846738249, 28.18845350518205, 27.36304518575284, 27.313039732543274, 27.267314065027158, 26.76409915209603, 26.475752946053863, 26.608398938734812, 25.439581390315748, 25.626677708457652, 25.264648519057605], "r2": [-0.037694267055894404, -0.04936801026111315, -0.04443364624553614, 0.0062432249433233, 0.09311173940160977, 0.02636880178699008, 0.05701933044550933, 0.03873848748257547, -0.005491248371255475, 0.07587541883442694, 0.02603336813295165, -0.0070922934185835285, 0.051023128430387255, 0.05448843410530679, 0.05765160876885089, 0.0921125077471826, 0.11156959625832275, 0.10264505729342255, 0.17974914055090074, 0.1676396448248152, 0.1909911096777771]}