{"mae": [21.26141078419636, 18.785150342595387, 18.815775709178794, 20.44754364112002, 20.407192650465177, 22.192962571981617, 23.588007715287077, 23.370373419880785, 23.095797973941, 20.47733588319406, 17.381648597099584, 14.56541407813665, 14.469438479936146, 14.509633214646986, 15.455029706180216, 14.879812062055642, 16.208429308667483, 16.011010401845994, 16.946540566104524, 17.96772268590847, 17.43281780793585], "rmse": [26.07051852362398, 24.230877987064556, 24.780028444876024, 26.02493379288517, 25.85574908062313, 28.335603989342115, 30.01088268549098, 29.797457549918438, 29.527132687935385, 27.55901212270468, 24.0995876850226, 20.028745895542, 20.072068177078634, 20.295955710230263, 21.203173014870558, 20.598583297583566, 21.800421425193903, 21.87053858975846, 22.59232781395901, 23.455020060295876, 23.03698934237415], "r2": [-0.26815895252844624, -0.095500689702116, -0.145718577090437, -0.2637280360804577, -0.24735077943950423, -0.498094820319434, -0.6804743661167758, -0.656657661517857, -0.6267353533820001, -0.41710374421160923, -0.08366133639305784, 0.2515171268626377, 0.24827568032248792, 0.23141241181441363, 0.16116591706072447, 0.2083211223101613, 0.11324400766098486, 0.1075306496534304, 0.0476505926674432, -0.026469315120136283, 0.009793445806347334]}