{"mae": [3.482256722918903, 3.701261220521327, 3.6700414777519414, 3.664576864275442, 4.3206803614629425, 4.3666145888798065, 4.4446844197442354, 4.4769574039945415, 4.518756986367033, 4.400010553704918, 4.465883837020084, 4.53135594572892, 4.765356103633281, 4.6129444196712495, 4.65519658284548, 4.479167176021284, 4.690923791809029, 4.239294792835904, 4.266810506426269, 4.249121191196692, 4.36671405519536], "rmse": [4.460032412941875, 4.737370307307705, 4.738791546387254, 4.694691949385073, 5.364895826674468, 5.429933547774437, 5.473289086972782, 5.491510601156326, 5.543053093437873, 5.417120092435807, 5.500254237984301, 5.628969375380331, 5.813664609788904, 5.795517402179221, 5.7989387406578725, 5.59409276720354, 5.800008626106044, 5.458451155851286, 5.459190192842375, 5.394601494710705, 5.4674278383464605], "r2": [0.5208356949957996, 0.45939121894415325, 0.45906679863121425, 0.46908789279454455, 0.30668433140667206, 0.28977254340942016, 0.2783855806539006, 0.27357282742742517, 0.2598725611318847, 0.29312055132101333, 0.2712577369568222, 0.23675107721604693, 0.18584259790396207, 0.19091740871329388, 0.1899618555551047, 0.24617982542403216, 0.1896629291449986, 0.28229282959874524, 0.28209847114810005, 0.29898523543084754, 0.27993028139072695]}