{"mae": [15.819896648451584, 18.635786752069144, 22.164169701249683, 19.730308684113446, 15.711219997624978, 15.28717357468617, 16.847490558873133, 16.587324597381638, 15.511621196858226, 14.734133433538748, 14.450426738864156, 14.446948487517592, 15.802061435322214, 16.269330656677308, 18.1523066078493, 18.35924150211857, 18.92536839756582, 17.020686857843195, 16.53712197271878, 16.80174637485598, 17.030362542676485], "rmse": [20.279188195697056, 23.515577923233977, 29.396945706270767, 24.68817171846519, 20.213245747524066, 20.584116050818896, 21.86195613542001, 20.568562363383222, 19.721109944160393, 19.38056298689434, 19.18922110430211, 19.178649771299092, 19.94065420477551, 20.300453559992718, 22.07043350913812, 21.985932346134216, 22.81385321455417, 20.989018336390053, 20.312400994132812, 20.736793097752667, 20.86072429218322], "r2": [0.1244774679185583, -0.17727388198135263, -0.8398000094936766, -0.297609615654679, 0.13016213643522634, 0.09794994024193582, -0.017522996729330664, 0.09931263212752484, 0.17200273025228718, 0.2003517821634786, 0.21606349187673468, 0.21692699447680397, 0.15346483977524839, 0.1226403068576194, -0.0370218894728398, -0.029096190880857797, -0.10806052198551419, 0.06211314266279322, 0.12160729725851183, 0.08451889488175313, 0.07354364938161362]}