{"mae": [79.54784832067524, 74.71562906919378, 70.63571594228449, 62.585541777329645, 73.21172276765252, 84.95318147958456, 74.13456690380066, 68.7313360948701, 64.01665395697684, 60.10243185986348, 63.41320316992668, 56.43757541686748, 58.23804578218983, 64.99200650869568, 66.58463515282844, 66.9746471804754, 71.59636018190378, 71.1064994259373, 68.40347555907525, 63.974739223111136, 62.22545230253308], "rmse": [101.83276958842355, 96.14837296846856, 90.759903067287, 81.65883729908066, 90.04743546888062, 103.5726735729227, 92.87324414251562, 85.03308316224835, 80.80614661539835, 74.90533980099147, 77.9091925848856, 69.64040037855266, 71.69334425817092, 79.11055376933626, 80.88250941427825, 80.98521934346408, 85.23344157033775, 84.89503851138757, 82.45680014252909, 77.67742900106775, 76.14742425442992], "r2": [-0.3256144005211796, -0.18175100686196366, -0.05300431012107887, 0.14759009826680558, -0.036536976893774664, -0.371300000500816, -0.10261357295056706, 0.07568935559124401, 0.16529907192585858, 0.2827547858939595, 0.22407542117843438, 0.38003864230521944, 0.34294794097850223, 0.1999613815946889, 0.16372072128413528, 0.16159544789285651, 0.07132842729088751, 0.07868801362427735, 0.13084935503714434, 0.22868498200866538, 0.25877076992314585]}