{"mae": [3.482256722918903, 5.016752187474153, 5.056284802019461, 4.857650674605991, 5.0951441252096465, 4.624252255136693, 4.5620557409969535, 4.280320126056605, 4.099035387591029, 3.9785734978280036, 4.294493301844451, 4.290792196935615, 4.186260193305786, 4.377400716698072, 4.686279937030374, 4.5423850724176535, 4.599056985071669, 4.576590406008325, 4.545926372706026, 4.793793453057878, 4.6776984343819485], "rmse": [4.460032412941875, 6.099328448155932, 6.04389226210589, 5.911488867559943, 6.191807369122425, 5.784642759962205, 5.694200014378075, 5.591278497006222, 5.535787449200013, 5.249515070526118, 5.473106081240725, 5.5223232866114955, 5.524541534392848, 5.787564830556171, 6.022576243633574, 5.84208705706146, 5.910299166491008, 5.913574448275497, 5.872189822881993, 6.103127993122035, 5.997859399532181], "r2": [0.5208356949957996, 0.10386700162397644, 0.12008270011240763, 0.1582130660854406, 0.07648638655499773, 0.19395086661098726, 0.218958942207385, 0.2469380967328546, 0.26181155693355096, 0.3361853971069927, 0.2784338358676106, 0.26539803938607887, 0.26480776012664387, 0.19313632111272971, 0.12627846173014112, 0.1778624639084606, 0.15855185520031345, 0.15761899432895554, 0.16936811074790914, 0.10275017107991558, 0.13343530743320753]}