{"mae": [18.751120366790463, 18.02929273586847, 20.132066656331432, 17.50997366702095, 16.89228309530442, 17.410772428278275, 19.304611463865214, 19.275595215428808, 19.405284393895606, 17.989750143073664, 16.485068144765645, 16.485050327504208, 17.40236037651736, 17.023646531169135, 16.268375927891874, 16.554909850781442, 16.28679848725099, 16.193919055097343, 16.232658763296385, 16.347912064573535, 16.797637192870823], "rmse": [22.419057340519377, 21.4722161297715, 24.044304541810316, 21.03497105969142, 20.049765934908702, 20.706364989112057, 23.83062239150607, 23.08054200867868, 23.19177109297961, 21.779591715739237, 20.255555810667122, 20.28157036758822, 21.00104074684166, 20.488560415841505, 19.191039034509267, 19.607166858485332, 19.52635984169506, 19.378916386894293, 19.408781918749543, 19.8425603597738, 20.268024834074744], "r2": [0.023062512065488483, 0.10383945508318504, -0.12371588366876884, 0.13996541274403274, 0.2186408658870932, 0.16662626373071887, -0.1038316687262073, -0.03543796862020798, -0.04544192182039564, 0.07799866940271616, 0.202518882218923, 0.20046912950680962, 0.1427377205570446, 0.18406611571981812, 0.2841384158838359, 0.2527571485654009, 0.2589036804890946, 0.27005345491528754, 0.2678018284651573, 0.23470742508999087, 0.20153674463160387]}