{"mae": [23.277113584995085, 22.88397583087265, 23.229960510659584, 23.44482307685691, 24.34699508667507, 22.62357163690608, 21.820901060708866, 20.8898719051622, 21.185689530006506, 20.37060048371991, 17.393051257963535, 17.378912514697483, 18.89271481531095, 17.660389891884325, 16.52399590868678, 17.011785825678963, 17.578853088263948, 17.065583424034592, 17.91654776932691, 18.477428734603063, 19.444500633249117], "rmse": [28.18341039392332, 27.85471907109581, 27.85180306680335, 28.605969955401786, 29.495761480256363, 28.311811783555175, 27.131623758658538, 26.333030827285565, 26.760045359334644, 25.774360777322517, 22.725707362530027, 22.571865401316444, 24.077973692301626, 22.870092466321488, 21.66343680438655, 21.520296007908822, 22.52188601150755, 22.003306480600997, 22.772401957348496, 23.195979321656424, 23.596458659249134], "r2": [-0.21084364546683187, -0.18276521376121635, -0.1825175883658301, -0.24742468482282587, -0.32623413851431016, -0.2219017940846435, -0.12215422633959827, -0.057067383661417725, -0.09162800339154598, -0.012690612391979883, 0.21270807409221737, 0.22333116056305002, 0.11622675703496177, 0.20267236172983794, 0.28458887279373246, 0.29401177290019864, 0.2267668056503429, 0.26196514335789056, 0.20946944704394133, 0.17978746267317713, 0.15122098033445341]}