{"mae": [18.086659079743434, 16.952454731414136, 21.536897782025953, 20.623653417874134, 17.41911913959377, 16.397955659241426, 15.412783522712665, 15.839186367852719, 16.501549787947294, 15.247373794916234, 16.09839725676103, 17.50131341271957, 18.450751830698664, 17.127654358930975, 16.96853206475129, 16.449161901311378, 16.039662205021262, 16.35919209083781, 16.31968188941156, 16.412003581400235, 16.721378222273213], "rmse": [23.840952303353806, 22.533583390480242, 28.51690433404454, 27.325196071714903, 23.13997946302822, 21.420441404114786, 19.64772609661705, 19.82148931114923, 20.49267494042504, 18.9197345797607, 19.858243788829213, 21.587084782430665, 23.013628986623484, 21.484006433283046, 20.733779481588417, 20.695607912861085, 19.822318877949062, 20.20274434742418, 20.016807062249825, 20.547715188049928, 20.85067485582575], "r2": [-0.0932510035686287, 0.023362922019614873, -0.5641465615981254, -0.43614820829414436, -0.029908459242405705, 0.11746991572301368, 0.25749859945459863, 0.24430725616633708, 0.1922629770790979, 0.31150186857595086, 0.24150213461678094, 0.1036849652298022, -0.018692014218656627, 0.11222433886487293, 0.173144466167926, 0.17618619999006335, 0.24424400050277495, 0.214957040183262, 0.22934093156680935, 0.18791822953352622, 0.16379469418346682]}