{"mae": [79.68034902974044, 77.3909785274216, 79.07174424909354, 69.91053125416504, 71.25844930339406, 64.11601976235798, 64.77958199877052, 60.28600928095832, 63.79648896087261, 58.48756896294917, 59.162234966479446, 61.06418960746958, 60.15148074118537, 62.554011173997004, 64.29771944149428, 63.22696459452083, 61.69532281953856, 63.74294506364882, 60.14072450951295, 63.4879700274294, 61.64318130966707], "rmse": [102.69370538630277, 99.99026938081073, 99.9513940791224, 89.72537632536562, 90.72394307049711, 83.61967451886389, 85.70734199343086, 79.6008809536149, 82.70391357982814, 77.08164100006358, 77.76882902099817, 79.7858444875106, 79.21700223835522, 80.7047767599598, 82.36254680191823, 81.59177970649074, 79.8219644534837, 81.49131256479487, 77.36898555881243, 81.35618347007738, 79.44409207904184], "r2": [-0.14584770744405118, -0.08631237848404738, -0.08546784606616709, 0.12527844504413477, 0.1057002974270963, 0.24027538615367794, 0.2018669315874526, 0.3115458854386056, 0.2568245178532802, 0.3544332480842013, 0.34287139731097305, 0.3083427336867889, 0.3181700740154809, 0.29231867917476706, 0.2629468846217661, 0.27667735131904636, 0.30771634959452854, 0.2784575654165222, 0.34961119592690737, 0.28084850831359365, 0.31425529364024785]}