{"mae": [98.71756157293662, 103.28179901356063, 63.60180298478636, 84.76979521531439, 80.58571939220563, 74.67050553506206, 64.11717472800866, 71.82362851762261, 64.76232331482633, 64.73393358919344, 67.75861711580441, 67.4343889880126, 62.11192900508153, 60.75012506240568, 79.73034050973673, 72.2714949606348, 67.165160303141, 68.43449599508004, 71.65240619055278, 69.31321457210485, 73.15598855921866], "rmse": [114.02607868823235, 122.05889720505984, 81.44761671761636, 98.61251555529893, 94.82590865607071, 96.28725527162337, 90.41425619282651, 97.25784865229295, 88.54196937582292, 85.52015261026193, 91.12128721461796, 88.8473868067818, 82.75609353060602, 81.80399736689222, 100.25616589201707, 91.7425924026933, 85.80191574981352, 87.79081340309877, 91.33237729897607, 88.37054103993243, 91.32934335673352], "r2": [-0.9441915009580697, -1.2277658650217682, 0.008055387591808016, -0.45410154772515354, -0.3445739331763529, -0.38633528054054667, -0.2223750847999455, -0.41442517944812285, -0.1722736858853231, -0.09362290087630276, -0.24156755170931699, -0.1803749359657698, -0.024072314091956537, -0.0006442720134423041, -0.5029787668667702, -0.25855638564307126, -0.1008410881963886, -0.15246781937009746, -0.24732660484343483, -0.16773874305900605, -0.24724373709962721]}