{"mae": [4.595764143798591, 4.533257958519185, 4.348024618203412, 4.483929188666251, 4.365240376930957, 4.774098555473986, 4.7320627982223895, 4.610262854775277, 4.599181198557702, 4.613491935674717, 4.596699731448645, 4.555143401721472, 4.564060138562674, 4.584935076375589, 4.583209097907446, 4.538024724820609, 4.403651661930727, 4.427331948839189, 4.327841666465879, 4.295558500308192, 4.3798178711882905], "rmse": [5.586969707148547, 5.722454234914915, 5.449321772593769, 5.639865222462509, 5.536640972034288, 6.059398615217761, 6.0472192332858, 5.988043970546316, 5.959986607284273, 5.974645304294034, 5.965002318967036, 5.923009666426655, 5.937712903482646, 5.9530462890394995, 5.9412129994770515, 5.907605688435901, 5.766164928473593, 5.804581881982105, 5.730311824777347, 5.580029369147495, 5.6332109632030765], "r2": [0.19769449565250885, 0.15831072218733722, 0.2367408058148378, 0.18243067241066746, 0.2120841027072745, 0.05627342406093683, 0.06006338926020027, 0.07836894532530136, 0.08698543395021918, 0.08248875857743332, 0.08544806648129166, 0.09827933759430563, 0.09379693103020059, 0.08911058040488695, 0.09272825943184027, 0.10296345058364631, 0.14540320626939784, 0.1339778052808004, 0.15599766226003597, 0.1996865640247527, 0.18435877127229594]}