{"mae": [9.46878328974532, 8.622966102005947, 8.034457119736803, 7.7115722699584985, 6.837673260301332, 5.798702550838999, 6.904762156162825, 7.116021043285051, 7.5464251809823075, 8.520402783435305, 8.80751406384395, 9.15309276762116, 8.951125994071074, 9.123027960627507, 9.966487667217011, 9.60488979859249, 10.025084544024981, 11.16874854615559, 11.568346124204297, 12.67861947125206, 12.221361922032878], "rmse": [10.669448387727645, 9.80544388948992, 9.223746056896834, 8.920548077728732, 8.010235334257438, 7.0092737293069804, 7.948944953424227, 8.215514910613074, 8.903518231143623, 10.144878682214499, 10.221950458087013, 10.522276334215585, 10.272730079122564, 10.450926081108774, 11.316817746315175, 10.97396520002901, 11.419865072455064, 12.36386008284914, 12.782971177893835, 13.899110626040443, 13.454344335292536], "r2": [-1.5773993135343214, -1.1768689878549687, -0.9262491056550772, -0.8016932485374559, -0.45274144188335486, -0.11235603620633383, -0.43059516754412486, -0.5281548041926107, -0.7948207398191653, -1.330190838631891, -1.365730768035431, -1.5067855387202234, -1.3892936486723557, -1.4729043966575865, -1.8996555974557627, -1.726621984126333, -1.9527026923949289, -2.461034576720989, -2.699656422263288, -3.373929692957746, -3.0984802947020302]}