{"mae": [65.01932037505249, 67.71036702373009, 69.86544540593113, 63.696332756246285, 65.47971796538279, 65.89631769044189, 54.30960898064606, 55.4894699119555, 53.553408067263014, 54.85246515128442, 54.153029756169, 53.414644899197654, 54.948939793961884, 56.54107848022115, 54.25946526829414, 54.72792299630332, 48.33320771603388, 46.352555741936705, 47.15329075420504, 45.794939768524664, 45.01109222017938], "rmse": [79.4469551208053, 83.33667693207606, 87.67008523943608, 83.10972883342721, 84.41735184147878, 85.68694005595633, 70.8406068967787, 72.13435819438719, 69.7256354993568, 72.27154103435146, 67.69111190604255, 71.97076819027792, 71.94222861427423, 72.8582863900405, 70.3462932593098, 70.81606826398551, 63.251887373332856, 61.9862900442638, 62.262912756138086, 61.16693944042066, 59.88337908821961], "r2": [0.13380678323198492, 0.046912833046350744, -0.05478300039435924, 0.05209678818148611, 0.022034098200274577, -0.00760318689310524, 0.3113083609922196, 0.28592371789197746, 0.33281660853058914, 0.28320511991841524, 0.37118403411423906, 0.2891588830608116, 0.2897225308369521, 0.27151910049844763, 0.32088597343889347, 0.3117853931646205, 0.4509558834553897, 0.4727075507849775, 0.46799081325746206, 0.4865551934211926, 0.5078779080444926]}