{"mae": [68.88426039332963, 90.94826057728456, 72.90402005336836, 65.98422194522908, 60.1706062841109, 62.13715027656489, 61.17893791746429, 61.99643011657671, 62.83009946368815, 62.93588703325168, 63.54939478813083, 63.452484853054656, 62.04549318548204, 62.549176677469084, 61.68164849585091, 60.54663462711067, 53.41409686524906, 56.119285233476084, 59.236729748069564, 57.17678442877753, 57.56192108281094], "rmse": [90.03181658565467, 113.34055926395301, 93.06416943299939, 85.19474773882669, 77.71395513710222, 79.19680255451794, 78.27970335233462, 79.88029165393581, 79.74270908060082, 80.64661159226884, 80.76432416151154, 80.56297203384815, 79.50821492899262, 79.69652906010009, 78.39636832161156, 76.43517771697128, 69.59461204363056, 71.75662266581132, 75.33928843163925, 73.67994320010503, 73.86813674546488], "r2": [0.09569558418475821, -0.4331555438638517, 0.03375416042008983, 0.19025501297165148, 0.32621606790151403, 0.30025803311479704, 0.3163702281820093, 0.2881280033262079, 0.29057809043037375, 0.27440400746354165, 0.27228428784370584, 0.27590827544984087, 0.2947442567342645, 0.291399523073291, 0.3143310002535432, 0.3482077612252057, 0.4596516099599717, 0.42555744522623995, 0.3667639174495275, 0.39435074098537193, 0.39125288722861584]}