{"mae": [18.751120366790463, 17.14392214262142, 17.018264043857833, 17.049491182972126, 16.923162823464498, 16.852636283822868, 19.842831146726546, 19.144880808757602, 20.206899168331343, 18.896440702212416, 18.400363080358805, 18.044544089806024, 19.557384857012714, 19.18862207851237, 19.49722098724727, 19.661837079331114, 19.130024660459146, 18.540686244509732, 18.491154783828662, 18.39804976516951, 20.07720806857228], "rmse": [22.419057340519377, 21.16709186544255, 20.348982508547643, 20.898589907095015, 20.709637276550236, 20.294151697974975, 24.300929755339727, 22.650417719502226, 24.490103646082268, 22.684138430224284, 22.109014874953154, 21.8235339865794, 23.67244264893322, 23.470427555881553, 24.13856792088085, 24.342935879829508, 24.35217903854816, 23.77806740974391, 23.614377364211762, 23.58425568376064, 25.619194555749626], "r2": [0.023062512065488483, 0.1291277165173511, 0.19514531479832176, 0.1510814035769732, 0.16636284193835083, 0.19947687083358678, -0.14783076186213262, 0.002794854113727596, -0.16577121021029884, -0.00017652569032677867, 0.04989661953466695, 0.07427447623518313, -0.0892265673278474, -0.0707154805122776, -0.13254399437627962, -0.15180242837235314, -0.15267728701233962, -0.09896835597661124, -0.08388967121907553, -0.08112629066318511, -0.2757424980045078]}