{"mae": [3.997225881934496, 4.742972417383843, 4.151736122222706, 4.889359886557347, 4.649312440290981, 4.882248515967733, 4.559639829176983, 4.926175400633024, 5.181330869492674, 5.057931233438646, 5.406308312052062, 5.135494194569889, 5.156733724578128, 4.84223677780109, 4.832695504182816, 4.921431071667037, 4.529303352746962, 4.571005859473155, 4.489692922724054, 4.641264234630853, 4.68398505948779], "rmse": [5.230464962357407, 5.841676118469568, 6.0335273644680445, 6.458504361686061, 6.516008654823978, 6.245208814539596, 5.914461700422082, 6.226372808510925, 6.221121208066888, 6.3383853416960765, 6.633404624692588, 6.259212467759941, 6.336292523392156, 5.9776190369152875, 5.984286316490157, 5.982462987284651, 5.674436001976732, 5.854841709518669, 5.762674952818982, 5.812120180872829, 5.643263493109502], "r2": [0.42689804872201764, 0.2851313663135152, 0.23740515312322108, 0.126193628446424, 0.11056421685832885, 0.1829564220715525, 0.26720627733372637, 0.18787751591433255, 0.1892468987982966, 0.1583944906013408, 0.07822638816499361, 0.17928819478397173, 0.15895016418091967, 0.25147250186641845, 0.2498017947556499, 0.2502588751296376, 0.3254771019601914, 0.28190548607036203, 0.30433598335024215, 0.29234681689062647, 0.3328677276677957]}