{"mae": [19.868437600859217, 20.975521204995644, 20.092917822376634, 21.00803157932036, 21.657504896778587, 21.81041474934911, 21.74088524688937, 20.727698263857157, 21.263715276664065, 20.650259459025925, 21.277895601524328, 20.57463891692414, 21.92728753214827, 20.140416951101404, 20.14997261997089, 19.616586207275407, 20.201853692122945, 20.41397778405385, 20.713032832641808, 20.408775785987103, 21.11065639133879], "rmse": [27.001564780618022, 27.85120978210893, 26.369860737899767, 27.295928440572244, 27.539796457745556, 27.323059149743084, 27.287415466908275, 25.70906468682179, 26.289195979374227, 26.71000550710195, 26.486441928552562, 25.87464602822413, 26.83624649550616, 25.08417479983971, 25.109479603473414, 24.464807361359696, 24.95184056502182, 25.398861257329067, 25.93321650404043, 25.48745818086317, 26.389841685995172], "r2": [0.09952217714945466, 0.04196078853643803, 0.14116283812264008, 0.07978163256462467, 0.06326530103790862, 0.07795142667991783, 0.080355533038736, 0.1836663298203547, 0.14640912541059858, 0.11886366433823659, 0.13355221138105877, 0.1731171393832962, 0.11051485353562462, 0.2228679994135755, 0.22129927396029392, 0.2607714076461912, 0.23104605547492174, 0.2032471106952738, 0.16936939827465902, 0.1976789105532092, 0.13986083032677477]}