{"mae": [80.01724351511734, 71.78600491419974, 67.51279950442954, 70.23831298931297, 71.91908699886157, 71.93897030312836, 59.82029763244701, 60.72928465806445, 58.37129916853661, 59.06569241911228, 61.287526335048895, 61.37647687031854, 61.43369479864249, 59.79520766252047, 59.959477464998805, 58.47659285430427, 60.82833943216813, 56.80913173834202, 57.37581738106478, 57.501890377687786, 56.12268844061447], "rmse": [103.04584956700494, 94.5005712948762, 87.83302909827802, 92.34156184362342, 93.19788567335483, 91.93727483907021, 80.0157411179598, 80.83371452551118, 77.99661486358488, 79.04688492643588, 81.3502426357432, 81.34952167139188, 82.11376595110065, 79.90469902269223, 79.153506426017, 77.53888010359731, 79.01986055827338, 74.48428478817718, 75.51098675199607, 76.53942106467679, 74.84699276616372], "r2": [-0.4257249001248129, -0.1990673962577354, -0.035834680251697115, -0.14490422471781894, -0.16623708136709747, -0.13490100127509397, 0.1403422348340816, 0.12267642680820001, 0.1831802411617589, 0.161034221668529, 0.11142839384597114, 0.11144414366040578, 0.09467051005217986, 0.14272656476508483, 0.15876943621910666, 0.19273936604738207, 0.16160777101144919, 0.2550896129057736, 0.2344121767991998, 0.2134160651464876, 0.2478171315740123]}