{"mae": [28.670940744243204, 35.571670408584836, 34.150127760547456, 30.430656440494673, 25.50647555979209, 25.741684192021143, 24.84258880087591, 27.305289798065917, 29.04480929500088, 28.799384352115567, 26.201343958520756, 26.100863117552596, 23.384914942260355, 19.23279367814494, 19.54146781515906, 19.660326788041406, 16.56917641696296, 20.97828024292413, 21.919634997006355, 22.027265751929267, 20.99144741182519], "rmse": [34.19896996201166, 41.74614373652183, 40.4721255634753, 37.133742949774586, 31.220713000405926, 32.129600382491134, 31.050628419306136, 33.81787385657715, 35.00988070446492, 34.38386085812671, 31.857942858241692, 31.728931123272435, 28.16153547108009, 23.91496570998908, 24.143879190998216, 24.36506357015811, 20.918760660069005, 25.899734721044116, 26.849762896819296, 26.904863234760846, 26.136540117521175], "r2": [-0.8789745602672849, -1.799803659603247, -1.6315212188918067, -1.2152987488517066, -0.5659593444025921, -0.6584618913111504, -0.5489437151394043, -0.83733119342064, -0.9691378064666001, -0.8993461904260893, -0.6305356797920141, -0.6173564042070308, -0.27411171695807224, 0.08117167750983645, 0.0634974864059008, 0.046260112179579926, 0.29698150481849894, -0.07766922358955797, -0.1581791931010299, -0.1629376370366835, -0.09746591633376034]}