{"mae": [76.12367982360458, 73.04536804945191, 73.41113467646896, 65.93148878504074, 64.42193501757126, 65.6021356446368, 66.86123274137516, 65.75340468742581, 65.78192977426687, 66.74956091316814, 64.78275199916997, 63.40902918496539, 67.25852499156544, 67.04832944436595, 66.33901447725705, 62.98843585689755, 60.938290680150224, 60.66291555827559, 62.89735443509765, 62.46794181014844, 62.105561490357324], "rmse": [92.58774050297428, 90.00114868935604, 90.84366764576356, 80.65994442714855, 78.62541136412412, 80.14300117005547, 81.83007125345326, 80.37669402529373, 80.38720635791486, 80.98730617303057, 78.30518735646122, 78.18554119575593, 82.24669272899823, 81.5503871394412, 80.83982128370086, 77.38396648872826, 74.79745144550968, 74.61512702655243, 76.45152575323516, 75.3818360832404, 75.12347950842697], "r2": [-0.17742680815190215, -0.11255900449507572, -0.13348628011752206, 0.10640077150141058, 0.15091179186623682, 0.1178180822884698, 0.08028597987297559, 0.11266578742632316, 0.11243366634955054, 0.09913263293144381, 0.15781400663142164, 0.16038567123870018, 0.0708970589127561, 0.08656215217204555, 0.10241076012180694, 0.1775132285954285, 0.23157665704276287, 0.2353182707425231, 0.19721497533490306, 0.21952252960434404, 0.22486323110357676]}