{"mae": [6.48435431398667, 6.683761574999089, 5.246521050169123, 5.526531808654028, 5.366621325428287, 5.903721905894595, 5.945100530919238, 5.885699549071514, 5.781741220860044, 7.953369750108862, 8.195508045570875, 7.190482644477081, 6.291603860033862, 6.50443526940226, 6.477663951302139, 6.378660574397442, 6.686699441964089, 6.325670926567577, 5.793369115482018, 5.972615434641884, 6.008260831261025], "rmse": [7.9580063325746675, 8.1756067916443, 7.1302589339981886, 7.079544431297687, 7.334398291462962, 7.270802051009986, 7.218808258325526, 7.186435490188916, 7.2814039968091295, 9.173197413262603, 9.443594372278199, 8.505722659105754, 7.614054341831758, 7.777817916988884, 7.713773273285265, 7.76131705614023, 8.08344702375776, 7.681093922038377, 7.059327990990891, 7.232748980996363, 7.21216688248473], "r2": [-0.2194010122324026, -0.2869983257286357, 0.021076862841464927, 0.03495266917880058, -0.035778689154260856, -0.01789418302850576, -0.0033882324306682143, 0.005590983973272512, -0.020864839313701866, -0.6202404496310547, -0.7171674192657616, -0.393029861005757, -0.11627175139120172, -0.16480582580962522, -0.14570215472433778, -0.15986873140903612, -0.2581464115836096, -0.13601519791264072, 0.040456403407429065, -0.007267394507687541, -0.001542827286202808]}