{"mae": [17.5099503482702, 16.93655841654447, 18.263265964255925, 18.819871572868838, 16.28813525308322, 15.740332802156356, 15.87831277040638, 15.41737497631896, 15.03974325350028, 15.360785857133747, 16.014307129150765, 16.67980915899859, 17.80157863023187, 18.809493996531586, 17.961383951139634, 19.105609377094662, 19.259296504687306, 19.835980704291163, 18.78486394322572, 19.005878483869452, 18.932596283842983], "rmse": [23.31280140608403, 22.7847729955022, 23.994187827466703, 23.741634738864903, 21.322204023675585, 20.67837219200814, 20.6128774432243, 20.068948784199044, 19.233264173376497, 19.545968333389183, 20.567998233662962, 22.187858338201355, 22.931189533557564, 24.358299375848098, 23.876977032581973, 25.233807387271113, 25.244772887527777, 25.977827778558314, 25.534156041691336, 25.552891620522928, 25.69826286178887], "r2": [-0.0853120292391416, -0.03670477905887326, -0.1496821719865642, -0.1256073667111408, 0.0921170133233733, 0.14611696633060522, 0.15151741939104701, 0.19570579844169367, 0.26129390561536925, 0.23707812034954312, 0.1552081000167147, 0.016902804394354987, -0.05007146334836987, -0.18483975092952387, -0.13847728978670748, -0.271543598715124, -0.27264895241580467, -0.3476321244962024, -0.3019931656960644, -0.3039045306068895, -0.31878264316254823]}