{"mae": [66.29121869552908, 70.6206888177295, 57.60026335235785, 66.18075299111868, 61.04330487894603, 67.13346033628824, 62.79783794876578, 73.14903063471215, 72.69347804853727, 58.89395087614506, 61.55279421695117, 60.07891778720868, 58.310235860251744, 59.69773578386812, 53.17905575856213, 53.076827233680504, 60.50176142954229, 60.8246477627498, 55.47685921366565, 56.60068536460244, 58.98061550052151], "rmse": [81.59937051685763, 87.31790198893601, 75.91774291060507, 84.4799328604523, 78.02640821825497, 86.21409304254621, 78.69476332266323, 91.39520533850141, 91.39758503709798, 72.4754991767934, 75.22226764675709, 74.4600096209716, 73.74632174219114, 76.30856054619463, 71.09857322944967, 70.77177590210333, 77.73986764733309, 77.71829912148947, 71.62329007472432, 73.69134406938093, 75.42669634321052], "r2": [0.20881510527225378, 0.09403597064961267, 0.315157118967587, 0.15196946483451157, 0.2765848473478869, 0.1167962631803019, 0.2641385747435525, 0.007452737258854869, 0.007401049775486723, 0.3758531246297401, 0.3276472071999197, 0.34120461806532176, 0.35377300226386554, 0.3080879522419504, 0.39934355498386054, 0.4048525769462368, 0.2818883639016726, 0.2822867813735056, 0.3904449918920665, 0.3547361638852512, 0.32398778617540624]}