{"mae": [98.18835865361402, 55.729692489376696, 59.51132714938339, 51.93429300988734, 74.22356329722123, 55.41523224851299, 56.349742952462975, 67.05727097424962, 69.88267787174406, 64.72757260938221, 60.92957830671432, 59.48011349682036, 65.63211850024939, 59.520691769989014, 67.61784425806752, 65.21044133150708, 65.86946736549903, 65.13861455516522, 66.72454937879994, 65.65489824288977, 67.92513632815206], "rmse": [115.87926434896546, 70.40225744887266, 74.1644028052238, 66.13188502681881, 90.36123171060166, 67.65336952471236, 70.29745797586861, 84.38602286507185, 88.93210744170322, 82.52827491242448, 74.75220456818633, 74.0392182290297, 81.16966557550694, 77.97503677220902, 87.76778075890697, 85.85268961479767, 83.85847220411618, 82.91671330387423, 83.50054925730042, 81.81452913301803, 83.49084886071986], "r2": [-1.0832119962170328, 0.2310551742120669, 0.1466778540052711, 0.32150943476178084, -0.26673652503983636, 0.2899304771747021, 0.2333427438657858, -0.10474754922311202, -0.22698478361338892, -0.05664120661918148, 0.13309797105225019, 0.14955612477404967, -0.022137971367505838, 0.0567361615870976, -0.19506697003123952, -0.14348328246496989, -0.09097776789535428, -0.06661126661231598, -0.08168466642609462, -0.03844351694422987, -0.0814333588394609]}