{"mae": [76.12367982360458, 71.99263124403228, 58.44767771609176, 60.03879017663243, 54.82066788901918, 54.88978535489885, 56.32384520996087, 55.47588524684065, 56.80147390664842, 50.56311167264353, 47.46010088956915, 50.1141464128506, 57.731621055861844, 49.828537913192555, 48.221583010715925, 46.51767014729303, 50.96531547044517, 47.772909486363226, 46.36926604068275, 43.68463865006778, 42.733119727074666], "rmse": [92.58774050297428, 90.71460680087209, 73.77121051079384, 73.74548378435863, 69.51313745512157, 69.30837846427904, 68.68439193452845, 67.95386344131725, 69.003164105486, 62.8848420615272, 59.50362690820562, 60.886877213645825, 69.2039609851609, 59.193431955616646, 58.01956413938381, 56.50304362539629, 61.93810099468536, 58.55475729755541, 57.60836625225585, 55.271203188473926, 54.740366605811204], "r2": [-0.17742680815190215, -0.13026789879928025, 0.25251795008180833, 0.25303920797986446, 0.33631694472197515, 0.3402210966643071, 0.3520476582191956, 0.3657576254294864, 0.34601925851772664, 0.4568511088516358, 0.5136893011299473, 0.49081646829063286, 0.34220759688142033, 0.5187464021947209, 0.5376446661769103, 0.5614989546159039, 0.4730823818482064, 0.5290754638460224, 0.5441750780790766, 0.5804103318001653, 0.5884312881840288]}