{"mae": [4.201090094178264, 4.355249010571147, 4.557392120473516, 4.461777716580365, 4.467202862371145, 4.709200212553535, 4.760066837873587, 4.266769936073584, 4.550540730317093, 4.246079798056994, 4.073533449596805, 4.294961406666321, 4.026481443442776, 4.3881826206741446, 4.38028547093945, 4.594123201668837, 4.510514832111916, 4.227237251731228, 4.209097796223461, 4.242718005428945, 4.263780618641636], "rmse": [5.714680338732948, 6.467108933926462, 6.5921127089475196, 6.362664766497624, 6.172298803271585, 6.703968607679997, 6.720157241857651, 5.669654550358574, 5.795852134989204, 5.4234687656684715, 5.392926675764339, 5.565922338255864, 5.350111020210704, 5.708912575862835, 5.714147633512322, 5.710971443988613, 5.6757087281361045, 5.389144625629117, 5.367556477191218, 5.37836590184368, 5.342506714283485], "r2": [0.12222796792938895, -0.12413432019200066, -0.16801145657103866, -0.08811785867611399, -0.023980623991038064, -0.207985714327924, -0.2138268067571687, 0.13600535446089135, 0.09711497783125067, 0.2094084993745936, 0.21828780821807314, 0.1673314934039507, 0.23065091305276875, 0.12399892473922192, 0.12239160681116401, 0.12336696694031435, 0.13415918556152173, 0.21938385056874032, 0.22562539908913504, 0.22250331833441173, 0.23283636607676073]}