{"mae": [68.88426039332963, 65.2601144693016, 77.76727019511615, 68.00337931002241, 74.70319547596503, 68.56028851649563, 60.87336764284475, 64.63107293989883, 64.780977771839, 63.47848164140264, 62.648060529680706, 60.67937432722002, 60.735767423778334, 58.22588151921061, 60.222792540066436, 58.41965289786897, 52.41486683486609, 49.2771492745938, 47.65681791965803, 47.45869974043591, 46.549328952315925], "rmse": [90.03181658565467, 87.36980745815319, 97.82510701022126, 87.92654605065808, 94.29649772186137, 83.89217193913424, 75.76128717844183, 78.63180117574366, 79.47817354798731, 79.98875862007066, 78.72322356954253, 77.3946985207987, 75.70494074050801, 75.08293370577346, 76.42324613593742, 75.53892885969913, 69.72960121519077, 63.13303721641999, 65.28962806646713, 66.18571816096023, 65.36536591326497], "r2": [0.09569558418475821, 0.14838092053614937, -0.06763619477687377, 0.13749295256480254, 0.00799525125093814, 0.21482673780200745, 0.3596501460435003, 0.31020653868644454, 0.2952771036580196, 0.28619343303844413, 0.30860160966744754, 0.33174063890980776, 0.36060229501311025, 0.37106597240159955, 0.34841123572885546, 0.3634034657171539, 0.45755340380425025, 0.5553318830204053, 0.5244337625091571, 0.5112900326302162, 0.5233297815224941]}