{"mae": [3.997225881934496, 4.335738921313672, 4.3067007032361255, 4.965732705048858, 5.052501352450016, 5.214218397767432, 5.486366907350849, 5.759575662383957, 6.32055587565756, 6.740101880346523, 7.7166767700003485, 7.189266285374214, 7.053268355690631, 7.4647071700084355, 7.543229176716482, 7.5524365990844124, 7.6143324645820005, 6.553607871754237, 6.801128891199611, 5.449261170740324, 5.686916666440204], "rmse": [5.230464962357407, 5.34776262728076, 5.240183307665238, 6.223610277104785, 6.3744474533079964, 6.449121817276741, 6.770888669421946, 6.77689210415844, 7.384049124984812, 8.040430787439215, 9.013662543094965, 8.58689586185581, 8.230705701285189, 8.711762300682631, 8.840014538243695, 8.759665384306244, 8.868575185758548, 7.733338596453198, 7.977618390873247, 6.649696958288194, 6.8625337801061495], "r2": [0.42689804872201764, 0.4009052187522567, 0.4247663923834737, 0.18859800478745525, 0.1487906535912472, 0.1287306157898337, 0.03962103630856162, 0.037917233825301766, -0.14219550673619574, -0.35428456392603414, -0.7019777656520276, -0.5446272229920528, -0.41914064677915586, -0.5898762698284785, -0.6370323103229105, -0.6074087420099814, -0.6476273678307174, -0.2528103834112594, -0.3332076860395472, 0.07369288335744739, 0.013447314333520644]}