{"mae": [23.277113584995085, 32.809747500344194, 22.696657596647256, 22.55464606164509, 20.222889632426906, 18.58098930426178, 17.863838054851854, 18.959123085969598, 18.53913620182114, 18.619800279905736, 20.154472925797283, 23.00998831349227, 23.572030715966275, 23.11948501728809, 22.847717318291778, 21.551097105326726, 20.440801419538033, 22.543791613422954, 21.379189609098358, 19.980039223914858, 19.523856628031027], "rmse": [28.18341039392332, 38.96643498388843, 28.013978989830633, 28.333576391986348, 25.82848846186247, 24.21520353483859, 23.689161190497927, 24.935917082393388, 24.95508267091582, 25.395590327182695, 26.401568595278878, 28.955743619179195, 29.14657651837477, 28.922631850383556, 28.56666828822496, 27.205523847437004, 25.501681953527175, 27.615227359082958, 26.301682813353455, 24.98128077609277, 25.030004585998913], "r2": [-0.21084364546683187, -1.3146339884617095, -0.1963288463844246, -0.22378118183972817, -0.016948499167891873, 0.1061241067110249, 0.14453874668949096, 0.05212369297826258, 0.05066606953651387, 0.016854936974415202, -0.0625770663266918, -0.2781164451290574, -0.2950188188821865, -0.2751949868316581, -0.24399937244150016, -0.12827551379389468, 0.008623482273023675, -0.16251408604584494, -0.05455212140935872, 0.048671782018216425, 0.04495719758507566]}