{"mae": [4.4736983325628366, 4.406115888327594, 4.609325188071651, 4.4083821256500775, 3.92358937388526, 4.2656938544124845, 3.768277060616137, 3.9524767018699922, 3.829800063745915, 3.7442681119796273, 3.6817352017987135, 3.6992939482774325, 3.532853926271946, 3.521645011885275, 3.456322921261956, 3.6803733084118653, 3.5353572029161757, 3.4659044945103714, 3.6890073995133776, 3.705111484378063, 3.8298400115088174], "rmse": [5.961569056365093, 6.274837786749073, 6.603444835680992, 6.459107227873386, 5.520061655059701, 6.127605681004748, 5.455773986645377, 5.586101323986208, 5.273792964704996, 5.129595495094644, 5.00169215418126, 4.8342433704411505, 4.560049195742624, 4.625933670299129, 4.601189717796799, 4.831596700506195, 4.479554326412712, 4.392407122688108, 4.619526855344707, 4.636992096448994, 4.869276153268089], "r2": [0.18554924615164137, 0.09770473572042027, 0.0007255577492133458, 0.04393226887021606, 0.30171690427944253, 0.1395506875931063, 0.31788686413462297, 0.2849090373408063, 0.3626326319954787, 0.3970102772888643, 0.4267057474918238, 0.46444917552328824, 0.5234782503867981, 0.5096090191417677, 0.514841155731435, 0.4650354258000069, 0.5401530742064502, 0.557871158935275, 0.5109664396329936, 0.5072616295359229, 0.4566589937322585]}