{"mae": [4.634743266397427, 4.2990087361452165, 4.274901306947374, 4.231259423420487, 4.114547846293079, 4.234595273821985, 4.256233268977553, 4.0805922437989235, 3.9382129310888843, 4.032726130343285, 3.8792712342767266, 3.8291071810398396, 3.7825183559875177, 4.234836143674683, 4.152450940807122, 4.781497143160382, 4.611605545474718, 4.798417741926122, 4.823810504752571, 4.813773179426415, 5.284418152564075], "rmse": [6.296948964367819, 5.815197104463643, 5.4424705793332, 5.367732043997188, 5.21045747283059, 5.530833042620173, 5.31188885576161, 5.112016922702344, 4.951048893783776, 5.196006925330595, 5.0878482188625975, 4.902419567835138, 4.855455071521819, 5.214896457256187, 5.267630054362601, 5.728371579251329, 5.576537820816494, 5.873613427681256, 5.908191858157885, 5.900187925486827, 6.256578153677587], "r2": [-0.12258563114276488, 0.04261193015505882, 0.1614068468088059, 0.18428060623590548, 0.23138148234063605, 0.13395545665130826, 0.20116498842338237, 0.2601499664636411, 0.306009440702092, 0.23563890372123308, 0.2671291870006599, 0.3195752751524118, 0.33254957813263397, 0.23007129451023034, 0.21442136094034026, 0.07098763398421304, 0.11958296680247849, 0.02328051401616682, 0.011746612207208296, 0.01442240741401657, -0.1082375981103374]}