{"mae": [5.322098267749157, 5.246346106159512, 4.690440292897124, 5.470848030169877, 5.719383915941171, 5.30384298021487, 5.439706134697564, 5.306131067099034, 5.011645842749372, 4.987962848599258, 5.057244309192705, 5.193323846784776, 5.051078701114849, 5.164016570549148, 5.090242467173343, 5.148500170186961, 5.005179202442873, 5.038305528750428, 5.097695930699788, 5.137331886815382, 5.370584101469619], "rmse": [7.274825082022369, 6.780413225454741, 6.350714184042823, 7.162227477010824, 7.279831099002323, 6.93061501636178, 7.051385217695348, 6.833775716917035, 6.572220193465468, 6.584907350928692, 6.522988862100436, 6.903295793283403, 6.608713397876823, 6.791412043728464, 6.436742814924995, 6.643909183001105, 6.5842125707229835, 6.601555435011797, 6.368914871470082, 6.373297026063197, 6.6625098648733685], "r2": [-0.015429945189062266, 0.11790130345614969, 0.22616210938622927, 0.015759851677451198, -0.016827919287132787, 0.07838739475637735, 0.04598821979881573, 0.10396226784462059, 0.1712394563365418, 0.16803665301324533, 0.18360914794569239, 0.08563873313255488, 0.16201027822462644, 0.11503719709452465, 0.2050548399831933, 0.1530608076744775, 0.16821220633243616, 0.16382456507295762, 0.22172022660989243, 0.22064886181057186, 0.14831188698089126]}