{"mae": [15.819896648451584, 17.478866629069177, 16.459836993860534, 17.518557717956313, 16.541115140449406, 17.07608287426254, 16.979666599763842, 16.853786728973695, 16.52010241722346, 16.803549640248228, 17.945727477612014, 17.50076306061853, 17.485678056666128, 17.908617474915047, 17.45978483203351, 17.449991773917116, 16.703362742707252, 17.014841081620656, 16.917327413089154, 17.732220122113105, 16.887459290688547], "rmse": [20.279188195697056, 22.876259336351055, 21.29050559661908, 22.605613122817275, 21.69628319971634, 21.484782628972795, 22.014285180551997, 22.02576407565861, 21.239443694819585, 21.958913790897743, 23.008908034672196, 22.992108775270836, 23.068173061466595, 23.54203807440849, 23.084543296933084, 23.351190951266293, 22.35157013997316, 22.700565816645874, 22.730246481708804, 23.41034767576706, 22.669887336873433], "r2": [0.1244774679185583, -0.11413089835267165, 0.034975929262457295, -0.08792455132571053, -0.002159570443386327, 0.01728377971845163, -0.031752126242913015, -0.03282837851072107, 0.03959929283804042, -0.026568428380806086, -0.12708900377832677, -0.1254437845984262, -0.13290266393105643, -0.1799247520333851, -0.1345111540204269, -0.16087181409554097, -0.06360965104558902, -0.09708318993228682, -0.09995390656975567, -0.1667610521266618, -0.0941199068053673]}