{"mae": [20.14832714021019, 18.206580447398505, 17.260373868127935, 15.524830096153496, 16.284417100007555, 15.011554250818886, 17.076840724435616, 17.599347896066476, 19.335548237727295, 19.52256821652209, 19.63873198162414, 18.81367584682742, 23.48766609102443, 22.978588396875892, 22.555511174742698, 23.2743372190878, 23.202720930150452, 22.985420893613753, 23.23127450174583, 22.573398332582347, 22.752205438815164], "rmse": [25.238410898996406, 22.485614136052106, 21.340802859303288, 20.201062757964486, 20.523659132782047, 19.457152582730956, 21.284856486227557, 21.873056116609618, 24.252236789018834, 24.296012178849605, 24.734868272700893, 23.70753083429307, 28.949750481948875, 28.656717345383182, 27.9727602123154, 28.895679673037087, 28.71655200231356, 28.523345617814233, 28.745197087556154, 27.726835468759862, 27.966003076216897], "r2": [-0.10272871308128395, 0.12470554550122459, 0.21156448746799628, 0.2935310071316747, 0.2707872463154015, 0.3446048263902798, 0.21569294400173844, 0.1717458818351374, -0.018235582051200794, -0.021914738555719016, -0.05916561495356154, 0.026989968534954722, -0.4508894385990283, -0.42166591022728106, -0.3546132352996232, -0.44547471127380267, -0.42760892860476396, -0.40846350448758306, -0.43045846120554865, -0.33089955615187683, -0.3539588700971852]}