{"mae": [98.71756157293662, 94.58660083989147, 104.86074433785974, 92.00319750718991, 88.62676998412917, 103.57916265554668, 88.32740555940535, 88.62139338289627, 85.15898655382094, 82.18339059244869, 80.82031206751829, 83.51413600333996, 80.17026169883934, 78.69861810213678, 78.0307367762518, 77.89852173446018, 76.87693974883413, 76.00318291203057, 73.55762086753802, 56.980344657240686, 57.298647564275534], "rmse": [114.02607868823235, 114.00994838680084, 121.25400055691824, 109.6703372475537, 106.25379735259007, 124.1923674238267, 110.38516922824765, 113.2237817028675, 109.41250946789391, 103.06260516486883, 103.81079181181933, 105.6953028980213, 102.28604753071195, 100.9939000207749, 98.61202775161094, 98.53558256585174, 97.13675390586843, 96.1999713866591, 92.14766770647587, 71.51682258534221, 71.7993664512872], "r2": [-0.9441915009580697, -0.9436414833275883, -1.1984814932667693, -0.7984941084899355, -0.6881832294040211, -1.306324823307973, -0.8220157093462472, -0.9169287643990085, -0.7900477648726092, -0.5883013090386593, -0.6114456735393616, -0.6704829099689897, -0.5644563701999346, -0.525179461739671, -0.45408716183631803, -0.451833585264372, -0.4109051996898172, -0.38382300861555296, -0.2696948457828816, 0.23520140132474365, 0.2291464341106657]}