{"mae": [4.204676621002272, 5.69791391248748, 5.611057359371533, 6.059067077194869, 5.138235050049028, 4.690591068983292, 4.459017598932718, 4.31350718716342, 4.486856176771504, 4.539529067636559, 4.40763428457645, 4.532452369223426, 4.519444660447332, 4.248647087974585, 4.355698139798653, 4.26185886179597, 4.149192325975262, 4.068840866456596, 4.253901249360452, 4.220483631568571, 4.289070250128786], "rmse": [5.616526152586816, 7.194683748873229, 7.310053785817212, 7.833568130097799, 6.712210510411946, 6.797456320680364, 6.065835966086266, 5.830401347782754, 5.992624787310782, 5.950178187070703, 5.963948000558658, 5.989773216388934, 6.085290516197284, 5.810859864506616, 5.9733850191521425, 5.843563830272068, 5.609513840940186, 5.492104895906672, 5.613802347611507, 5.670439590074934, 5.764690378023807], "r2": [0.19772821245240635, -0.31646515001222597, -0.3590238992119965, -0.5606488588110996, -0.14582181472803435, -0.17511075316654034, 0.06423397543826359, 0.13546445862049106, 0.08668598523292037, 0.09957842550423879, 0.09540611902146745, 0.08755497340977347, 0.05822191022269019, 0.14124999340232192, 0.09254109630559193, 0.13155657025251832, 0.19973025703098124, 0.23287948690667115, 0.19850616734811233, 0.18225216048931714, 0.15484197061552407]}