{"mae": [4.4736983325628366, 7.459796422192419, 6.8778552032058435, 7.539310700596741, 7.120169972710068, 6.6717438749741245, 6.507667644413975, 7.858095910623067, 5.06510852177654, 4.876488228343306, 5.266167445255738, 5.073414647830927, 4.892134033602739, 4.750641086415489, 4.66453342918948, 4.4823065883349225, 4.467782735475624, 4.532453613312803, 4.789596342427802, 4.678395028333331, 4.617579460050381], "rmse": [5.961569056365093, 8.821871085491813, 8.171419556953138, 8.655491259198202, 8.479039786029967, 8.168572686414604, 7.833493782870113, 9.473904130365904, 6.32299633122545, 6.253658911983998, 6.607696848432498, 6.3739100614969, 6.1300985120460645, 6.074131785136555, 5.975883887385014, 5.596871923495665, 5.576316911281669, 5.601620463107626, 5.974083855015698, 5.882805588474632, 5.795137517414928], "r2": [0.18554924615164137, -0.7834670327003508, -0.5301665044061847, -0.7168292975046133, -0.6475439845609312, -0.5291004896026694, -0.406224556929204, -1.0568453674073481, 0.08380159528487308, 0.10378532286195774, -0.000561738725976646, 0.06898745316223376, 0.13885044962998716, 0.15450295908509704, 0.18163325618875603, 0.28214883553874337, 0.28741189830657776, 0.28093022958428016, 0.182126192396317, 0.20692791386091058, 0.2303891817056034]}