{"mae": [17.5099503482702, 17.209245766975094, 17.174232888406692, 17.175668210403803, 17.325747158289747, 17.3546535326149, 18.5825980673017, 19.04837100285929, 17.614750211059885, 17.935487163939086, 17.98866586360414, 17.15977269701619, 17.59060718199575, 16.89294551219947, 16.878758942277702, 16.564445165500608, 16.28366652868817, 16.657095215813833, 17.01395157492882, 16.345960266855826, 16.43125619931036], "rmse": [23.31280140608403, 23.860406747648522, 23.802501137885976, 22.940727737326842, 23.027436004593277, 23.015621924116108, 24.38856143691077, 24.95833775914297, 23.445570601609223, 23.515928840333718, 23.686341304007037, 21.866931221796055, 21.834443867101392, 21.189817850545136, 21.29539602667788, 21.018921813138874, 20.90665374622751, 21.35864317009553, 21.89464386956985, 21.127840561966266, 21.158449605413434], "r2": [-0.0853120292391416, -0.13689766376691592, -0.13138620119453703, -0.050945197229884664, -0.05890465259527011, -0.05781840263703719, -0.187785602393703, -0.2439330416839096, -0.09770919459908178, -0.10430735095557586, -0.12037047191275674, 0.0451363378146028, 0.047971481938213656, 0.10335581680205064, 0.09439850581587561, 0.11776037908386927, 0.12715979715186565, 0.08901126031220052, 0.04271454684555154, 0.1085932667978361, 0.10600853770071805]}