{"mae": [4.204676621002272, 4.124830785041834, 4.012805831577597, 4.217149838164599, 4.098512644323488, 4.398152740462367, 4.632889460300867, 4.7594273740811746, 4.79566871886277, 4.850698254807658, 4.525300205997548, 4.468494029715528, 4.460795553855747, 4.34535316235898, 4.447082276508393, 4.481675340237413, 4.4178138629147385, 4.4107491990406995, 4.461298882376954, 4.523906752292505, 4.442480618111514], "rmse": [5.616526152586816, 5.619505414152109, 5.327868108069022, 5.627992941502735, 5.399759492025453, 5.718414901442679, 5.9627527515192345, 6.075078467288708, 6.155018454149722, 6.202988536216958, 5.948638090235462, 5.856218712107528, 5.910983873367212, 5.7836477116055995, 5.926787245148728, 5.9876009788748465, 5.93382483086668, 5.93819928088202, 5.926591820402346, 5.897783655045497, 5.808522320924], "r2": [0.19772821245240635, 0.19687686364135404, 0.27807367293768515, 0.1944490068031267, 0.25845965887252664, 0.1683563527826829, 0.09576866632160197, 0.0613801535582279, 0.036515642671330895, 0.02143899286742279, 0.10004448111056008, 0.12779107734946937, 0.11140165864202756, 0.14927418260725123, 0.10664386452274444, 0.08821666387528104, 0.10452102703375321, 0.10320023580033955, 0.10670277705349474, 0.11536600541488828, 0.14194075582329424]}