{"mae": [19.868437600859217, 19.386552372281937, 18.920528128832217, 18.762050828706546, 19.98269771925299, 20.093818247127697, 19.686867319305282, 19.320281902971118, 19.41431842013217, 20.15843698824262, 20.221774983495283, 19.995940263355195, 20.38798259391864, 19.724016006526348, 19.567491615347887, 19.466663631928277, 19.41849781435339, 19.559492059514273, 19.75173977310751, 19.956327000886446, 19.690602632929004], "rmse": [27.001564780618022, 26.768474363287904, 26.647169364497902, 26.10703404606084, 26.885116066636186, 26.432767567341035, 26.570565322567685, 26.473439811189174, 26.25901683306963, 26.829056421180677, 27.080041733150807, 26.01504055002606, 27.19529162087217, 25.95829051907206, 26.045260442341444, 26.1024068866704, 26.011164361074194, 26.555925063775497, 26.926632607907642, 26.81626707204585, 26.57719363945512], "r2": [0.09952217714945466, 0.11500178404850503, 0.12300459061860125, 0.15819747000438067, 0.10727234817512721, 0.137060339035878, 0.12803963409542118, 0.13440267598694244, 0.14836778992935384, 0.11099141851026773, 0.09428029962515516, 0.1641195459527034, 0.08655459382166408, 0.16776240033089906, 0.16217644778269313, 0.15849584241159698, 0.16436861642374823, 0.1290002616417728, 0.10451308308586904, 0.11183879316002032, 0.12760453981390318]}