{"mae": [4.634743266397427, 4.50710560405085, 4.378585202651754, 3.934357146404374, 3.7292784679655777, 4.0265600932135115, 3.61838131833199, 3.41236051946398, 3.5846480750323484, 3.565549360910667, 3.541276711012225, 3.589448181902967, 3.5174560601688256, 3.4633881255456673, 3.523423944007851, 3.685172734729042, 3.6453735421815385, 3.4842890383879253, 3.561735592554908, 3.519759799746314, 3.475811256635587], "rmse": [6.296948964367819, 5.7023047093409795, 5.338521050882781, 4.927165279462876, 4.737608948012494, 4.962113977924244, 4.538121199238984, 4.430770278273394, 4.5308928304860245, 4.464600668762909, 4.412991812579656, 4.41412151946479, 4.355493121933471, 4.2501864845030815, 4.327292614330205, 4.460180738780025, 4.5125350887084625, 4.4004930307953565, 4.458667088195385, 4.3825878674516865, 4.4232668933428], "r2": [-0.12258563114276488, 0.0794233109894592, 0.19313467642341808, 0.3126888432769639, 0.3645556057841932, 0.302903979594929, 0.41694259832921887, 0.4442012064370905, 0.4187985194141386, 0.435681390619752, 0.4486525432960605, 0.4483702220186758, 0.462926410348541, 0.48858306631160353, 0.46985867512109425, 0.4367981821450092, 0.4234986667311599, 0.4517712496130831, 0.4371803846412675, 0.45622354840947565, 0.44608207176128256]}