{"mae": [80.01724351511734, 71.24107731083947, 65.75960702261742, 72.36520376851057, 62.702687032655966, 59.60981238384641, 64.10336750237681, 62.058382306079594, 60.22922668611805, 58.581057737412266, 56.88278037280735, 58.66977347708888, 58.9837672545059, 57.976423303492055, 56.98044064603689, 54.0710028659648, 51.44394966005134, 51.761062100144045, 54.22855025720115, 50.531840359644406, 50.70250783038256], "rmse": [103.04584956700494, 93.70172409144736, 88.15476685427456, 94.55777555886984, 84.40222795598086, 80.61874376999552, 83.48322862693746, 80.44726384154744, 77.28916598247507, 76.9488519368696, 75.20261568914329, 75.01933038148059, 74.87538439273509, 73.20748817638608, 71.77099220870737, 69.2871502944017, 66.21690666838994, 65.67652022989, 68.96283672699388, 64.89383332113937, 64.15471512564643], "r2": [-0.4257249001248129, -0.1788807877112304, -0.043437230635404944, -0.20051950448001588, 0.04350534417028318, 0.1273365647384288, 0.06422120557054234, 0.13104501034773663, 0.19793056246400953, 0.20497824017589694, 0.24065240963828982, 0.2443492931219885, 0.24724637395930082, 0.28040897453942315, 0.3083719048805391, 0.3554151029758914, 0.4112749655311392, 0.42084475360110596, 0.36143522012994334, 0.434566436418124, 0.44737326934672195]}