{"TreeBasedRegressor_Representativity_self": [57.16660160012543, 38.57585539994761, 36.76811379985884, 40.725806300062686, 41.58455640007742, 41.01532949996181, 39.79046280006878, 51.966201399918646, 44.428794000064954, 43.97037130012177, 46.002427299972624, 43.686090499861166, 44.04956889990717, 40.726381899788976, 36.18264719983563, 31.018340499838814, 36.70618440001272, 37.80934719997458, 35.812555600190535, 34.54275820008479], "random_state": 52}