{"TreeBasedRegressor_Representativity_self": [843.4905725830176, 1007.566711833002, 903.195856810984, 291.0711318679969, 1055.723297111981, 1019.9524280320038, 518.5279134660086, 480.6487956799974, 692.9599904380157, 668.9422830079857, 125.08984897300252, 136.20236055200803, 248.7645744259935, 252.2150294180028, 464.1957980800071, 205.16837679198943, 226.0093153959897, 81.99263878099737, 85.9092052539927, 93.04029782902217], "random_state": 48}