{"TreeBasedRegressor_Representativity_self": [607.5582603670046, 640.5021026800023, 768.8421920679975, 687.0321446689995, 588.6110670919952, 552.3486844740037, 610.8430178690032, 436.49901150700316, 432.752749406005, 433.0437460050016, 276.08743345199764, 311.82600767999975, 287.061935411999, 281.9330849109974, 340.2651524209941, 201.2854448930011, 213.89779824700236, 104.66375327199785, 188.4083616400021, 124.84700489599345], "random_state": 47}