{"TreeBasedRegressor_Representativity_self": [639.145825841988, 298.63960046798456, 771.35173373, 793.524222619948, 392.8257554680458, 248.0998204179923, 300.4867672849796, 595.5487847260083, 136.42277373297838, 117.22584672196535, 409.36653052602196, 92.56694176001474, 283.46662423200905, 165.41046192200156, 98.47697219002293, 175.9230916230008, 182.65712090797024, 139.4387141650077, 200.82697515800828, 191.46258993796073], "random_state": 35}