{"TreeBasedRegressor_Representativity_self": [11.995005749166012, 6.532174724154174, 2.917892247904092, 6.197947312146425, 5.45513697899878, 4.316405718680471, 3.3642121739685535, 5.645159955602139, 5.157369581051171, 5.685932578984648, 6.4655577670782804, 3.749286429025233, 5.370025115087628, 2.5289202900603414, 1.9746594061143696, 1.8106053010560572, 2.3852642830461264, 1.5712433499284089, 2.3941916790790856, 4.332852844614536], "random_state": 35}