{"TreeBasedRegressor_Representativity_self": [680.112770290114, 746.9546263250522, 523.4397011259571, 429.2531283791177, 256.35476847412065, 268.74607400177047, 125.80881936382502, 140.33934535225853, 167.5989798619412, 146.91996011091396, 155.80621168902144, 272.4268791070208, 218.21759769599885, 124.0175062683411, 106.0621272129938, 290.19671135395765, 292.414462427143, 264.5686302171089, 179.83585910592228, 184.39999986393377], "random_state": 37}