{"TreeBasedRegressor_Representativity_self": [9304.988457731903, 9685.90540056536, 8890.118414686993, 3589.4082383257337, 10117.585413293913, 13568.876139176078, 6096.425416268874, 601.9256346109323, 611.7224366771989, 596.2500077323057, 4529.055482091848, 254.83674742514268, 3671.508258121088, 1200.0620478778146, 448.41891234600917, 1576.1360907140188, 661.065623478964, 1259.042737790849, 1257.4414552622475, 530.5903750178404], "random_state": 45}