{"TreeBasedRegressor_Representativity_self": [707.8769708159962, 732.1387642339978, 764.5244151060178, 819.2620282779972, 766.3025280039874, 728.0314261159801, 706.2998834289901, 474.10232914000517, 376.3572870470234, 452.87523676399724, 387.27873792499304, 363.6192057689768, 399.10073703501257, 257.2719690009835, 230.16643221100094, 232.02730978900217, 280.20013769401703, 179.34292894799728, 125.06480451699463, 171.5545170700061], "random_state": 38}