{"TreeBasedRegressor_Representativity_self": [844.8385274040047, 394.2795682459837, 1184.5913268880104, 544.857408005977, 334.81184519303497, 431.93872969102813, 268.2864753860049, 144.3190102709923, 277.6467595429858, 216.83492451300845, 323.20334713801276, 297.9964667780441, 256.98200468096184, 356.72483338799793, 268.19209705403773, 64.08730284898775, 163.7282663829974, 131.83107068302343, 44.57028872601222, 123.4373662850121], "random_state": 39}