{"TreeBasedRegressor_Representativity_self": [11.070995388086885, 6.293271186761558, 5.264185413718224, 6.619794834870845, 7.1347843571566045, 8.87428634101525, 2.2106292680837214, 3.9514077161438763, 2.1889621592126787, 1.9696395136415958, 2.3208820493891835, 4.692508788779378, 2.4759297790005803, 7.143275146838278, 2.957412101328373, 3.459682961925864, 1.4265411267988384, 3.5272017498500645, 1.9056444531306624, 3.08509657997638], "random_state": 39}