{"TreeBasedRegressor_Representativity_self": [564.7887891649953, 595.2279918799977, 609.2680238270041, 583.8556934259977, 584.4438247239959, 472.8730088459997, 458.2637510590066, 468.11862643500353, 333.76355412399425, 434.6844092750034, 344.3772396980057, 237.39360175299953, 221.59456146600132, 225.012245265003, 274.69669269600126, 189.82348802100023, 235.48931269400055, 166.71654143900378, 128.2789123600014, 126.6590630560022], "random_state": 34}