{"TreeBasedRegressor_Representativity_self": [577.9816243109999, 764.0053541329999, 660.2956946920003, 649.6323905119998, 660.0431822070004, 654.6934730270004, 442.41953374400055, 411.071036157, 506.9986192660008, 410.1652848069989, 263.3903434240001, 447.0095341230008, 428.7042878450011, 215.74653244699948, 281.23922248800045, 249.65912961499998, 245.09268745499867, 192.64381485100057, 66.26741237799979, 143.64587463299904], "random_state": 43}