{"TreeBasedRegressor_Representativity_self": [696.1126028819708, 378.9672369600157, 354.67169211898, 409.44920821196865, 234.85964526503813, 323.37221410195343, 313.91071715200087, 459.24745586595964, 143.78763362200698, 269.53075461799745, 254.9034892519703, 245.32228472200222, 214.55572280398337, 172.24308159801876, 227.803599293984, 189.36209647601936, 129.3276969899889, 122.38758834602777, 101.24163078796118, 143.5479316879646], "random_state": 40}