{"TreeBasedRegressor_Representativity_self": [661.147866357991, 684.1587333509815, 788.5417251579929, 462.83251163800014, 584.0264108050033, 314.01261606201297, 525.341170892003, 264.34648321400164, 118.97854990401538, 246.15411505504744, 350.5436136709759, 267.91920593904797, 170.79744438797934, 116.04016294697067, 156.38576542201918, 145.26179875299567, 107.28325957700144, 105.80066821502987, 105.78230047202669, 99.30462072900264], "random_state": 48}