{"TreeBasedRegressor_Representativity_self": [604.410117836087, 239.06338333699387, 966.7222555440385, 684.1592568339547, 422.79299759399146, 117.19650077703409, 109.96174188295845, 49.96162865194492, 243.76739892200567, 106.21238950896077, 40.36243471701164, 60.243606955045834, 425.11824738793075, 215.77733891597018, 241.9408454010263, 230.8823867380852, 149.79859619797207, 302.11767869396135, 106.80842834198847, 138.59015910094604], "random_state": 34}