{"TreeBasedRegressor_Representativity_self": [12.05329001089558, 5.939900965895504, 4.108290085103363, 7.749527011066675, 5.571352106984705, 8.340197056997567, 8.091893384698778, 8.226841320283711, 1.0967808840796351, 1.6683707446791232, 0.953145754057914, 1.5955290999263525, 1.9773823828436434, 1.749744139611721, 1.3612762540578842, 1.2658733329735696, 0.9167322060093284, 3.9991020900197327, 0.759450193028897, 3.5497351167723536], "random_state": 34}