{"TreeBasedRegressor_Representativity_self": [814.7421722029976, 911.0120382520108, 909.8468291609897, 361.6991675550089, 898.4964637079975, 879.570857254992, 761.1928037269972, 451.3885399480059, 439.0795220549917, 399.29672182002105, 232.6494364249811, 64.78550329298014, 169.55368675800855, 286.9628179910069, 323.09956090999185, 152.6214172830223, 148.5916356749949, 245.43377548397984, 160.87953068100614, 76.14358701001038], "random_state": 47}