{"TreeBasedRegressor_Representativity_self": [918.4319167350186, 470.7670963060227, 328.25977809005417, 344.46603850403335, 168.5814138589776, 365.73916751198703, 232.8632002469967, 197.45927469799062, 173.63324771402404, 125.29250365699409, 235.6731213380117, 161.06102375203045, 171.5768253239803, 171.00638826499926, 158.5394173670211, 157.950976749009, 129.20741702598752, 155.80099521199008, 145.93322049401468, 89.13094336801441], "random_state": 47}