{"TreeBasedRegressor_Representativity_self": [8890.599139904021, 8963.562550841016, 9045.854825056973, 2518.155961172073, 3233.2361487370217, 3287.9608956390293, 2742.3953066200484, 2226.659664059989, 1914.1088339620037, 1193.4414637419395, 3688.2672567990376, 1958.6722049150849, 1576.150079412968, 1361.9047904720064, 1472.5328931399854, 890.4166900400305, 1424.7292665160494, 1504.5054696958978, 434.56541236594785, 471.7029072230216], "random_state": 49}