{"TreeBasedRegressor_Representativity_self": [41.42300929996418, 24.01989560003858, 24.420512599986978, 27.429233799979556, 25.044128699984867, 24.137525500031188, 28.027875400031917, 26.49505049997242, 24.11914720002096, 26.932966899999883, 26.177099400025327, 25.329303000005893, 24.596127600001637, 23.81921310001053, 22.29613849997986, 23.392350199981593, 22.08460569998715, 23.403338900010567, 19.028961699979845, 24.592046900012065], "random_state": 41}