{"TreeBasedRegressor_Representativity_self": [38.42031549999956, 26.129001200024504, 25.004885100002866, 26.565453000017442, 26.57469380000839, 25.705418700003065, 28.338355500018224, 24.749661400041077, 23.02585779997753, 27.853748199995607, 28.280319900019094, 24.971459500025958, 24.37309649999952, 23.61943550000433, 20.533349300036207, 25.670257399964612, 21.654709800030105, 21.862804999982473, 22.87397829996189, 20.144638199999463], "random_state": 41}