{"TreeBasedRegressor_Representativity_self": [850.7384439269081, 940.486757309176, 968.5981781012379, 898.6015401119366, 924.4873179481365, 676.608458487317, 714.159020932857, 417.81084612896666, 425.37023452995345, 355.0149864270352, 596.9398245802149, 879.04333433602, 555.2294444669969, 417.553583660163, 282.21789593761787, 218.3631760822609, 145.398875429295, 216.67459569917992, 221.50053990306333, 230.34083283506334], "random_state": 44}