{"TreeBasedRegressor_Representativity_self": [711.824720826, 384.9384248619899, 367.109559272998, 105.99493605003227, 293.440179349971, 444.6025721600163, 313.8820484720054, 174.31572052603588, 186.526393697015, 245.99001169099938, 226.94593628600705, 103.52941054903204, 109.21519454498775, 86.07032486598473, 153.89640832302393, 179.1797820099746, 82.52093369397335, 188.36164562695194, 206.38986322504934, 191.32178248098353], "random_state": 30}