{"TreeBasedRegressor_Representativity_self": [565.9718500009985, 752.1230118780004, 788.492852850999, 755.5636289169997, 1039.4292294779952, 776.0038509290025, 615.0897127040007, 624.2206133720028, 519.2789777920043, 466.2894586889961, 202.3757306080006, 256.3171559070033, 228.24237422100123, 191.54532944899984, 204.0805773070024, 253.99557740300224, 132.20452758899773, 172.17003105999902, 211.58239233399945, 114.13984945899574], "random_state": 44}