{"TreeBasedRegressor_Representativity_self": [683.7720386789879, 358.5700231590017, 347.44321895900066, 378.56670586700784, 226.2816769059864, 281.8256164540071, 303.4700312560017, 266.42584086500574, 348.8546890100115, 284.62922073499067, 227.08993178000674, 200.20713142098975, 242.40409925900167, 95.80154993600445, 127.6755042099976, 122.80184083999484, 132.9627325409965, 173.57424274701043, 73.81435918499483, 183.04934749301174], "random_state": 45}