{"TreeBasedRegressor_Representativity_self": [624.0651611170033, 230.09658931801096, 473.7396901460015, 379.33093673799885, 382.9596876230207, 462.14502463000827, 360.7985594099737, 270.85389697900973, 87.9232804760104, 90.04277634003665, 355.3852411370026, 78.14908220997313, 182.64142950199312, 259.487530731014, 197.57097519899253, 66.32533911796054, 176.32332611596212, 117.12647227500565, 124.42677935998654, 79.37004985800013], "random_state": 46}