{"TreeBasedRegressor_Representativity_self": [10.694944189977832, 13.666500350984279, 15.559761259995867, 9.282700486015528, 5.279618661967106, 9.938905104994774, 5.713145039975643, 4.140063541010022, 3.601989747956395, 5.110649707959965, 2.576127020001877, 2.5836403929861262, 2.4160251920111477, 2.091076059034094, 2.4404896880150773, 4.454593911010306, 3.567545262980275, 3.930288125993684, 3.129669223970268, 2.746009189984761], "random_state": 46}