{"TreeBasedRegressor_Representativity_self": [891.4061302947812, 938.5734631060623, 964.8566550710239, 1102.6911287158728, 1111.7415998848155, 1103.3009075229056, 1178.9432171331719, 744.4189370968379, 712.0585969830863, 671.9192118481733, 708.034931469243, 563.1365717006847, 655.5942983091809, 558.9506476600654, 442.8185723586939, 136.03845951566473, 80.13571687694639, 76.5834206440486, 47.09865601127967, 46.01157213002443], "random_state": 40}