{"TreeBasedRegressor_Representativity_self": [10.117286005057395, 4.783162560779601, 11.782855810131878, 7.922311433125287, 1.261873594019562, 1.041920234914869, 2.4361306340433657, 5.714411859866232, 5.492462513037026, 1.6012365282513201, 4.748951379209757, 5.743875945918262, 5.861868986859918, 5.848662382923067, 1.6103195301257074, 3.2488556778989732, 6.047739899717271, 6.421095733065158, 3.7180555458180606, 2.162330909166485], "random_state": 41}