{"TreeBasedRegressor_Representativity_self": [612.6336386301555, 770.085371313151, 485.11357010528445, 347.11272901808843, 300.48957015993074, 568.6014557513408, 241.59530179202557, 165.5535208741203, 109.31452221795917, 330.96660918882117, 187.73316945694387, 100.75915993796661, 167.116123189684, 297.7359305480495, 219.59748056624085, 113.58010479807854, 138.07063573691994, 141.8111955090426, 158.8641713121906, 165.0163235492073], "random_state": 41}