{"TreeBasedRegressor_Representativity_self": [681.3561661970161, 672.6623418760137, 657.3047755020089, 597.2167299030116, 617.6647898110095, 621.296159243997, 516.2967115420033, 412.8445776239969, 377.509385198995, 372.98398210600135, 328.2523696999997, 289.5636707700032, 248.24976717997924, 331.66424682200886, 145.0553148489853, 176.39658900300856, 217.23197491199244, 192.54078422900056, 93.13769100300851, 99.47832731500966], "random_state": 33}