{"TreeBasedRegressor_Representativity_self": [591.9604882959975, 417.92552488303045, 295.50695557601284, 300.9257382650394, 305.2975115139852, 234.34660067403456, 129.63502227701247, 115.51179592701374, 124.29331036901567, 109.9580594630097, 63.894099901022855, 75.13121331803268, 235.3916117370245, 77.57418113405583, 186.6331032299786, 208.88029544398887, 176.68694427295122, 213.36151979700662, 176.84649126703152, 137.26181262498721], "random_state": 35}