{"TreeBasedRegressor_Representativity_self": [1078.5729669989087, 1012.243244969286, 1042.802747645881, 1074.2449219198897, 1104.5375140639953, 564.1438007471152, 560.0496512469836, 712.85467535723, 474.8074357002042, 316.18494434375316, 258.71402958920226, 243.52495776163414, 172.56054811598733, 160.87769851880148, 282.0929285110906, 299.5697057750076, 204.23917370662093, 135.9441750892438, 105.84142263466492, 313.86611348669976], "random_state": 45}