{"TreeBasedRegressor_Representativity_self": [0.559587299998384, 0.5507402000075672, 0.5533579999755602, 0.6046223999874201, 0.6136563000036404, 0.6097066999936942, 0.6441113000037149, 0.647509300004458, 0.6494908999884501, 0.6559231000137515, 0.6682549999968614, 0.6650621999870054, 0.6873362000042107, 0.6775640000123531, 0.6933642000076361, 0.6855449999857228, 0.7004483000200707, 0.7076248000084888, 0.720670999988215, 0.7344712000049185], "random_state": 40}