{"TreeBasedRegressor_Representativity_self": [723.326875726998, 746.0086079239991, 753.7323109639983, 759.6858158729883, 613.6654495689872, 622.0527464439947, 606.8758703149942, 579.4153651499946, 430.450699249006, 502.48346423699695, 476.1650389810093, 286.78757363100885, 335.25105730201176, 268.1530033200106, 199.95371218401124, 192.5383996419987, 186.01073537601042, 151.68157316900033, 79.66413727799954, 81.03777069100761], "random_state": 39}