{"TreeBasedRegressor_Representativity_self": [0.557401199999731, 0.5500010999967344, 0.5563093000091612, 0.6154787999985274, 0.616435999982059, 0.6138828999828547, 0.6477978000184521, 0.6358947000117041, 0.6409945999912452, 0.6772782999905758, 0.6977259999839589, 0.6902708999987226, 0.6713620999944396, 0.6900344000023324, 0.7123653999879025, 0.6920965000172146, 0.7038433000270743, 0.7023739000142086, 0.7068845999892801, 0.7222336000122596], "random_state": 46}