{"TreeBasedRegressor_Representativity_self": [435.82920655887574, 427.7864653742872, 372.7192275612615, 375.2049711807631, 301.9883075230755, 251.15062640001997, 198.38267030986026, 306.830286052078, 137.77586824586615, 200.72144197300076, 161.5473389988765, 155.9878832329996, 151.2135170227848, 116.67942983470857, 121.42412852076814, 212.53344246093184, 226.88387039816007, 99.58517805906013, 111.5853002499789, 168.29020842490718], "random_state": 44}