{"TreeBasedRegressor_Representativity_self": [0.5599897000065539, 0.5495116999954917, 0.5500613999902271, 0.6098457000043709, 0.6062970999919344, 0.6496092999877874, 0.6421282000083011, 0.64072130000568, 0.6501311999745667, 0.6481091000023298, 0.6675954000093043, 0.6533497999771498, 0.689057400013553, 0.6820802000002004, 0.6838159000035375, 0.7117639000061899, 0.6858502000104636, 0.7163377999968361, 0.722632999997586, 0.7027462999976706], "random_state": 47}