{"TreeBasedRegressor_Representativity_self": [863.7674772730097, 937.5784364060964, 931.6172080428805, 905.2324883879628, 500.5310235680081, 353.61358586209826, 493.37363399681635, 400.34097526897676, 388.5415511620231, 392.0442478097975, 392.1465627029538, 259.8544989018701, 229.75071799615398, 561.0531214091461, 156.7570498951245, 341.7831687182188, 339.67650908906944, 221.2089203731157, 227.01530752400868, 205.81016046903096], "random_state": 47}