{"TreeBasedRegressor_Representativity_self": [8375.516366989003, 8330.545318228076, 8813.27486793499, 2380.6175674280385, 1685.0374839280266, 1063.1584385730093, 4089.4482436430408, 4131.715800885926, 6948.497829171945, 4065.8061154449824, 423.003642998985, 3686.1727266389644, 417.5553395750467, 426.4651674500201, 1731.4167442040052, 1713.682363498956, 1547.098925499944, 1542.361209130031, 3516.2767343790038, 1264.3823780659586], "random_state": 44}