{"TreeBasedRegressor_Representativity_self": [67.84898140000587, 46.95349400000123, 49.97665860000416, 47.723451199999545, 44.959482800011756, 48.561508400016464, 47.088836199982325, 52.83965569999418, 44.526214400015306, 45.136325500003295, 48.564853500021854, 48.38755420001689, 42.82121160000679, 41.16260599999805, 43.49954609997803, 39.39586770001915, 49.51598570001079, 39.88215359998867, 39.61621429998195, 43.72703680000268], "random_state": 47}