{
  "0": {
    "mae_mean": [
      20.694807389038658,
      22.60803045090092,
      22.175481815295477,
      21.60084333531046,
      19.939417923408087,
      19.35282337160678,
      19.655604568202925,
      19.711747921250282,
      19.77134419644568,
      19.09200389216591,
      18.720233900903775,
      18.813776753268154,
      19.363413185554855,
      18.7034490979352,
      18.88959907097188,
      18.729073620208602,
      18.648025337830212,
      19.152693735005503,
      19.098705936600183,
      19.061579640685405,
      19.07249612926023
    ],
    "mae_std": [
      3.5249713238720766,
      6.68358704252075,
      5.146366571259579,
      3.6846326775249305,
      3.157263611756747,
      3.4009856660813327,
      3.388332208159162,
      3.7825718459766615,
      4.272308250707012,
      3.94887897956164,
      3.2514053096163966,
      3.576629617167026,
      3.01552465452218,
      2.424041263811625,
      2.1331670727890177,
      2.1268402813980165,
      1.7251800027777788,
      2.1082479188128995,
      1.976560856862647,
      1.691278389344328,
      1.5374441887266503
    ],
    "rmse_mean": [
      25.915839610266723,
      28.17736564743774,
      27.932685290687736,
      27.02406733966821,
      25.044119807366503,
      24.525748930954467,
      24.880353238726485,
      24.69492706606207,
      24.781814660828935,
      24.30684589050129,
      23.80285251052354,
      23.82927953805069,
      24.345651654627666,
      23.748683127252622,
      23.949673007858536,
      23.79614388088685,
      23.546329008647714,
      24.237209809400493,
      24.196161833003636,
      24.14211485328446,
      24.306543291909602
    ],
    "rmse_std": [
      3.7117589169632113,
      7.165588895569246,
      5.658773365323173,
      4.278507886055593,
      3.451548083275287,
      3.876247253507642,
      3.8377142867131164,
      4.46313406926395,
      4.837198669670915,
      4.542939869750693,
      3.685343287633196,
      3.8631287956468063,
      3.0758355523988548,
      2.6324058311919134,
      2.4426251757764157,
      2.4304936206241403,
      2.1552221366762057,
      2.5063717042179507,
      2.453534637060904,
      2.0962437944925383,
      2.0761850730733107
    ],
    "r2_mean": [
      -0.14299010140740104,
      -0.377774824243717,
      -0.3612616755325666,
      -0.2530440098109411,
      -0.06153099861700353,
      -0.026789315071832676,
      -0.06167293558109458,
      -0.051545460422298704,
      -0.06319302388985779,
      -0.016073859856357554,
      0.03612268035727645,
      0.03219280724253811,
      -0.0030622632645388114,
      0.042648039053141074,
      0.025869914613824672,
      0.03478150610527673,
      0.05172334314617788,
      0.0015304236659376413,
      0.006514211764569178,
      0.008605692368672046,
      -0.006297578913208435
    ],
    "r2_std": [
      0.2717311124500475,
      0.6254918915248218,
      0.530913882433367,
      0.3637209535092615,
      0.2076610542059681,
      0.280837315388663,
      0.29874684703777926,
      0.3594223380020437,
      0.3952405550009351,
      0.3500293316246334,
      0.24561609252514155,
      0.2603750597712401,
      0.16953651579619863,
      0.15874868745483278,
      0.14957537586998704,
      0.17068759069306047,
      0.17579945376553288,
      0.16519890319113853,
      0.15160617971557225,
      0.1487588471101924,
      0.1615181289708928
    ]
  },
  "1": {
    "mae_mean": [
      78.17428637971196,
      69.80576234292619,
      65.80175143932999,
      64.12147294778268,
      65.2390652073738,
      64.56152207114145,
      61.30516983681143,
      63.52347807265888,
      60.709435565269814,
      59.3080032179563,
      59.40897361160671,
      58.90735459501427,
      58.47646727162278,
      57.76518576022689,
      59.59677290161606,
      58.531113394459,
      57.12593377193919,
      56.239107916681085,
      56.53076326058143,
      55.07198469044022,
      55.144864549143065
    ],
    "mae_std": [
      11.463608128910675,
      13.931917345431488,
      6.796695395665551,
      9.127953467594438,
      9.764639161521432,
      9.119499556022351,
      5.522904682213388,
      7.006923021056723,
      6.596739386618674,
      4.356793283775679,
      5.328329891847364,
      4.791247037739051,
      4.22756858757112,
      4.322490702881706,
      9.196903589136296,
      7.3040020700174875,
      7.78128929739701,
      8.5517367576927,
      9.093259977710602,
      8.357256841484524,
      9.557216860279969
    ],
    "rmse_mean": [
      96.92959934587434,
      87.85123479024213,
      83.8120992702825,
      81.12256765354394,
      82.26779564234747,
      81.80429962875897,
      78.41722882797549,
      80.91819368109694,
      77.66199647005749,
      76.01172746552865,
      75.53424123442757,
      74.92912762667616,
      73.86404416780383,
      73.59886196405314,
      75.32243714328503,
      74.41612442009178,
      72.50293881813796,
      71.24649173638898,
      72.25761104173814,
      70.70112372155876,
      70.39689153569569
    ],
    "rmse_std": [
      11.959022971662028,
      15.839383645823645,
      8.905822465275987,
      10.472734488348342,
      10.285516424266472,
      10.92040899647083,
      8.404725195322573,
      10.490069328614148,
      8.416345184546934,
      6.1391218960010265,
      7.7871524024638195,
      7.066750012965351,
      5.974686722012508,
      6.8688313330875035,
      11.661223845425482,
      9.687527373683755,
      8.88369715137557,
      9.956356491288059,
      10.421013384114453,
      9.325881230903127,
      10.343879997150884
    ],
    "r2_mean": [
      -0.26404231115339194,
      -0.050173366190202184,
      0.08228121231280147,
      0.12647292195503407,
      0.09560495725990818,
      0.11142652488946533,
      0.1890812389471987,
      0.12794925356753328,
      0.19854733665292174,
      0.23826808384838957,
      0.2471806422319931,
      0.260865787680128,
      0.277689670913449,
      0.28515477263603783,
      0.22921187453050723,
      0.25553908751369103,
      0.29580051407151675,
      0.3148143082399216,
      0.29441089451698577,
      0.32777271125574864,
      0.3288385723512657
    ],
    "r2_std": [
      0.42176866968180493,
      0.44854764436099337,
      0.15911658943938872,
      0.2577657694361421,
      0.26557992318272255,
      0.26688339132929817,
      0.19855159709076328,
      0.25960816430645034,
      0.220507428395265,
      0.16869587750177467,
      0.18826307186745922,
      0.17026306219527865,
      0.16853329739787543,
      0.16082510661875074,
      0.31396193743327466,
      0.2527632653705817,
      0.22709069981615965,
      0.24741343594223472,
      0.2605852706220805,
      0.23454936749239605,
      0.26233005263618603
    ]
  },
  "2": {
    "mae_mean": [
      5.086469093427393,
      5.658661889919401,
      5.392385880936172,
      5.639626853282922,
      5.3817673111758975,
      5.143780490503846,
      5.226330646877512,
      5.332009382090075,
      5.100462716555976,
      5.389340674227782,
      5.6113455055241825,
      5.5584977868301575,
      5.384419981541286,
      5.520818194181823,
      5.615790923953364,
      5.620201579903118,
      5.638401008267569,
      5.615584628804262,
      5.677553634769788,
      5.707524237067348,
      5.743018335794837
    ],
    "mae_std": [
      1.6539655234882835,
      1.399525088697035,
      1.140265473772308,
      1.1207102420198514,
      0.9041150950390429,
      0.7481067637938139,
      0.9447705977999991,
      1.2517999352576714,
      1.0853564659951265,
      1.6237754265846267,
      1.7812975458167468,
      1.6241523693996962,
      1.5285045649882743,
      1.5693395319688581,
      1.7688245141473544,
      1.6447452996018537,
      1.8026490871679715,
      2.0089120393093984,
      2.0954863828932533,
      2.3767942554427837,
      2.22781620841563
    ],