{"TreeBasedRegressor_Representativity_self": [771.8920806069509, 889.4074030889897, 1047.5001298680436, 936.4285431939643, 509.79537567397347, 96.68657530099154, 476.66371418797644, 136.0803994369926, 378.30418010801077, 176.27974233799614, 404.28275878500426, 118.59256837697467, 151.92188177496428, 185.38533071195707, 274.2169316660147, 89.79945758997928, 272.83716567698866, 344.65549304697197, 160.7580803000019, 154.41017363895662], "random_state": 42}