{"TreeBasedRegressor_Representativity_self": [10.867388071026653, 3.5139742869650945, 14.025082290987484, 3.7300570370280184, 7.10214441199787, 3.7541993460035883, 5.165652453026269, 3.055961226054933, 4.960269428032916, 5.3127403350081295, 3.9994771339697763, 4.47817341494374, 1.042264525021892, 2.1943572720047086, 2.259489495016169, 1.6855537599767558, 2.0236978129833005, 2.384937915019691, 2.362464756995905, 3.4099697450292297], "random_state": 42}