{"TreeBasedRegressor_Representativity_self": [799.9506203200144, 948.2035232979979, 979.8619817429862, 995.2767507520039, 966.3793594659946, 1037.2597335210012, 719.7905082560028, 459.455066532013, 308.4690182940103, 411.532988802006, 417.8867916580057, 463.83284957002616, 288.44603985198773, 287.66667159300414, 287.6467918010021, 233.64156795598683, 259.30297860101564, 148.46813868402387, 97.72930564399576, 83.87683054400259], "random_state": 45}