{"mae": [72.35635923695601, 74.77805758127425, 36.84431834132034, 38.860645308216206, 31.803422395699254, 27.264774506586374, 21.89637161866519, 12.028264780120018, 18.08645706537011, 20.555557342718668, 12.692898374036314, 9.02210703067071, 0.10610038966282773, 1.741126942391702e-06, 1.2421054752564943e-06, 3.5711104594083287, 5.525201418990773, 0.48816953023035053, 0.004811290898428098, 2.3896153166925003, 4.678221036772403], "rmse": [92.29517790266456, 98.76418838320805, 51.6915120648917, 49.62300590633282, 41.93214156964003, 34.416334052946794, 29.503770957929625, 16.09171048380647, 22.924590859892344, 28.051470937724172, 16.979267163361094, 12.088221197294436, 0.14312122930292792, 2.483717090228646e-06, 2.280742612809062e-06, 4.797600540500209, 7.927232801996665, 0.6273590037497362, 0.006243729220943374, 4.0269276268114735, 7.0033465186238875], "r2": [-0.012190816534653814, -0.15905319514466654, 0.6825006484911444, 0.7074025706334146, 0.7910711292562792, 0.8592548017807438, 0.896566927433428, 0.9692313252646071, 0.9375535783600631, 0.9064991306568762, 0.9657435579718662, 0.9826368240210783, 0.999997566045329, 0.9999999999999992, 0.9999999999999993, 0.9972650301714029, 0.9925329751765177, 0.9999532333091637, 0.9999999953677446, 0.9980731317576523, 0.994172052902672]}