{"mae": [20.60345466428854, 28.82387057209509, 18.90167065475794, 19.151450475253846, 11.450363347945581, 10.272776681837097, 9.107392142946992, 8.3762704535662, 7.609603856942954, 5.951841525590448, 5.47582892425171, 4.672900801916167, 3.979057623770891, 0.8565021411065006, 2.9304689363999032, 4.867454909316393e-06, 3.2517226326749027, 2.9762351591632408, 1.2471389902517322, 1.2134185162023687, 0.3640458202100892], "rmse": [28.076356283866964, 37.02380278935345, 23.653316440261257, 24.829503771134263, 15.389969574652056, 14.481516470629048, 13.44283099143466, 11.79300898500444, 10.26980533272737, 8.493760912993293, 7.644046822325714, 6.574311469045395, 5.874007670208191, 1.2221137529273345, 4.201184335509868, 5.883316938951323e-06, 5.260981519014072, 4.335466996742532, 2.1541274500693484, 1.9179095314076573, 0.5543593026037922], "r2": [0.02640878742731445, -0.6930009567625648, 0.30899810327004196, 0.23856780505952246, 0.7074698201924883, 0.7409859988819818, 0.7768090233026456, 0.8282311474636822, 0.8697374491054322, 0.9108964063997096, 0.9278324714362332, 0.9466178935567988, 0.9573848350136517, 0.9981553311316608, 0.9782008966381065, 0.9999999999999573, 0.9658155412517356, 0.9767850942556775, 0.9942689005386042, 0.9954569094756055, 0.999620442274824]}