{"mae": [17.354221403040366, 38.721212411635086, 20.264629018827293, 14.085400842934671, 12.036263389655499, 6.057864446174379, 14.678795626062154, 11.968335775702737, 6.310067105842536, 5.986919710004742, 4.377675501789478, 3.349363752981479, 3.1520739190463716, 4.221129479708466, 3.2888300390662373, 3.1392189677979383, 1.8142761011201824, 2.3268318817252247, 0.8012372250658676, 0.8329544196334162, 0.6227614668624254], "rmse": [20.91023546932293, 43.20191991854539, 25.905277166760317, 17.847130199213254, 14.85331059390062, 8.087718864102126, 18.0092006065287, 16.22654910697375, 7.972110996460176, 7.510181107515411, 5.856245763694363, 4.067891850690236, 4.047771140382072, 5.240044973135814, 4.335850216266033, 4.25559835043926, 2.202229625659145, 2.929008243724781, 1.0780310604921886, 1.120280820460688, 0.8168698032644492], "r2": [0.15013503457625565, -2.627756881851028, -0.30439332010715137, 0.38088851094652976, 0.5711764728097539, 0.8728594246665109, 0.3695931100610146, 0.4882186961412215, 0.8764682046926476, 0.8903691201014226, 0.9333391775375659, 0.9678359390827125, 0.9681533335793348, 0.9466293971667296, 0.9634589837564942, 0.964799134379024, 0.990573352204611, 0.9833247149109623, 0.9977411123677001, 0.9975605839263303, 0.9987030066072987]}