{"mae": [30.45324748259012, 17.701016077914584, 15.906176237658203, 15.281771646627224, 15.120418373682995, 14.52326528256124, 12.549550883475574, 6.61072359174264, 6.76414966772465, 6.253432590703435, 5.056063360112774, 5.639749042614958, 3.6243384714396144e-06, 4.5133370524297335e-06, 1.1303994043458054, 1.2603274018549133, 3.994067437389504e-06, 1.2686252172641723, 0.9937535126450446, 0.7407819632372078, 0.8042255153689417], "rmse": [34.65718966024736, 21.823359820411277, 21.123189568104365, 19.755202153041914, 19.639357089048588, 18.89313646094957, 16.6250715486796, 8.567029710154605, 8.929592518536907, 8.902161447780026, 6.4980705285906195, 7.646648898233108, 4.626990097222126e-06, 5.581421568579895e-06, 1.400550524940494, 1.765850284024706, 4.83550075000959e-06, 1.7098940808104064, 1.3704125275949113, 0.9753247590760251, 1.1889261848947004], "r2": [-1.5571304408277125, -0.013933384636433122, 0.05008402938708101, 0.16913751066982674, 0.17885334220390237, 0.24006872376622745, 0.4115721191299402, 0.8437475836251904, 0.8302423014251445, 0.8312836665278982, 0.910105103291739, 0.8755174444423646, 0.9999999999999544, 0.9999999999999337, 0.995823968581066, 0.9933614389225501, 0.9999999999999503, 0.9937754979543151, 0.9960017602151332, 0.9979748150353316, 0.9969906272762599]}