{"mae": [8.810135433573151, 4.230323047207148, 4.338253383007485, 3.1367026210312554, 4.453031827200118, 1.4922382203650895, 2.2952327840399205, 1.9740405585069376, 1.5248547168938726, 0.4321127286495916, 0.16427978510035807, 1.0770236860366544, 0.6936065178869317, 1.2605475007128124, 0.7119587262467247, 0.5834517223588631, 0.6225257202208394, 0.5059762206992747, 0.258392615245832, 0.4191714731576571, 0.19109221964306955], "rmse": [11.15019131075192, 5.348737274577247, 5.318579671404214, 3.961758727673658, 5.664071066348667, 1.7895222247569096, 2.841102132571021, 2.5126361534585344, 1.9777718467650782, 0.5603867699764387, 0.21937951253866958, 1.4789032657431027, 0.9579781927204035, 1.6953537325269288, 0.9219978421761343, 0.8218473493119351, 0.8611060432394935, 0.6700072865842387, 0.3480712419751811, 0.5795476671302786, 0.277103508567443], "r2": [-2.161917884889382, 0.27240705092262973, 0.28058864579101117, 0.600826229797979, 0.18408796949311168, 0.9185558036725558, 0.7947138539603069, 0.8394371168087054, 0.9005194150506718, 0.9920134043648896, 0.9987760093970494, 0.9443755813302245, 0.9766601965068642, 0.9269018134714203, 0.9783804943807756, 0.9828221713295497, 0.9811418440217136, 0.9885831840209515, 0.9969187833567014, 0.9914579074352137, 0.9980471449972118]}