{"mae": [4.9716089409907145, 7.012346185123297, 5.029252258703934, 4.214963015238792, 4.393597954841549, 2.324920167747254, 1.3061090432140838, 1.2602607535485442, 1.2130223911683595, 0.6275947502920854, 0.9971147871449604, 0.8919207588470454, 0.5048918537323366, 0.7852398111997061, 0.5018001920889502, 0.6813144034317808, 0.6502041495821502, 0.2238915520789561, 0.14663189796220086, 0.20086661580000276, 0.1540940040641613], "rmse": [7.143096923199678, 8.61775671322107, 6.307711188179783, 5.744716494575098, 5.85804021716084, 3.370066181770265, 1.68567091256837, 1.8005438759700603, 1.5902421052363065, 0.8880827068278493, 1.404565129679694, 1.2284400613810875, 0.6703001035772319, 1.023266574101694, 0.7083866867363735, 0.9478852790189792, 0.939026767643767, 0.3725779673364087, 0.21921410983193837, 0.31751669794819765, 0.22795758865806498], "r2": [-0.068868746933614, -0.5557497918389733, 0.16652055710061253, 0.308665079470397, 0.28112067982438105, 0.7620815334246225, 0.9404753461762035, 0.9320860938239929, 0.9470241676385264, 0.9834781711331467, 0.9586728880002524, 0.9683874714343451, 0.9905878277668058, 0.9780654429700973, 0.9894878373033609, 0.9811781265157183, 0.9815282842287051, 0.9970920587323489, 0.9989933272763325, 0.9978880461124332, 0.9989114223800667]}