{"mae": [76.93339611600857, 64.65201276990355, 54.930048664763824, 32.840600564560916, 29.389997336794575, 19.646135348084826, 19.462445311215532, 19.44472438762021, 9.58186434662077, 9.833508684513633, 10.80502874779145, 11.621818529019858, 2.4173578981390166e-06, 8.021072450609699, 7.698094683660948, 4.458205288717087, 2.243876443492491, 3.8678397096568387, 3.733929800331584, 0.31763180312821476, 1.6144494580643913], "rmse": [91.77259536584333, 81.91518714226139, 66.3551499727223, 45.95103433022199, 39.21149571797135, 25.206156895282156, 26.247773844302703, 25.586449441055716, 12.600140348631975, 13.23002834836028, 14.32423872569556, 16.30036377876088, 3.5237674794056647e-06, 10.536253157050886, 10.016348444595401, 5.79812766214868, 3.103479772982907, 5.616498229424802, 5.071859519756407, 0.4139891924533665, 2.2036021685417664], "r2": [-0.2593797021495199, -0.0033663156758734214, 0.341614994030198, 0.6842660778142775, 0.7700902024548193, 0.9049955535336186, 0.8969814074019377, 0.9021072091571224, 0.9762599610723011, 0.9738270779889999, 0.9693186996514912, 0.9602693879819776, 0.9999999999999981, 0.983400192357182, 0.984997987951395, 0.994973030986335, 0.998559781119608, 0.9952830430330591, 0.9961535056976308, 0.9999743723568054, 0.9992738989852099]}