{"mae": [55.0177096787136, 36.99031605353204, 35.187217094449494, 25.466760826043593, 33.33771635185346, 19.892651530963555, 24.684856552761417, 20.585105363976925, 12.765591549581726, 10.958932738801701, 7.15016679379695, 7.339190673981713, 7.397046430416374, 2.042231189989252e-06, 5.336170735847852, 0.11094842986781543, 4.337873257102712, 2.078754245549004, 4.085554493632452, 4.322082535691683, 2.3533838583489343e-06], "rmse": [67.266663590032, 43.773883278685574, 43.95598552702304, 32.82024557227137, 40.921133737553085, 24.97160104555495, 31.231151288299273, 25.646578260804407, 16.106577072290953, 13.762707428194581, 8.82492789995142, 9.939286659174513, 10.070502603918197, 2.9541590544317373e-06, 7.680967290966202, 0.13848386530911166, 6.2993747567204466, 3.134612808115119, 5.420718934431752, 5.899838368639088, 3.5552701737851582e-06], "r2": [0.37904512812845315, 0.7370395615016354, 0.7348471450518158, 0.8521763516277412, 0.7701970607130617, 0.9144237916932454, 0.8661444902090832, 0.9097350544349467, 0.9643986247785374, 0.9740063049636428, 0.9893123408242507, 0.9864427783423243, 0.9860824574945605, 0.9999999999999988, 0.9919035974020362, 0.9999973681652436, 0.9945542819052481, 0.9986515710382927, 0.9959675030892053, 0.9952231622311162, 0.9999999999999982]}