{"mae": [108.7264141657404, 51.79550459669452, 46.50127019890967, 34.21502277338732, 26.360806312660497, 24.739560555733288, 17.924716612362896, 19.68201233436182, 13.67609483568193, 8.020461850102222, 7.603891875667059, 8.617974099409894, 10.19737993087022, 4.1067506557835864, 6.742854616931688, 5.394836560538668, 2.2780306736081e-06, 4.515339183276011, 5.632738783313592, 4.649207036888613, 2.0430527888539247], "rmse": [132.67835383512627, 64.54553598579662, 55.38659590057989, 44.4446688159049, 31.810961194064706, 32.22205621960433, 22.76145081791108, 24.42450431904942, 18.013361993067953, 10.672319667916797, 11.534080017864538, 12.724566890584793, 15.312999858440142, 5.862381783745703, 9.878631950785758, 7.660660587689594, 3.5346248489771397e-06, 6.8418010681331705, 8.947734376532503, 7.057238759107739, 2.8212390722322693], "r2": [-1.2503094868497908, 0.4674326654308528, 0.6078506947713678, 0.7474883319511059, 0.8706412870865919, 0.8672762621171435, 0.9337719476726228, 0.9237405586386768, 0.9585206774022569, 0.9854400543964964, 0.9829937710294776, 0.9793020125063358, 0.9700247606854686, 0.9956067056854372, 0.9875251390807974, 0.9924980434580538, 0.9999999999999984, 0.9940161184647195, 0.9897654614007649, 0.99363333903843, 0.9989825293700166]}