{"mae": [24.261553573288733, 15.605546342041555, 13.692022286592966, 13.64487372549341, 10.658599501409748, 9.589549683552095, 8.644242018649088, 6.676990820037755, 7.800312545964536, 5.800146296029601, 4.779428600052489, 4.453697965719222, 4.553142422323175, 3.9016807808469682, 1.752265639958663, 3.3614897301073574, 2.6575857126342455, 1.0931556225050023, 1.42642303657154, 1.4683258001623631, 1.3606259191760108], "rmse": [30.463305617343675, 20.663560927188417, 16.7505700222017, 16.225750906905787, 12.935329095993321, 11.779695498128934, 11.146075307216405, 8.335117571087025, 9.69554199202187, 7.495907677223044, 6.156243891099568, 6.10593225374607, 5.8835232558942, 5.2607635221339315, 2.2557704908988545, 4.471525011094266, 3.609797420282576, 1.5176499706439845, 2.1931079765604244, 2.3219452712797004, 2.069790706856737], "r2": [-0.7315235744531123, 0.20331858875142117, 0.47647968957515174, 0.5087710394117504, 0.6878025736670044, 0.741093781120044, 0.76819740164499, 0.8703723003666255, 0.8246044635072773, 0.8951610140164401, 0.9292859050061698, 0.9304369978542615, 0.9354123768397948, 0.9483617026333282, 0.9905056732064176, 0.9626933989939542, 0.975686918028953, 0.995702483136828, 0.9910258281289928, 0.9899404555947602, 0.9920066796398592]}