{"mae": [70.18880225957591, 75.02467589292513, 54.5760243117778, 31.376166472445593, 22.42188053785998, 49.11076806723513, 18.57494031699782, 14.970473107304882, 14.707723129272892, 9.463712260370436, 10.398083664253333, 7.1163019149964795, 7.765964134594956, 6.0353879993710935, 5.440832489924237, 5.346051914942587, 3.6789273937968447, 2.9903909078123263, 2.3147079610907897e-06, 0.2908872096144063, 3.7519823381449906], "rmse": [87.79062431368325, 92.19598700092406, 67.278144269421, 40.74012255449284, 31.52038808525966, 64.11684177036327, 24.79959996085483, 18.935045234805212, 20.82536639134508, 12.51532749679001, 14.440313507338463, 9.530814562349978, 10.41932620106892, 8.322533707463732, 7.560420389538062, 7.811542089780798, 4.86078732798268, 4.082577012115281, 3.3923289230389234e-06, 0.418674438910141, 5.239126619443794], "r2": [0.031278132559968364, -0.06838274290806523, 0.43108047850036946, 0.7913840592402158, 0.8751219983400214, 0.4832897551514024, 0.9226977421316628, 0.9549353998118721, 0.9454885003092849, 0.9803126498478981, 0.9737906607284282, 0.9885827143227559, 0.9863547311121366, 0.991294094393603, 0.9928155302952683, 0.9923303352164313, 0.997030276139177, 0.9979050599467622, 0.9999999999999986, 0.9999779679087117, 0.9965499879044464]}