{"mae": [23.0868833171366, 23.1107131003409, 17.70091318165681, 19.647164823723365, 14.849038923111127, 10.19338221549932, 7.382810925839911, 4.928371375692447, 5.155273489855363, 5.071042797279503, 4.475012543217769, 3.68975635894268, 0.10591156319324363, 1.7491361579383737, 3.3870810333655736, 1.8046348837682258, 2.23530423001183, 2.2780199295433783, 1.5515007692625118, 1.0850017887805263, 2.0478724479866055], "rmse": [31.744915061899963, 30.57519106301781, 22.315155539800514, 28.284956282379028, 19.204289209363424, 14.996587854788732, 9.933785936159069, 6.983143906469747, 7.905341822480126, 7.3138868882930455, 6.476631286666312, 5.275593074440363, 1.059075043730004, 2.52908350200974, 5.170093072790436, 2.8392875180320662, 3.2918656062577494, 3.226628845773116, 2.161743376621642, 1.9819618163045447, 3.124186894273841], "r2": [-0.5362055024176686, -0.4250803007643418, 0.24089681412377728, -0.21958479495408412, 0.4377914411313114, 0.6571644180967632, 0.8495713452266002, 0.9256633541379728, 0.9047330449932899, 0.9184549775468056, 0.9360560700092305, 0.9575728795988535, 0.9982901640413556, 0.9902494903902365, 0.95925280662442, 0.987710910023763, 0.9834809460962283, 0.9841291933186039, 0.992876240460019, 0.9940118655328671, 0.9851209573033782]}