{"mae": [17.331315774682718, 18.810863958307223, 12.429387488911573, 17.6147448356409, 11.782141255067577, 9.45039000953894, 8.935417033063656, 5.868057889395403, 7.106901625467942, 5.251800694834307, 5.603691864744885, 3.147274186261484e-06, 4.889183316732254, 0.004345123576062661, 3.1495946082316095e-06, 1.5224019097534738, 4.179565853519307e-06, 2.3958739434710514, 1.0047038280374965, 4.179565853519307e-06, 0.8245789462425381], "rmse": [22.841599707331817, 24.513014061541618, 16.066403263556783, 23.119423141418835, 14.756445243947072, 13.526833257414856, 12.297972146575008, 8.056266628266798, 9.397453476270647, 6.843827484827931, 7.650140419388294, 3.901658658652509e-06, 6.8717706763143696, 0.0055766800956024475, 3.7908443202219354e-06, 2.055234541055699, 5.121929260536762e-06, 3.457528605230736, 1.3282630551875834, 5.121929260536762e-06, 1.1504053670808445], "r2": [-0.04188244658133389, -0.19993885709837844, 0.4845304502377462, -0.06738151116044744, 0.5651602976992617, 0.6346089026921283, 0.6979820894855912, 0.8703915399314176, 0.8236456984970961, 0.9064672301546818, 0.8831296076675901, 0.9999999999999696, 0.9057018865668127, 0.9999999378963461, 0.9999999999999714, 0.9915649343136894, 0.9999999999999476, 0.9761275357222851, 0.9964768277647212, 0.9999999999999476, 0.9973571805958865]}