{"mae": [74.0242128837756, 69.86326525787602, 55.79246953370599, 34.027360635613306, 35.858871948772354, 17.53914265972181, 23.099636852099408, 24.477134524523215, 12.504256465537981, 15.653463119742039, 10.674877011641213, 10.957995342617835, 8.411487625210116, 12.811158144272406, 2.234557175146871, 1.8912061858600282e-06, 3.7208662416579523, 3.862907530503278, 4.904752315239551, 2.749107034591037, 0.09886410702697901], "rmse": [91.57355101805709, 85.21112071281289, 72.578853580121, 44.04714171653002, 49.74268947759726, 22.0650833771455, 29.6364231210764, 32.26282076340717, 15.85390520806355, 20.852390863337703, 15.433001235489765, 15.476981373919076, 12.48820950494705, 19.083958906161232, 3.175272812234503, 2.8330254597843965e-06, 5.205609399015587, 5.647487214421135, 7.017127618006264, 4.109692933025593, 0.12209159265145755], "r2": [0.08887206442415485, 0.2110821071741098, 0.4276529357027684, 0.7891980058813386, 0.731157591584986, 0.9471006425027965, 0.9045687033505043, 0.8869048652531948, 0.9726906246944068, 0.9527555317463219, 0.9741214443573217, 0.9739737395589141, 0.983055076855099, 0.9604290754908442, 0.9989045278496451, 0.9999999999999991, 0.9970556976386654, 0.9965346287797238, 0.9946499480213311, 0.9981649073375949, 0.9999983803888066]}