{"mae": [75.129831748806, 50.86603938163339, 40.86834035451359, 39.1295579950504, 24.36372358329564, 27.104996475105708, 22.542028279777586, 20.819149472984826, 12.020213573150693, 5.3861844930632605, 10.63515381903449, 8.617364834862537, 7.508446070958351, 0.09531956420120352, 6.927942049457348, 5.90809881172052, 0.06669354622557805, 6.049174547256896, 3.1552581033494813, 4.723503098496476, 2.9717759263926804], "rmse": [100.86113744373363, 62.507043749242776, 52.268582727908054, 49.25940275541531, 31.05884525334244, 38.097967590383085, 29.671075440500744, 27.439802507925165, 19.026230062336786, 7.2768829394033, 15.883675506330952, 12.995877667694437, 11.553570239554695, 0.9531813938508509, 11.036589214868956, 8.941981974877496, 0.08349047437126676, 8.98055927726482, 4.940139391331991, 7.732856967809605, 4.634679771349688], "r2": [-0.5782279557675831, 0.3938502532924113, 0.5761585200073769, 0.6235560751614774, 0.8503445218938619, 0.7748221724276936, 0.8634195357936068, 0.8831889382400051, 0.9438399485989485, 0.9917849012897676, 0.960859711623808, 0.9737980726526012, 0.9792912241762617, 0.9998590473901812, 0.981103047759727, 0.9875952050718937, 0.9999989185763425, 0.9874879412041453, 0.9962138273388816, 0.9907231194765649, 0.9966675666384598]}