{"mae": [33.05158333327518, 18.66223502136468, 19.760350711580326, 14.575786173179411, 10.162522274663399, 8.107627249458881, 11.049588921537845, 13.540062500160296, 7.288932272464418, 7.355320874419493, 5.339195766755613, 0.10632263004758641, 4.41656965654743, 0.3152111242619992, 0.06793157609586985, 3.518407989877679, 3.274202431421412, 0.0679311245677738, 2.765863533482959, 1.0798792721232864, 2.3455432309755526], "rmse": [37.275575263560334, 24.378295638029293, 26.783517024474666, 18.970009432463204, 14.171192167617528, 11.207772616816168, 14.73635121883418, 18.189332986881514, 9.503063820559255, 9.678200639835739, 7.648726726689755, 1.063181843140761, 6.241153528724378, 1.0986980974487868, 0.6792668121986065, 4.7287895811456435, 4.5202711297772895, 0.6792668598763953, 3.78134248971828, 1.530970748815617, 3.355142686551838], "r2": [-0.7610653889210282, 0.2467598665107189, 0.09079464993046182, 0.5438981157739533, 0.7454696660465425, 0.840791813468732, 0.7247630730969409, 0.580665765432171, 0.8855399148850979, 0.8812821520779085, 0.9258510403172562, 0.9985673441579517, 0.9506307528082172, 0.998470027877435, 0.9994151997290347, 0.9716582442044327, 0.9741026251728984, 0.9994151996469404, 0.9818774710491458, 0.9970292879437989, 0.9857324710771755]}