{"mae": [19.70121720292702, 21.30987238323688, 17.96992944105194, 14.740694652170433, 10.759699803635435, 13.016589695254808, 10.74744969744318, 5.971990987169072, 4.481338666811201, 5.01415657466919, 4.46952119743575, 4.6765102009895365, 4.264654632097551, 1.663909991278687, 3.660222709868513, 3.310635877406378, 2.814197837509667, 3.386757937846596e-06, 1.1766684181090497, 1.0335645562603988, 0.702939155950416], "rmse": [25.27282574480742, 25.861118023155175, 24.002490039765025, 21.006605821011796, 14.115425553051777, 16.180384028452604, 14.005787597911931, 7.814052476610177, 5.520592993240225, 6.7111152958988685, 5.8014907864871335, 6.677620828473558, 5.85120966746652, 2.344756240743488, 4.930473294247398, 4.53374693457405, 3.869114697864529, 4.2397437087550104e-06, 1.6590045835079361, 1.421956069326589, 1.0308539717650471], "r2": [-0.2285145170291516, -0.28637407674051163, -0.10811614684639914, 0.15124086935591752, 0.616768994556961, 0.4964410294947398, 0.6226991716932824, 0.8825574874583708, 0.9413802250640229, 0.9133712422072597, 0.9352630997352943, 0.9142337943252035, 0.9341487523075575, 0.9894252992124448, 0.9532426479293136, 0.960464499891811, 0.9712064047429647, 0.9999999999999655, 0.9947061959883384, 0.9961109363998963, 0.9979560654540465]}