{"mae": [4.485250761112016, 4.813788557851191, 3.677363601460801, 2.425860068298622, 2.4251708600354878, 2.814627367116821, 2.0920840797692692, 1.4302970468925345, 1.5198616621770986, 1.0873578725714321, 1.1516444353671798, 1.2572056630777717, 0.8300317786730156, 0.85009349293774, 0.7046871502005914, 0.15647918775735956, 0.0048632954707379826, 0.5677062675257646, 0.1458531782468257, 0.4826321826926679, 1.4046563150849068e-07], "rmse": [5.909241097373451, 6.1259623742603955, 5.235219939900724, 3.198499072788656, 3.2795630078463454, 3.67898532036575, 3.0636062965183806, 1.8129613746842943, 2.0274096663968595, 1.6809552747102579, 1.799845527171754, 1.6742453063481084, 1.2769541326981206, 1.2573966356725774, 1.0454318323585015, 0.2346370222003291, 0.04863162219314333, 0.9321891976043718, 0.18559278147012437, 0.7660032372630196, 2.1602931112573555e-07], "r2": [0.061441659215926814, -0.008663962034841655, 0.2633389325741671, 0.7250268348898716, 0.7109121677206058, 0.6362073132651, 0.7477310722523494, 0.9116564275385799, 0.8895207086146955, 0.9240530791149941, 0.9129300448782166, 0.9246581925774762, 0.956172323199937, 0.9575045490329456, 0.9706242276472068, 0.9985202412010609, 0.9999364324655162, 0.9766435955949574, 0.9990741939478588, 0.9842290060745496, 0.9999999999999988]}