{"mae": [5.08681615317617, 3.722490398016453, 4.550747695715554, 2.834568556033375, 2.533695562683051, 1.5374546773707634, 2.44466791468472, 1.6127574977856105, 1.3869866070199388, 1.0256099450555118, 1.1101262967638802e-06, 0.8789618954741184, 1.8324678047854092e-07, 0.6586449220265816, 0.5521713734493108, 0.563132990100513, 0.3656547292507628, 1.8315889366071758e-07, 0.2324180593281131, 0.21712495582201555, 0.42292292527670655], "rmse": [6.286410241572437, 4.961593304964693, 6.188882943648402, 3.722817270883147, 3.3903056905793685, 1.9699269224315874, 3.1149647056927154, 1.9895600975517016, 1.7766845236556246, 1.3212918456328435, 1.4575169476406197e-06, 1.118031474063265, 3.1953413884570054e-07, 0.8935240995594603, 0.7720722774439381, 0.7574369343432334, 0.4975277082708624, 3.195210539018665e-07, 0.38133515420933584, 0.29837296464738045, 0.611910089204322], "r2": [0.10524689801141474, 0.44263447775378084, 0.13279392455371775, 0.6862084714422414, 0.7397591361416345, 0.9121386228978643, 0.7803131634501006, 0.9103785638479182, 0.9285308835129741, 0.9604728698080968, 0.9999999999999519, 0.9716987359012953, 0.9999999999999977, 0.9819236677296809, 0.9865037320492369, 0.987010550923405, 0.9943955587671606, 0.9999999999999977, 0.996707608576565, 0.9979843426168336, 0.9915223984145524]}