{"mae": [64.60902931997263, 57.775073248715955, 42.81500703589733, 44.97102530147883, 34.550044739172925, 29.22653125690884, 17.19820564990459, 17.565151073966817, 16.745519879327357, 16.256709957343315, 6.849599397227346, 11.698671697523551, 9.842795933090613, 4.644059864246064, 7.255950244094579, 6.8582462653462635, 2.185018356186674e-06, 4.8276687903739655, 4.770733989190143, 0.20082804861562253, 2.527873878134487], "rmse": [79.24641893656307, 69.30946335057487, 53.46034716034535, 57.44948363022619, 44.3508918719011, 39.24432477838427, 21.672535837767725, 22.432415812515103, 22.95998464668605, 21.56035573378772, 9.19418779446164, 16.418858118198617, 12.83469740152178, 6.479473342067847, 9.536411180775659, 9.101621999863804, 3.453671020687103e-06, 6.848012289898382, 6.505704594703328, 0.2647664615965358, 3.32841902062711], "r2": [0.13744610570993931, 0.3402004414215075, 0.6074540531139945, 0.5466859213272657, 0.7298333960778777, 0.7884657618828066, 0.9354871233291518, 0.9308839291201086, 0.9275947370839642, 0.9361532503797141, 0.9883894260614756, 0.9629734840821738, 0.9773744984009458, 0.9942335787805274, 0.9875090093078353, 0.9886220364562833, 0.9999999999999983, 0.9935589597893237, 0.9941867951540412, 0.999990371627337, 0.9984783914546813]}