{"mae": [6.200996999322482, 4.472611873489547, 4.319504527846226, 3.1011971706136676, 2.9063995619062446, 3.2773429642778575, 1.7338312916116612, 1.301077845841572, 1.2743197519310427, 1.4086394828223598, 0.998748654431829, 0.4086742521364012, 0.7914819577522811, 0.4743077331556539, 1.6565060838580338e-07, 0.6990253970501964, 0.6617985281561499, 0.49949043335857085, 0.5791895907250946, 0.16773192182497257, 0.2978323495515488], "rmse": [7.942115614512119, 6.395424881052535, 6.0324328590358975, 3.971328471616443, 3.8036927047859965, 4.8813527051117465, 2.5107377945664724, 1.974813724340908, 1.8799961020541607, 2.0535981808349844, 1.3959001329427647, 0.5645587061929709, 1.1723834816415217, 0.629680070372533, 2.513906082641707e-07, 0.9924097089932445, 0.9799950694484816, 0.7283359761676957, 0.8870530667904472, 0.21403268061765582, 0.48525388694377386], "r2": [-0.44549329436208174, 0.06269167149858657, 0.16607178983277726, 0.6385774128542279, 0.668445811394687, 0.45396051345801713, 0.8555404053612037, 0.9106291383445633, 0.9190051194585067, 0.9033560630155811, 0.9553468224687348, 0.992695981073407, 0.9685019945947655, 0.9909137733156432, 0.9999999999999986, 0.9774303055055813, 0.9779914488704711, 0.9878435380090382, 0.9819680425035777, 0.9989502065635257, 0.9946038785311354]}