{"mae": [17.36429785420098, 16.838191197021565, 15.402383891248569, 9.30595969342594, 14.819883400507543, 8.728679000538301, 9.980307653676551, 7.502072455678769, 7.084167495799895, 6.872254431438911, 5.510480716888577, 3.9587352629442636, 4.61143444419432, 4.440142254760413, 0.06070478999945386, 3.052119148246043, 1.7414697043063934, 1.539174557766508, 2.806557532930807, 0.7643876937383617, 0.7764216804640672], "rmse": [23.648390448448378, 21.746766825766958, 21.81945395046826, 12.205894354613829, 19.15024173313308, 11.582372013436848, 13.58512127875983, 10.453839126675827, 9.414742777669007, 8.865974116523978, 7.7361882841774054, 5.503842835258368, 6.306682662248424, 6.547242427207762, 0.607019736858295, 4.552757555685799, 2.7145462773628917, 2.114147279738351, 4.006861369467502, 1.2959318073339865, 1.1915084722486071], "r2": [0.03183842067762421, 0.18128251533158724, 0.17580035103002734, 0.7420806753276543, 0.3651177424234109, 0.7677585740475527, 0.6804993770221496, 0.8108108201253637, 0.8465518744370456, 0.863918970017579, 0.8963907018485388, 0.947558305350067, 0.9311432330542635, 0.9257901568615351, 0.9993621033905233, 0.964116589187157, 0.9872432757078837, 0.9922622419290306, 0.9722058559973329, 0.997092572002556, 0.9975422430147401]}