{"mae": [4.693601594814421, 3.8800257366789257, 3.5346743600223705, 3.585610606319479, 2.0930173397930774, 2.4547403689170726, 1.7355885365850547, 2.3592063131436736, 0.4796386449734406, 1.2754723049599925, 1.9521361712904195e-07, 0.7500742468290656, 0.8900867041776195, 0.9667428001843481, 0.3898133108547715, 0.3504719149842653, 0.392752517307196, 0.3101458550823124, 0.31129078757648737, 1.270540566444822e-07, 0.3606686114736709], "rmse": [6.400082151500175, 5.021500554118455, 4.35807004591077, 4.360250402860224, 2.6001009221952467, 3.233909974151253, 2.1618699575158566, 3.044325108656835, 0.6007583112316363, 1.578544932648197, 2.6264496141005354e-07, 0.9455247293045971, 1.161609652292591, 1.2715674094207203, 0.5037367663179643, 0.4607235707745793, 0.5448638353394423, 0.39900037568796215, 0.38361389480088737, 1.9027691839456764e-07, 0.450973583856475], "r2": [-0.05282996196649026, 0.3518818726891191, 0.5118249818750424, 0.5113363885103276, 0.8262329016146186, 0.7311915044837705, 0.8798714399496821, 0.7617849489872117, 0.9907234452065051, 0.9359526691469557, 0.9999999999999982, 0.9770209049076002, 0.9653177261754099, 0.9584409209334974, 0.9934777950990361, 0.9945440799011901, 0.9923693224001514, 0.9959080176878636, 0.996217527344162, 0.9999999999999991, 0.9947725565241322]}