{"mae": [23.98707570460298, 33.70697141133844, 23.980557188971602, 16.77554467741238, 17.45451306311024, 10.323191635107761, 9.089703012973793, 4.840787631343455, 7.103908548889194, 3.9146152542845742, 4.198808048968385, 4.963060615253617, 3.9338926565643044, 3.191983898318617, 3.2303272270033756, 2.313517742115097, 4.245550620041172e-06, 1.6725370189259643, 2.0191370108595685, 2.0236789376951534, 0.24868613297056236], "rmse": [29.127293256233216, 37.6441038597233, 30.07887392573359, 19.87615821484472, 20.575635698335372, 13.862364945198937, 11.418343096850215, 6.265460511572589, 9.397996399580022, 5.402028413679969, 5.63841766731625, 6.529217572825055, 5.342718655725555, 4.372369616421619, 4.3630129600704075, 3.2771043126477513, 5.5589563169294975e-06, 2.278728250170612, 2.7498725519125764, 2.7271542645132407, 0.3399852173808796], "r2": [-0.3629976446778487, -1.2766107099430934, -0.45350990427116566, 0.3653128014200636, 0.3198552149442636, 0.6912766311137705, 0.7905400354757319, 0.9369331931058372, 0.8581055538229075, 0.9531177359042978, 0.948924887125832, 0.9315115826844317, 0.9541415407883398, 0.9692865513271595, 0.9694178612233403, 0.9827465726417033, 0.9999999999999504, 0.9916578129857008, 0.9878515748883095, 0.9880514760441728, 0.9998142987114857]}