{"mae": [4.503447435067644, 6.373333273126214, 4.462716772235737, 5.327384170996672, 4.725911820651061, 4.497109120064515, 2.5729927165593343, 2.473877467760045, 1.3802418206813392, 1.9763577041855804, 0.6755025847666718, 1.0788325780549224, 0.9871288801382775, 0.8158033025511301, 0.8361937668915838, 2.164012566652218e-07, 0.3530393027803486, 0.43290283974395627, 0.5055014465375166, 0.04518497903069232, 0.30428793892558], "rmse": [6.201874880393524, 7.536351777705355, 5.804015490432681, 7.481086069327304, 6.590074776105167, 6.24703489483342, 3.771190190254136, 3.8845813275806833, 2.323781953826038, 3.1983974751358315, 0.9650524448496973, 1.3769558812286058, 1.6436136395562302, 1.5980395596817687, 1.403960482530774, 3.644899786285866e-07, 0.5176950558127885, 0.7142170229417782, 0.7238502386606814, 0.05809151024851765, 0.39955062343349956], "r2": [0.2620093554291323, -0.08975075792089071, 0.35365858984441545, -0.07382660131683338, 0.1667303946402231, 0.25122261452477257, 0.72712627048816, 0.7104701854016766, 0.8963914477751358, 0.8037228589031027, 0.9821307351287464, 0.9636214900648186, 0.948167240707716, 0.9510018246063948, 0.9621806009747406, 0.9999999999999974, 0.9948577535107092, 0.9902126470520308, 0.9899468468291344, 0.9999352514286537, 0.9969369895322192]}