{"mae": [106.87826649100037, 77.1438617501488, 45.31968919906872, 19.7614072084751, 24.526689993450855, 26.501450615524355, 17.916566701093146, 16.56463923803475, 18.15048272336837, 14.095811675716137, 13.326535186700726, 12.78972030854949, 9.262740946363074, 0.07529927489761291, 7.5207011643290835, 2.6316038042750733e-06, 4.746801986622009, 6.577207794787479, 5.733019976678407, 5.42578223303933, 0.0389834261015244], "rmse": [126.0569366276038, 94.59864496633956, 59.82965692303553, 27.012715414796745, 33.12164768676806, 35.341346578954656, 24.664089288050345, 22.46473320586693, 23.60489544625422, 19.162561203278624, 19.599856517451894, 16.996747852983553, 13.48293581210319, 0.7529681700544445, 11.73933915295887, 4.241794198753403e-06, 6.8297772704660265, 10.672042440676073, 9.05169842820029, 8.8007594377212, 0.05006332172434315], "r2": [-0.7727852239948398, 0.0016278524130249883, 0.6006481961605916, 0.9185934945959805, 0.87760984296477, 0.8606558273017073, 0.9321339155308683, 0.9436978271333619, 0.9378377411129971, 0.9590334175519936, 0.957142344497414, 0.9677704465092108, 0.979718897525634, 0.999936747767144, 0.9846251840770682, 0.999999999999998, 0.9947960189403502, 0.9872937407307939, 0.9908592300696962, 0.9913590214810044, 0.9999997203840447]}