{"mae": [69.65494111186658, 50.41065582638551, 69.1610378283347, 28.11922786851299, 35.2888598130348, 51.13749254011843, 20.944376559007065, 24.80062059252231, 15.259213419626281, 11.107093496077342, 12.295421444680336, 11.164897212008732, 0.19040588169525777, 9.878647175380182, 3.8038291243607785, 4.807425712803962, 0.08057887256338787, 4.0273710690621485, 2.183974317266817, 2.890893616197535, 0.0010481289317515064], "rmse": [86.66262488942434, 66.95126161354274, 83.42399289299088, 35.84581881556749, 45.48738842834078, 66.9978648110502, 27.216908738726527, 33.38050477816277, 20.489943265084587, 15.015093893148174, 14.815787296414772, 14.927141278780377, 0.23553997986882666, 12.909329246510923, 5.00747830597006, 6.730832445271589, 0.10607559185573487, 5.559071701344665, 2.576583903380484, 4.106706167522905, 0.0013136733098546018], "r2": [-0.008412927167592565, 0.39814446818886795, 0.06554870281317926, 0.8274751188664552, 0.7221843333239348, 0.3973063016343745, 0.9005391147398435, 0.8503900334620058, 0.9436289352416156, 0.9697287168167306, 0.9705270101126224, 0.9700823131042389, 0.9999925508967584, 0.9776240191793741, 0.996633234414901, 0.9939170774720271, 0.9999984892046012, 0.9958506575651902, 0.9991086191393165, 0.9977355539031179, 0.9999999997682875]}