{"mae": [6.01649421163255, 4.8885034995426215, 3.9377300081534985, 2.886471534377621, 2.194300917770103, 2.7137303912980624, 1.2429446002465598, 1.5881801480685254, 1.8474586304747436, 0.946305426522074, 0.875382749265639, 0.8184698170419421, 1.0016170786368617, 0.5482289007702384, 0.693828257283725, 0.5957893673447334, 0.28968422164565255, 1.8179854837541143e-07, 0.37280182729149375, 0.07936105670396619, 0.4185133140603358], "rmse": [7.216676934395946, 6.3141607488617435, 5.312828211284149, 3.774908401659904, 2.922413854034156, 3.560481273929132, 1.7073392493378892, 2.118177574196002, 2.3778359546586225, 1.195309682698609, 1.2604078861703576, 1.0818443377411415, 1.466578622625526, 0.7185030023621096, 0.9694984899610192, 0.7628876671712492, 0.3940625177926322, 2.810660148689819e-07, 0.5407993068382309, 0.10040806425656176, 0.5915561982962649], "r2": [-0.4744622565646657, -0.12873086388482147, 0.20088243114491955, 0.5965664906983239, 0.7582076433154, 0.6410974499081924, 0.917472482623956, 0.8729765618608474, 0.8399252208126241, 0.9595498620296045, 0.9550239453667738, 0.966864869535208, 0.9391066548189094, 0.9853844115128232, 0.97338947724985, 0.9835229173377977, 0.9956036790737867, 0.9999999999999978, 0.9917199800204319, 0.9997145721664457, 0.9900927949743362]}