{"mae": [5.206468390524545, 4.062078951117476, 5.178510134951575, 4.835256259445837, 2.591756232592117, 1.6336029836336619, 1.7465846901867714, 1.182893761467063, 0.94239051844431, 1.2815163551680455, 0.996456921769596, 0.7229084476228125, 0.7267412578165078, 0.35038969219007654, 2.1051332146804214e-07, 0.5053039155013691, 0.6138368789367044, 0.49281995681352003, 0.08133933068884933, 0.3147843173495016, 0.004271848844539674], "rmse": [6.705826531186219, 5.22499164896048, 6.594820067120646, 6.0249685063503255, 3.6094323942136586, 2.1875595061077076, 2.2707124273702157, 1.5375482213624108, 1.2336582708295847, 1.5481328593379728, 1.2100225406988987, 0.9466231563164246, 0.9323585406001482, 0.47091643666537236, 3.194883828249165e-07, 0.7114416465156215, 0.8734917519903228, 0.7054557486560955, 0.12503918644390627, 0.43922198618514174, 0.04271640038159199], "r2": [-0.08321099041676905, 0.34237300909004487, -0.04764544676332627, 0.12558421179427737, 0.6861759290577158, 0.8847268451238659, 0.8757968238345117, 0.9430536466288018, 0.9633395173985925, 0.9422668989422803, 0.9647308210648415, 0.9784144720037943, 0.9790601129337342, 0.9946580954150172, 0.9999999999999976, 0.9878076619075559, 0.9816208236345383, 0.9880119655606284, 0.9996233823172406, 0.9953529582818371, 0.9999560460686737]}