{"mae": [5.4266508711604855, 4.400442532774448, 3.251323642153703, 3.1898426253935526, 2.989140830988984, 2.645682362444087, 2.1221662960020793, 1.1237646631949605, 0.4197447438038154, 0.6483716091448989, 1.1013916984641687, 1.0455029276093244, 0.9766379986846795, 0.780794542299914, 0.6742634281627522, 0.3960679271617236, 0.5448275670773907, 0.3360705284933951, 2.067821625573174e-07, 0.19804450656618627, 0.20451380591804394], "rmse": [7.778386872276393, 6.118015777653647, 4.482627227770661, 4.406007581809337, 4.001158370235844, 3.5337082525766177, 2.7044283198630974, 1.4915832447900004, 0.5693290527097068, 0.8219812229538419, 1.4764604728458928, 1.3718907552628756, 1.245556808488593, 1.0066825928839023, 0.8922978298955236, 0.5319886109450145, 0.8280228661121597, 0.4785053631953242, 3.4229301040209426e-07, 0.2967579733530636, 0.2876655798698639], "r2": [-0.1649762455031687, 0.2792922773883495, 0.6130959820269386, 0.6262093181974444, 0.6917454657515569, 0.7595640677337137, 0.8591720230411293, 0.9571616255363155, 0.9937588491023978, 0.9869904646967936, 0.9580258761306728, 0.9637609295340506, 0.9701279470484323, 0.980487042057537, 0.9846694525411847, 0.9945506756291613, 0.9867985191319804, 0.9955912892116899, 0.9999999999999978, 0.9983043243512948, 0.9984066404383615]}