{"mae": [68.5838618704814, 68.72217991543265, 73.9286186111642, 66.64814471718229, 70.44787277111587, 68.52517189108545, 18.837029834039075, 63.13084629626175, 61.4891136617947, 19.90130136478055, 18.395735058181668, 18.030582872472156, 15.650184695946821, 16.075219246153974, 14.92112999523163, 14.236834348180908, 12.34939882544345, 12.183605654880752, 11.475336355802785, 11.140736853900716, 10.832555724901532], "rmse": [85.39657713263259, 85.51220094262786, 90.09423095194323, 83.30437144994765, 87.74305954082486, 84.83496128242447, 26.155860057692742, 79.48302261811013, 76.71583796071373, 26.395179317692076, 23.51892225066593, 23.138692359462375, 20.60761211755483, 20.064873418936504, 18.069376440564728, 17.656456858131147, 16.123708852227914, 15.465069210405856, 14.667604382842349, 14.15237620696379, 13.87929932593507], "r2": [-0.001631272706835718, -0.004345452378279324, -0.11486148759224135, 0.04684719118887548, -0.057432114767568265, 0.011499985113334055, 0.9060352509119521, 0.13228781357306962, 0.1916545193476068, 0.9043078787765114, 0.9240265617821749, 0.9264632262765834, 0.9416713008432013, 0.944703225819053, 0.9551550773164873, 0.957181242251554, 0.9642927139125466, 0.9671503547332796, 0.9704508274947103, 0.9724903111874857, 0.9735416941611494]}