{"mae": [55.47256233052562, 21.7532058640589, 24.591579144901544, 15.590062056692943, 14.329993173584356, 12.017881974610361, 9.298803488598093, 9.235599754685525, 8.346099143280252, 6.377125004786323, 6.553969201022587, 5.704882344599792, 5.211030094717604, 4.700901786302516, 4.274112017560054, 3.9681369456026623, 3.12734293613717, 3.0318731667972196, 2.915614427506008, 2.820280937767925, 2.5536790890506595], "rmse": [71.00758866376691, 27.11628628915906, 35.62541770483762, 18.484339885926943, 16.692566330645274, 13.983113785250735, 11.088580604170176, 10.919498129993109, 9.786987603468, 7.521171430152739, 7.7069231930643385, 6.7794139324958955, 6.12365286761918, 5.541810046617975, 5.062566566620824, 4.7673689480631225, 3.787848001763834, 3.685955248117355, 3.5112772046433376, 3.4327772592896033, 3.0291068471441505], "r2": [-7.100361077152867, -0.1812865783972053, -1.0389885119373488, 0.4510879813679519, 0.5523474425592823, 0.6858749056862463, 0.8024637685309546, 0.8084420391989195, 0.8461161918854593, 0.9091205219662407, 0.9045761553622037, 0.9261621314180539, 0.9397556980908123, 0.9506601164727537, 0.9588247407692002, 0.9634865915373504, 0.9769495220221444, 0.9781729539457868, 0.9801927089696987, 0.9810684532742531, 0.9852590988456009]}