{"mae": [20.679136782360604, 15.773320275763943, 21.76097286743971, 18.488086254162944, 15.923599741652962, 14.503646305772739, 14.079033714724583, 11.521175400317837, 9.166688050851665, 9.204222561993754, 8.560384518626938, 5.961151340552841, 4.678784296677584, 3.8695812407062102, 3.538590842512823, 3.363750953679167, 3.309934290131432, 2.794082909409898, 2.394638786123049, 1.9234815579641185, 1.6616911260589153], "rmse": [27.555539520919293, 21.26970964888329, 28.375495446725914, 22.89382633897246, 18.840475045504654, 17.168307491555737, 16.573650541839395, 13.441641861400038, 10.804977619144811, 10.74216794362366, 10.00013789248084, 7.14091119807339, 5.388595754770914, 4.492101979809148, 4.105972585979396, 3.8743769158157586, 3.831101512517818, 3.3037923103175677, 2.9121481204487427, 2.4319083596214757, 2.1829594811307147], "r2": [-0.41674663946996326, 0.1558930488294028, -0.5023158880778087, 0.022062449938853534, 0.33769497257853187, 0.45004225823111466, 0.48748012837545995, 0.6628842884696801, 0.7821677902422227, 0.7846929604056677, 0.8134108737840691, 0.9048559534038711, 0.9458216763710271, 0.9623492555291933, 0.9685437864373497, 0.9719922584158023, 0.9726144370406408, 0.9796342771251126, 0.98417654649656, 0.9889650907722068, 0.9911086910087508]}