{"mae": [4.846557845725957, 4.058081096947766, 3.714380714286839, 2.520403639265382, 2.1338852784934605, 0.9640387296435626, 0.6482201707007323, 0.5093549889176222, 0.38610862830230597, 0.2960907483448013, 0.25363515387316243, 0.24085858225312498, 0.19467532053345823, 0.1857034461728299, 0.19022210554475444, 0.17057479383879268, 0.1487013649926591, 0.13054564679760616, 0.1298886406227996, 0.12656675355886085, 0.12866788609511645], "rmse": [6.198470834605652, 5.008908240457323, 5.17561818797011, 3.3048941474451405, 2.8886053959188067, 1.229106309538358, 0.912992116949638, 0.6391991429352383, 0.5079542231790163, 0.38828739076159274, 0.32934536674204623, 0.3113890283864312, 0.24632130178668762, 0.2333421318082761, 0.24013392202568834, 0.21370448841606232, 0.18742083746706978, 0.16447066793696036, 0.15601385903763992, 0.15245488780872338, 0.15024361358680982], "r2": [0.1951398655422839, 0.4744216776189296, 0.4388541524928423, 0.7711945310945719, 0.8252055137411682, 0.9683531718359714, 0.9825383472194731, 0.9914409874990127, 0.9945949409420399, 0.9968416673662253, 0.9977277589107688, 0.9979687755969688, 0.9987289716575009, 0.9988593888433606, 0.9987920239579825, 0.9990432938183103, 0.9992641538177415, 0.9994333326308742, 0.9994901086418447, 0.9995131064760631, 0.9995271282889273]}