{"mae": [120.87808173347024, 64.6166470778258, 41.74613378341759, 52.14412741169512, 44.2818540567972, 42.3866574117918, 41.64549467568537, 28.423093648566937, 20.587646145948657, 20.850546049549106, 18.885366607062437, 17.154339615487704, 15.1918322132259, 15.644084368765862, 15.541073435241891, 15.990687623192771, 15.868211079785906, 15.311616357084175, 14.838260037239554, 13.698745792701466, 13.619013422613575], "rmse": [141.71399333786377, 79.52326071917626, 56.066894265694685, 63.89126399055916, 54.689424114421385, 52.660067442602774, 51.85992588096331, 37.77215521366625, 26.109029406145197, 25.892864501505024, 23.57207274655768, 21.55988710881456, 19.019907590451886, 19.461427595587818, 19.689109332686026, 20.22512195529401, 20.21687916454154, 19.418382519999398, 18.985471897622748, 17.985626805444404, 17.405914002219973], "r2": [-2.115641508450822, 0.018906569966065656, 0.5123199292377844, 0.36670658971299763, 0.5359885372273852, 0.5697857109715718, 0.5827601387135884, 0.7786571283249166, 0.8942443780586854, 0.8959882972438182, 0.9137979578875324, 0.9278867657646689, 0.9438772666960614, 0.9412414055566725, 0.9398585146285372, 0.9365393805566038, 0.9365910970322332, 0.9415010443720051, 0.9440803040324953, 0.9498150882998453, 0.9529980716836056]}