{"mae": [71.65844414398629, 73.2920024007412, 78.95860009738152, 51.51852244391862, 38.11114830098629, 36.90273312906716, 73.51441599167812, 26.354505701003642, 25.722581935987755, 23.939805687589683, 24.321743682878427, 23.792322754271698, 19.278996664946586, 20.39478808650492, 18.687713439972, 18.163180993343783, 19.59873346780115, 17.512404222852783, 16.689638732686078, 15.303927350067902, 14.897063673606665], "rmse": [94.89127660828433, 95.83578359412498, 95.53951856743963, 65.56503238237262, 51.4794404411824, 50.26033990158965, 92.64473663665277, 35.35824949323512, 34.85229836473356, 30.711847949756017, 30.62093995185884, 29.585553660171318, 24.769519502634346, 25.686665816981215, 23.901315162590173, 22.85383593637367, 25.244986784489587, 23.30777436115421, 21.95945763441692, 20.760908564565018, 19.933612333439953], "r2": [-0.004558434035289771, -0.024655845060505, -0.0183304318389097, 0.5204132394049913, 0.7043415738246519, 0.7181789244146346, 0.04244411973337259, 0.8605225055083028, 0.8644855920512149, 0.8947712228864972, 0.8953932616147586, 0.9023478010011503, 0.9315524686672925, 0.9263897832370145, 0.9362667269419275, 0.9417305611015975, 0.9288994564565385, 0.9393927978794241, 0.9462020354497578, 0.9519143670657773, 0.9556703154130715]}