{"mae": [8.569605233983197, 6.5531331671364885, 5.807065382141527, 3.9841294480051648, 2.421708629360145, 1.7720373842867714, 2.0996138170476706, 0.5423675429358358, 0.49513311519281805, 0.3780492328307437, 0.32279860532089316, 0.23972575011151456, 0.2263971478356713, 0.2244077420329439, 0.21174264113080318, 0.2014132027639021, 0.17062245697785283, 0.15515678521806456, 0.15932724370760773, 0.16066727063006314, 0.1566384338748831], "rmse": [10.485481022319851, 8.536801507305443, 7.4165287137049845, 5.067061044871265, 2.93787747466383, 2.1807708595445003, 2.5387431431490897, 0.6719508061382136, 0.6353900075354391, 0.48489322700849563, 0.41994580569177603, 0.2985289377325904, 0.28415728843057064, 0.2780602386716504, 0.26030901935224887, 0.25012075720536747, 0.21840605835420626, 0.1951924572865788, 0.19494212497705932, 0.19380218000899113, 0.19230535907121457], "r2": [-1.1169700190833969, -0.4032283733082236, -0.05910582185317281, 0.5056321004260509, 0.833809823441538, 0.9084289780603843, 0.875898932496399, 0.9913061338611338, 0.9922264615396795, 0.9954727943153376, 0.9966043377513049, 0.9982840253743631, 0.9984452678114009, 0.9985112705734976, 0.9986952826952701, 0.9987954149747637, 0.9990815249729028, 0.9992663920090622, 0.9992682724917744, 0.9992768051807607, 0.9992879331552555]}