{"mae": [6.351555217070211, 4.2131064848706945, 5.285569110573281, 4.122503899057777, 3.443787062451654, 1.9008228376090757, 1.6978559881517443, 0.817014918100183, 0.4632180213596746, 0.29828105391550824, 0.25210423533711074, 0.23146426559331712, 0.22201505277559602, 0.20936766918963992, 0.19968242143767617, 0.17991365278999183, 0.17664909095094888, 0.17972380672613625, 0.147696194382197, 0.14896987828478878, 0.14510958455679623], "rmse": [7.884164107710467, 5.590530563211661, 6.116741801616576, 5.068508816926276, 4.160375998780961, 2.245885765798116, 2.0061244672205842, 0.9865048689558829, 0.5674477198138674, 0.380533495870596, 0.321420919590457, 0.29047876631776975, 0.27880307273695415, 0.2628820926915681, 0.24650099987169782, 0.22126606707199398, 0.21612244904134809, 0.22569464245529153, 0.18578787542818653, 0.18476495816529812, 0.17961759795996307], "r2": [-0.5808740123401748, 0.20513751258468893, 0.048461759597780985, 0.34664929825245605, 0.5597989097746578, 0.8717193137522097, 0.8976467355167526, 0.975249475001867, 0.9918108719939097, 0.9963172543003513, 0.997372551405811, 0.9978540740471963, 0.9980231165707357, 0.9982424489195544, 0.9984546625847392, 0.9987548674621768, 0.9988120840606631, 0.9987045267519211, 0.9991221492468445, 0.9991317892371201, 0.9991794903035005]}