{"mae": [27.371280732612988, 24.556610625266213, 11.904290897738143, 13.00899382882801, 11.353437685601055, 7.3490650485917035, 6.612519421953461, 5.897704239462637, 5.6565962683371165, 5.473864432602869, 4.324213229211972, 4.4937688800140565, 3.9935234663753034, 3.5232690582190025, 3.6038572918455376, 3.417983166317538, 3.2560550581630685, 3.133516334670653, 3.0378438371243717, 2.8482704869876283, 2.844659921933535], "rmse": [33.99976716391794, 33.260553791777994, 16.506819105743922, 17.442169230864796, 14.7601882337841, 9.34396617638547, 8.1463261253892, 7.18677438733197, 6.8470387732063385, 6.6027946916890725, 5.3077591212718644, 5.394816406982247, 4.780126640839842, 4.274177054893477, 4.368291745918687, 4.030979866731579, 3.861434717373696, 3.7103466285801314, 3.5582978888863086, 3.335770392440289, 3.311401094975685], "r2": [-0.4651384256247473, -0.4021217450806258, 0.654654694545258, 0.6144082223363962, 0.7238719253592537, 0.889340351060733, 0.9158894723370316, 0.934537167098777, 0.9405800410984948, 0.944743628909326, 0.9642933436863809, 0.9631124244512492, 0.9710395318546433, 0.976845692862543, 0.9758147798678876, 0.9794056527757263, 0.9811016378754036, 0.9825515946799621, 0.9839523524076416, 0.98589675430024, 0.986102062674965]}