{"mae": [76.71945357384222, 67.19658836877183, 66.93096990310279, 64.64756074572557, 62.7453707947356, 37.633799014145495, 20.00918567227154, 16.912811264830932, 17.21589111490617, 15.551427557936886, 15.91217867502815, 16.800414122401957, 16.493805251983094, 16.56647735846103, 16.457425430026728, 17.17784572560778, 17.55770401822084, 18.076931104614133, 17.997011964800564, 17.814118123933646, 17.631491596583334], "rmse": [94.8337513639112, 82.56525594161319, 82.36570837826244, 79.99919747789407, 78.24625787199923, 47.03903866726157, 25.60030054493863, 22.63599424633172, 22.319258576816072, 19.84147164963483, 21.132397323625064, 21.548914950098258, 21.10713444244802, 21.043942303487505, 20.563371468269725, 21.84289592714873, 22.036130814476316, 22.45468869200581, 22.159353151319344, 21.97290354302275, 21.83583867082611], "r2": [-0.3447963520648376, -0.019354687917679136, -0.01443339416605438, 0.04302206977163636, 0.08450112553794153, 0.6691375078955837, 0.9020011928667574, 0.92338217639821, 0.9255113353296195, 0.941132116307295, 0.9332228012759187, 0.9305645146263942, 0.9333823644387584, 0.9337806571789979, 0.9367705646643989, 0.9286570448493576, 0.9273891793447526, 0.9246046193015338, 0.9265748539166485, 0.9278052594411517, 0.9287031380218946]}