{"mae": [9.23603640925018, 8.958832097057774, 8.410842450110328, 5.70360818811925, 2.5103801015131255, 1.6960640153606048, 0.7376336528048892, 0.5661665301681169, 0.3129520831449553, 0.258303588926511, 0.23288942004059807, 0.21866054978385685, 0.19120792234565148, 0.25467465215195956, 0.29310251008664556, 0.2442191906144199, 0.20690581631227212, 0.19637102140403, 0.1826345579677887, 0.17180549219532779, 0.14051021613206952], "rmse": [11.157983740827007, 11.247188730990798, 10.264028907784816, 7.037903967412525, 2.9366115551127367, 2.067221301644246, 0.910136994046936, 0.7097560809840092, 0.41346290759195214, 0.3309929954790362, 0.30169445525073474, 0.2817830707060523, 0.24158717991926384, 0.3018804678086345, 0.3471078423573829, 0.2916669576807611, 0.2499552028019058, 0.237183845013147, 0.2166412832327958, 0.2052410431468377, 0.16533041632194323], "r2": [-1.8188321953575945, -1.8640839283349018, -1.3852478208030274, -0.12146170419213065, 0.8047501174175581, 0.90324537863347, 0.9812452487040993, 0.9885944556144101, 0.9961294660294379, 0.9975195219901726, 0.9979392162000038, 0.998202257151837, 0.9986785657980508, 0.9979366742252832, 0.9972721114263936, 0.9980739292410957, 0.9985854375132903, 0.9987262975474558, 0.998937374548675, 0.9990462683364, 0.9993811244954558]}