{"mae": [69.99701209746544, 63.07912500276611, 51.39897654361909, 63.14872748448698, 64.44286405543379, 26.81718459685767, 20.258305997581978, 15.697718450046759, 17.943210175155038, 17.658754784043552, 22.1654776971875, 23.20686635957231, 23.13889685657328, 22.32938465502683, 21.307618769313795, 20.75626818389571, 19.378876474672822, 18.63289184465497, 17.802850978347372, 18.23876580967435, 17.352251848888702], "rmse": [89.17749678207443, 78.37809441914388, 65.0480406693466, 79.60770839568488, 80.95848341068657, 34.744741742066616, 26.683535206803764, 19.818434045889617, 22.08700400201176, 22.618544617385453, 27.729877902483096, 28.53131670271045, 28.397615639703833, 27.504641737807447, 26.492130481123137, 26.68695532936094, 24.51282253375123, 23.79530081473556, 22.88646928415919, 23.11172541340408, 22.07594207757246], "r2": [-0.01660597310881018, 0.21470740383708342, 0.459108021009891, 0.1898744172219904, 0.16214892735167707, 0.8456806881910424, 0.908981675529388, 0.9497910922838824, 0.9376386193338256, 0.9346009535749524, 0.9017035085176387, 0.8959395424475364, 0.8969125360870615, 0.9032938515374213, 0.9102827665916573, 0.9089583417565549, 0.923188058201051, 0.9276190130036447, 0.9330424275716398, 0.9317179045651629, 0.9377010691014704]}