{"mae": [65.1784001026621, 44.50473574433237, 50.54132948600622, 39.370996031308024, 29.227131223227264, 32.80237642431162, 20.41543832442706, 36.26154996978742, 17.374517849765418, 20.953914873602557, 21.661915479387144, 21.228439343521874, 19.56765843090353, 20.360574225757624, 19.21969360918971, 19.250316995522386, 19.15984527148666, 19.285845408225114, 19.176295537815037, 18.451262839565416, 18.53099866496305], "rmse": [86.52146727247234, 62.465833213569596, 65.42770364576656, 57.36300369059167, 40.85713367497213, 46.66416558834915, 29.136249914860812, 49.46036250983877, 23.15816259570403, 27.46586011250886, 27.84533184879229, 27.42774051656143, 25.78629324548566, 26.539128655247083, 25.710800765204564, 25.761490510375157, 25.455216919874232, 25.404470367130273, 25.336017864325846, 24.461844211603523, 24.514748358294895], "r2": [-0.005130560894434533, 0.47608624486294293, 0.42522471954532737, 0.5581869958563703, 0.775864567611421, 0.7076239898388305, 0.8860164881623058, 0.671534835941118, 0.9279916393364661, 0.8987112681185412, 0.895893098177544, 0.89899222827317, 0.9107203332152533, 0.9054311634945128, 0.9112423219650034, 0.9108919992198369, 0.9129981813887047, 0.9133447226545318, 0.9138110798691137, 0.9196560613184224, 0.9193081624573435]}