{"mae": [4.535413201156466, 3.689957532074363, 4.7222050445267945, 3.3886613135537287, 3.153873108836963, 1.821877128407891, 1.4606260538565425, 0.989534275481104, 0.6734230101580391, 0.48676072002813486, 0.3035479631370891, 0.29257248670968844, 0.2944520424373112, 0.21901467751263057, 0.16965666306804308, 0.15468600046658967, 0.15231417714031362, 0.14619003979423875, 0.13890840567231375, 0.13746758511797158, 0.13195136321164921], "rmse": [5.560122854952421, 4.462426087747941, 5.890688136870774, 4.24151736808207, 3.9164445003961235, 2.251700989657836, 1.6969269097043886, 1.174634065782644, 0.8175385031825546, 0.620710541133307, 0.38737186033068, 0.37024850236620777, 0.36922955858797496, 0.2749590142845585, 0.21430918592955328, 0.19432036482512702, 0.1854723107095177, 0.17469688812851408, 0.16879983071207613, 0.16788367045915306, 0.1614587735269402], "r2": [0.2053865459925176, 0.4881659074352659, 0.1080937635001128, 0.5375874228628661, 0.605750554020386, 0.8696807487807117, 0.9259860790377081, 0.9645356240598847, 0.9828207749248506, 0.9900970318982469, 0.9961430564986333, 0.9964765041885615, 0.9964958712020099, 0.9980567751169933, 0.9988194926055471, 0.9990294369064684, 0.9991158106004482, 0.999215564072158, 0.9992676289780561, 0.999275557284344, 0.9993299450237115]}