{"mae": [5.450376904221359, 3.631658452962484, 5.934406692632776, 1.621899257892236, 1.4537257189508606, 0.8501262411511101, 0.6662326179644685, 0.3972298530266704, 0.37442929940406017, 0.28480861327087675, 0.27872371976785887, 0.22948612004340313, 0.18925377938886057, 0.13357076325681672, 0.12665483265972072, 0.12050529445295212, 0.11472613105125472, 0.10887976561603242, 0.1108447338517724, 0.11139623847023422, 0.11267678955815708], "rmse": [7.304793671707575, 4.906554516879401, 7.779987491241576, 2.1516888922846498, 2.110548098425379, 1.1387752199251666, 0.8681520489004094, 0.5130319847972329, 0.4939932148815758, 0.36073479505178535, 0.34159080219082316, 0.28255149017472103, 0.23799754262229503, 0.16996114358463305, 0.15376324336380345, 0.1438073722680477, 0.1367517559127789, 0.13062317534298132, 0.13297142373512125, 0.13387522355093773, 0.13478597740254447], "r2": [-0.43421335246644976, 0.3529302286342332, -0.626880493088235, 0.8755609146861468, 0.8802740305460366, 0.9651442950415621, 0.9797423322700212, 0.9929256468130865, 0.9934409669081443, 0.9965023695298246, 0.9968637534920569, 0.997854181137408, 0.9984775508355973, 0.9992235792320125, 0.9993645184932943, 0.9994441467417335, 0.9994973523259162, 0.9995413954827884, 0.9995247583533468, 0.9995182760126399, 0.9995116993763782]}