{"mae": [81.72184865917356, 21.041828974807, 20.617582983663354, 14.924093914323699, 14.003199293750535, 8.619276851371964, 7.7118936594725, 7.067013357158158, 5.463087500288134, 4.593303135227546, 4.284608841439778, 4.166689759711647, 3.581636237155334, 3.0716572265843887, 3.136485578823196, 3.0040223692564623, 2.9245937927842096, 2.608343437240336, 2.2568827652657233, 2.0432783944787705, 2.002110590499437], "rmse": [95.81197611786652, 28.857193024846953, 26.453317720345343, 18.850203419715932, 17.42559052918129, 10.776794431557004, 9.345983348214853, 8.753866636063266, 6.692881037942888, 5.677869217408429, 5.188524695375629, 5.114286049881415, 4.411409490036003, 3.7381101112045987, 3.929719930785422, 3.758947716465818, 3.6651968999415097, 3.308946562232142, 2.856147095394553, 2.695129319872817, 2.621095183212196], "r2": [-10.33795556841984, -0.02849769920433931, 0.1357180327116141, 0.5611387477332641, 0.6249664119586005, 0.856558653596077, 0.8921189508327408, 0.9053555814608893, 0.9446750070719522, 0.9601832392691114, 0.9667506674316019, 0.9676953391579727, 0.9759646803722821, 0.9827416474843668, 0.9809270287273696, 0.9825487023536044, 0.9834083423972012, 0.9864769497203142, 0.9899247392068529, 0.9910287207961076, 0.9915148262399432]}