{"mae": [72.12627009814531, 75.45434182409522, 54.08933367476117, 60.482896356812496, 69.74636998028109, 71.33166999846394, 37.43523141085064, 32.568028643626405, 21.407057164231468, 16.687983202967274, 16.078162295967076, 15.671331899572685, 15.078230808307108, 15.124739101733828, 14.862172710110954, 14.870451908737014, 13.645246622596686, 13.7436905341744, 13.440793690674246, 12.999317350663397, 13.017346535294093], "rmse": [92.73191784926985, 95.3664039245998, 72.78745096951248, 78.222246612742, 89.53270220265898, 93.7088497964909, 51.95739169718871, 45.18840738679044, 31.325044976143328, 21.36593862642604, 20.810015210749565, 20.237838739990874, 19.635431632210206, 19.468142333359626, 19.104382630497994, 18.813181583443146, 17.905801404478137, 17.968600842483998, 17.442732012021438, 18.52683509732571, 18.221722168750905], "r2": [-0.02179283681451749, -0.08067519548617486, 0.37046860808242243, 0.2729488923665172, 0.04749392425017529, -0.0434354433765296, 0.6792260794404202, 0.7573622103978682, 0.8834028925322253, 0.9457564226679258, 0.9485424428005869, 0.9513332177834765, 0.9541873646385649, 0.9549646652041411, 0.9566319009972899, 0.9579439127739634, 0.9619029018401499, 0.9616352040409165, 0.9638479118756899, 0.9592144012667352, 0.9605467112253332]}