{"mae": [7.505511246221768, 4.815661815770527, 3.819200470233306, 4.1978847306322615, 1.2247509365679863, 1.0589512966625128, 1.0398542914818916, 0.6778229973549474, 0.4112695957587135, 0.3083616199372606, 0.24860706978978186, 0.24057460405776646, 0.2313775553983293, 0.23638947726469453, 0.21699177214688242, 0.19795773997179075, 0.1657682532783946, 0.13988687984534073, 0.13413692272446112, 0.12081122241642044, 0.11058554411800652], "rmse": [9.5494310985974, 6.131683590899585, 4.826013987550873, 5.402340208230444, 1.5933900070794285, 1.4223040066883592, 1.3122760078142104, 0.8333070944613443, 0.495994565511644, 0.3886456074882319, 0.31715387347526913, 0.3026195142099032, 0.29320121087523676, 0.2951899181598928, 0.2732213741393741, 0.24869107412813402, 0.21306734513986395, 0.17962126570592962, 0.1749404715907782, 0.15808219217668867, 0.14853807179965783], "r2": [-0.7496849440994116, 0.27861961708298666, 0.5531291681260742, 0.44002490016639506, 0.951286533665005, 0.961185881928686, 0.9669588440177114, 0.9866766016078987, 0.9952798185715426, 0.9971019065658107, 0.9980700551646213, 0.9982428909514006, 0.9983505605601747, 0.9983281092424117, 0.998567699319715, 0.998813342872999, 0.9991289589058121, 0.9993809576509627, 0.9994128008184762, 0.9995205197144696, 0.9995766686616214]}