{"mae": [36.28372028898189, 15.856380770006716, 18.13284197299693, 18.658464367076544, 15.253421810737645, 13.507040997533034, 12.744729522726242, 12.498246111144029, 12.917830140339154, 11.398411269550984, 10.60490602662607, 9.579388943082655, 7.496148548542084, 5.862508049547136, 5.151419104845299, 3.546463421569068, 3.2699343647045023, 2.9743453167884684, 2.6509896446906596, 2.751364661588336, 2.501724555947324], "rmse": [44.72248351389913, 19.303851002055016, 21.522262992513937, 22.274569852181916, 17.768635053289668, 15.490026960464274, 14.644696036469085, 14.743103436371044, 14.739918186549982, 13.131760372560437, 12.106762445315677, 10.902327653813243, 8.61801792329835, 6.886830085152123, 6.110484056403586, 4.363207211897812, 3.9911328902412486, 3.6510003851136084, 3.238823388657496, 3.3706527850521204, 3.035852808416631], "r2": [-3.258121227163673, 0.20666957583271928, 0.01385207746021444, -0.05629408613644782, 0.32783741978296554, 0.4891768821489316, 0.5434094485413087, 0.5372525638345855, 0.5374524955476456, 0.6328765765692135, 0.6879514003080293, 0.746950982072909, 0.8418821202408344, 0.8990270761447107, 0.9205090976907868, 0.959469881540765, 0.966087596332061, 0.9716214661873137, 0.9776673258237613, 0.9758123190444294, 0.9803787071991902]}