{"mae": [6.888187724512279, 3.670445541613697, 4.39300954697452, 3.3027758199030983, 1.7979676176864698, 2.623786323311853, 1.2727000082247522, 0.7507382452173349, 0.3364425552147071, 0.2744986339042025, 0.22526937900459004, 0.20308424792598997, 0.20332585164981232, 0.17945001662850843, 0.14687642896615533, 0.12042036109190239, 0.11554691389759383, 0.10630061645052652, 0.09314076655508571, 0.08998294129560563, 0.08544568699946792], "rmse": [8.764461894493925, 4.875548607708401, 6.01255997173046, 4.544824577474164, 2.222250943316961, 3.557323229204276, 1.671186244175791, 1.0028463584802387, 0.43715966970899256, 0.35044755652980214, 0.28396049438473964, 0.25311233536980743, 0.2564154399405653, 0.2320149353550181, 0.1928129196403736, 0.14950324086864888, 0.14162708184388392, 0.1315230959522554, 0.11667246029491668, 0.11285916590976654, 0.11054790627637505], "r2": [-1.1747515373226851, 0.327013870533181, -0.023476734104766805, 0.4152188272949775, 0.8601877159590472, 0.6417338400800895, 0.920930528381922, 0.97152734696729, 0.9945894762158847, 0.9965229958851133, 0.997717162598002, 0.9981862152170456, 0.9981385667077273, 0.9984759787699495, 0.9989474774869402, 0.9993672089229104, 0.999432126312832, 0.9995102627043504, 0.9996146140795973, 0.9996393941194076, 0.9996540126857676]}