{"mae": [5.249162792818691, 3.873018488393112, 4.353518476161956, 2.0952108337740545, 1.825136333494234, 1.3949383365424517, 1.0191806395079883, 0.9046638313746159, 0.8011635500448884, 0.517710074805709, 0.4036820532456643, 0.3228769153352974, 0.316108551671371, 0.27042282331938117, 0.22940878112298616, 0.15300163731667676, 0.1446867310253067, 0.13517820560058438, 0.11956548459031709, 0.10170359783641203, 0.10365502965849835], "rmse": [6.838307766713966, 5.229793636305802, 5.5992396764240775, 2.953502399716746, 2.332748450575618, 1.7259482480259192, 1.233938870434578, 1.0555711365661347, 0.9717430962490117, 0.6616605679257133, 0.5129031144085757, 0.4137604325851935, 0.39454272385868633, 0.33888557863708624, 0.28907295269324695, 0.19597340390747608, 0.18358940348122268, 0.17607986471389114, 0.15623255100675112, 0.13207379056472615, 0.13536421843953297], "r2": [-0.1264339050763279, 0.34116367983952445, 0.24479206550792865, 0.789872407642208, 0.8689176412774782, 0.9282430506329007, 0.9633228384088325, 0.973159942549571, 0.9772536689266972, 0.9894542144653977, 0.9936630672155643, 0.9958761169286533, 0.9962503001501809, 0.9972336023709328, 0.9979870946909781, 0.9990748701364301, 0.999188097927992, 0.9992531595705261, 0.9994120349972426, 0.9995798138694828, 0.9995586164041184]}