{"mae": [75.73823596971171, 72.12046955856086, 70.16487202457047, 67.03918306854511, 39.91251038767331, 31.899784032464222, 27.758415143202136, 23.427630827579478, 19.689694308515676, 19.156779925965544, 16.899753403890706, 18.90444208309345, 19.129831216590905, 19.37433766977464, 18.940523307910038, 19.745961147537518, 18.679618044073255, 18.894656083964488, 18.587358572219024, 18.636107059062716, 17.649862710473045], "rmse": [97.06778018733496, 93.17388238648262, 93.21146337760376, 88.58469984995033, 56.033443419892436, 43.373570866031294, 37.3149208714405, 30.788075721808372, 24.487037473635393, 24.27073073643045, 21.98754444901546, 23.89648486813766, 24.259777099712537, 24.617011150440945, 24.29755634032559, 25.648018127803812, 24.454598094582032, 24.92641471095738, 24.503021133647888, 24.427816284883793, 23.061057398234944], "r2": [-0.02373946952596917, 0.05674821487491488, 0.0559871542651188, 0.14737769947940826, 0.6588590335695732, 0.7955958974891114, 0.8487120627294351, 0.8970077980032105, 0.9348504015556639, 0.9359963184343593, 0.9474717766073807, 0.9379549277137968, 0.9360540764708399, 0.9341569566572308, 0.9358547581110136, 0.928526199522755, 0.9350229020177688, 0.9324914338169095, 0.9347653223466355, 0.9351651453178741, 0.9422173194477088]}