{"mae": [22.626942143204698, 21.895460420158944, 17.75244167516997, 20.08748844688497, 17.244621340623414, 13.40039654220489, 9.468380823796316, 8.634943283009608, 6.955984276201909, 6.564510434323084, 3.471970804934949, 2.744233360090935, 2.5857556380079028, 2.416328183893698, 2.4505465869139944, 2.3807124742033925, 2.246798925341538, 2.186770016669678, 2.0880674126262484, 2.0444620471315367, 1.9113468378001057], "rmse": [29.24825932096456, 28.28036095287738, 22.073937224002606, 25.06615019494458, 20.905583774535078, 16.637058433603432, 12.057573401678386, 11.241966932966756, 8.610878134651315, 8.007876886962835, 4.419180083729217, 3.5789474885433665, 3.1665896020105078, 2.938025982959304, 2.953446341707725, 2.8649578636376964, 2.7075273768916652, 2.624267528369411, 2.4952581868882153, 2.487792693787058, 2.34436290168938], "r2": [-0.6627698027885214, -0.5545402670485768, 0.05290905194732132, -0.22125781196158578, 0.1505131147474269, 0.46199642258602425, 0.7174131760204756, 0.7543500463053793, 0.8558791000396039, 0.8753572980392098, 0.9620409374138872, 0.9751032457672529, 0.9805098293237694, 0.9832218781536114, 0.9830452945404093, 0.9840460378461349, 0.9857512163323299, 0.9866140779111329, 0.9878978353310123, 0.9879701432561449, 0.9893172820989735]}