{"mae": [20.93968687712335, 15.253204998614603, 25.065864042267275, 16.355620533403872, 13.575470277237676, 11.17255544727862, 8.126042340193912, 7.324715118614348, 6.391592670430423, 6.019208021088789, 5.229366479325827, 5.066104521300688, 3.8867251558329223, 2.929816291186472, 2.623332066935879, 2.3632095007884506, 1.9759713087458486, 1.8710807690194615, 1.8180584425566848, 1.7207308464998923, 1.7072231601274306], "rmse": [27.412561382736623, 19.992536505788074, 32.811335474766196, 20.58724624273457, 16.073950587497524, 13.207237717461748, 9.592551251418325, 8.743596743919161, 7.514101819516523, 6.949641490641914, 6.057442672071751, 5.848817584419652, 4.6268482700849916, 3.6679745175638527, 3.2617219549185505, 2.897451886440661, 2.4911913933120067, 2.39582911035209, 2.3590163471232, 2.240115192251614, 2.2465484708849734], "r2": [-0.44534632075424474, 0.2312086605003233, -1.0707158196980053, 0.18479055047132842, 0.5030439926974495, 0.6644967924920395, 0.8230131729748555, 0.8529540978151723, 0.891400746932682, 0.9071038983038469, 0.929424930870896, 0.934202583724746, 0.9588240903363532, 0.9741223218781531, 0.9795371292681768, 0.9838525052138708, 0.9880632286076074, 0.9889596113517254, 0.9892962837483064, 0.990348087197778, 0.990292569868849]}