{"mae": [70.83266711516357, 59.11286741345325, 52.903257229813505, 55.14318408223116, 39.81623727794348, 31.74969020014802, 27.03756213037881, 19.80567477280667, 19.71821790198467, 18.165937073786214, 18.544232295902745, 18.87336464803942, 17.901516642322765, 17.833177185944706, 18.123374175131424, 18.285422733645053, 18.492029161845554, 16.929456420514665, 16.403529359365518, 16.00449893309594, 14.650630416949705], "rmse": [85.45584380805991, 74.44659898022643, 69.59994767334584, 70.97799582130087, 52.656728284417554, 43.31000155431034, 36.86502415962764, 25.384213386221436, 25.014107171642635, 23.48502288078465, 23.683540121583917, 24.654470129146368, 23.826053320676483, 23.667599257054604, 24.01738668316026, 24.077564245736195, 24.210818384854115, 22.723341965738005, 22.013239233528772, 21.4003091608216, 19.448472949210366], "r2": [-0.0021755379432555344, 0.23941109023656648, 0.3352197777244068, 0.3086344608139302, 0.6194883066545231, 0.7425833330063494, 0.8134955021851726, 0.911572431373254, 0.9141322117547132, 0.9243093491879256, 0.9230243254804669, 0.9165835678419932, 0.9220951522970157, 0.9231279118396232, 0.9208389101311396, 0.9204417237550792, 0.9195586771372667, 0.9291394249028155, 0.9334990007692782, 0.937150712431063, 0.9480923606532574]}