{"mae": [38.27109738158613, 32.196974634625946, 14.682224856576541, 12.951774233215465, 10.03299593311646, 8.548440367618968, 7.734147816978012, 8.143178746558142, 6.300851055875515, 6.075413275451106, 5.001772593451959, 4.9115807331068675, 4.4659088193619745, 4.196826951962408, 4.2215889817351036, 3.5448613851281676, 3.211161272609145, 3.151284136998911, 3.1013443546984485, 2.600215322491108, 2.3291959561207047], "rmse": [48.78115429591467, 38.94889922520524, 19.005157801758788, 16.191785216918504, 12.253660573181959, 10.85783474533761, 9.974198558741582, 10.430640217712897, 7.864853485522672, 7.644540276595463, 6.008839987485777, 5.916404982287917, 5.254655380902318, 4.945398839172994, 4.938562166218586, 4.083029626105796, 3.751712925138823, 3.657650492966237, 3.61535192760922, 3.0564302951800344, 2.75247286460249], "r2": [-3.119540861738936, -1.6262438346439705, 0.3747011506958583, 0.5461272194635254, 0.7400580563332763, 0.795905583107609, 0.8277732173196009, 0.811649576594669, 0.8929156653276741, 0.8988310096328193, 0.93749338972418, 0.9394016976264149, 0.952199422118724, 0.9576603450185966, 0.9577773274107673, 0.9711391091821355, 0.9756328987121105, 0.9768394388398886, 0.9773720178416757, 0.9838276302879059, 0.986884321516091]}