{"mae": [49.20887096419583, 32.07281445578372, 15.068532224170708, 11.570593037035627, 7.818665179572696, 7.7568845003272955, 6.348862525820987, 6.5658281591143535, 5.030637918883462, 4.7515935517575585, 4.06581716145171, 3.8629689243977112, 4.115981730888584, 3.057756697851239, 2.8899962042059184, 2.832954354888234, 2.723731660706426, 2.6651515750023047, 2.684820078107033, 2.602487428804791, 2.5249637242420104], "rmse": [60.699598117329714, 39.40584020167382, 19.8777028284779, 16.13376055025675, 9.676211974398532, 9.932887175444142, 7.933725698800448, 7.969493129839302, 6.132968175408455, 5.770467595938622, 5.098864197921662, 4.838871324694854, 5.091775204015656, 3.8199619746398774, 3.622240018195803, 3.497806773881331, 3.4303097852857896, 3.355447990207779, 3.353168763376927, 3.2992393898033074, 3.2076290657006092], "r2": [-6.357619420717502, -2.1008936534078626, 0.21096171589996893, 0.48019924908456424, 0.8130280592499886, 0.8029771062591684, 0.874304407180043, 0.873168511437369, 0.92488838316013, 0.9335051973189931, 0.9480826425815043, 0.9532422251452752, 0.9482269045073954, 0.9708603877793672, 0.9737988630544678, 0.9755680957669844, 0.9765019202824254, 0.9775163554069093, 0.9775468895839678, 0.9782633132954874, 0.9794536837393011]}