{"mae": [28.972389420995388, 23.47527356369742, 28.501063169115774, 13.62591212102654, 9.31682967817771, 6.396565519494459, 6.813834979378248, 5.5852958096705105, 4.749922087025632, 4.884656485130982, 3.6656032825508436, 3.1470879844402218, 2.718743401407912, 2.316032974928187, 1.9938256491103723, 2.0219878250925767, 1.9089943780176393, 1.8135348557873165, 1.7377616266175127, 1.73999327150129, 1.6594696444256576], "rmse": [38.21887568000654, 29.469987293618548, 37.03822694791082, 16.519593072787117, 11.915483819385424, 8.232274241553325, 9.189200132348944, 7.129163202031225, 6.040594306338568, 6.081272601431591, 4.681968259958675, 3.889371274599234, 3.347751505655266, 2.818610221867881, 2.404689494905691, 2.440035735794645, 2.2846548831307634, 2.2064800087940157, 2.1332042108109497, 2.1263398663615773, 2.0252694400358124], "r2": [-1.2266747855754545, -0.3239173533453077, -1.09122785219275, 0.5839939297031012, 0.7835665710350626, 0.8966904102746838, 0.8712769273622915, 0.9225220553596962, 0.9443762434642907, 0.9436245630552749, 0.966583734876336, 0.9769399745511677, 0.9829152980938495, 0.9878892504579462, 0.9911850675250027, 0.9909240237378423, 0.9920431313589889, 0.9925783414198851, 0.9930630934796415, 0.9931076655864187, 0.9937473143311819]}