{"mae": [74.20364292319607, 60.839079600924045, 75.46958309553087, 75.05876004381821, 75.41505412163515, 37.05840952789173, 25.213732696445067, 21.117925026742032, 15.076473550948762, 17.097321626228208, 16.493648394711858, 15.25831255581161, 15.91912277628246, 12.57924477618015, 12.776318411551795, 12.970068205901327, 12.294111215279889, 15.91207181195321, 14.987020235295022, 11.499045020522477, 11.69218343376285], "rmse": [90.71026574189905, 74.52159898631028, 92.19418259292515, 91.95495583003303, 91.36110039743389, 47.25158040524012, 33.91637526577733, 29.069834644758444, 18.959832751440274, 20.914459557587122, 20.51981714392522, 19.28545253378725, 20.029057442178985, 17.019428606571793, 17.586140976682735, 17.650281577284474, 16.254214964179813, 22.48844016189565, 21.29095976784545, 15.841423961387694, 15.941830638434164], "r2": [-0.03422660814299827, 0.3019811383889073, -0.06834092374510559, -0.06280382481090174, -0.049120738460952884, 0.7193690890788907, 0.8554155150894349, 0.893784486931691, 0.9548173361198322, 0.945021090464319, 0.947076348472377, 0.9532520579984864, 0.9495775606092388, 0.963592338951244, 0.9611273696058484, 0.9608432981087298, 0.9667926035889248, 0.9364344960373184, 0.9430238227992969, 0.9684578521875085, 0.9680567419102453]}