{"mae": [4.398469825902882, 5.39219075892419, 3.3140145407377686, 4.179480746195617, 3.4313961152710055, 2.6009011904302612, 1.656490621170386, 1.866003347135755, 0.2742519216923391, 0.25156527643989296, 0.24253866951988354, 0.2348375899982202, 0.18650922857434574, 0.18624544406473265, 0.1772965975177593, 0.1729170159906163, 0.1448418975048874, 0.14208017836394846, 0.13760955204396916, 0.1423363139722098, 0.14412238383923465], "rmse": [5.269924433839928, 7.074933914433079, 4.4128699598225705, 5.959777601046308, 4.329689577660823, 3.2727707284633403, 2.131772088293359, 2.369321599934602, 0.3727205938495143, 0.3314578456994505, 0.28816699226876513, 0.2770062033289336, 0.22895260387015814, 0.2262945206692352, 0.21332888533081182, 0.21190114294496817, 0.17625030342511916, 0.16933906700087778, 0.16498818086155775, 0.1687176430224543, 0.17182065919636635], "r2": [0.36356735621311664, -0.1470661046213355, 0.5537420860777065, 0.18603865855231194, 0.5704070040955298, 0.754543331162177, 0.8958581676251159, 0.8713553591047772, 0.9968164589781029, 0.9974823214589338, 0.9980970291366026, 0.9982415798113854, 0.998798746002767, 0.9988264766147246, 0.9989570992018072, 0.9989710120949529, 0.9992881255297237, 0.9993428598586205, 0.999376194298576, 0.9993476740265922, 0.9993234585133997]}