{"mae": [76.4241172867824, 71.107688704984, 68.5601653298668, 65.42888763955763, 66.04009396770716, 69.4798857388519, 69.67522963934216, 64.40904217394527, 65.35469972067848, 69.05291190516688, 67.99239941635047, 66.66277420271942, 64.0994720625339, 65.63831510623476, 64.58327144808281, 66.63572251533316, 59.80361278593861, 59.24158178651615, 54.963541015199056, 55.107750660305584, 55.18057512309861], "rmse": [92.14365224118227, 86.58303465895932, 84.76542115303212, 80.1166438209376, 80.01640212175012, 84.00092387113226, 86.48159414632973, 77.64773750617455, 81.29815755832527, 84.0498937856324, 86.03768888025675, 83.70143322382194, 81.96161462516214, 82.98611441454501, 82.4791177532113, 85.04521887076682, 75.84162714951509, 74.92143364168886, 70.63931371859792, 69.26158305942108, 70.99078451602213], "r2": [-0.16615906479067188, -0.02965694943446673, 0.013119889083839209, 0.1183982490630574, 0.12060298373825162, 0.030840910028490764, -0.02724567468266459, 0.17189661504609255, 0.09220381138331302, 0.029710601709765583, -0.016727148557497795, 0.03773932601460206, 0.07732668820907895, 0.05411615260205227, 0.06563844257760154, 0.006594055196257997, 0.2099724573645515, 0.2290271110100749, 0.31463820579026514, 0.34111173063005007, 0.30780110863380583]}