{"mae": [17.48499605363837, 20.616048530060294, 18.827534719776104, 18.565224103969744, 18.277665753728733, 18.164111956871597, 17.67645305279258, 18.128774192327697, 18.174042807307018, 18.055773065581985, 17.78706560060167, 17.464273046678304, 17.688753286659534, 17.74596428743764, 19.34931943326022, 19.478729900188306, 17.34640481489955, 17.009881045841375, 17.21463575007002, 17.08846796790452, 16.020619335040834], "rmse": [22.032663832320306, 25.30855152288427, 23.385943890171532, 23.53193790927794, 23.192976296913514, 23.1329618782334, 22.931793887866238, 23.409549411698624, 23.30801848857249, 23.057794378615423, 22.6630301662194, 22.650704733345155, 22.758662818533892, 22.7283980078111, 24.110467438218393, 24.57370164839248, 22.277805712710492, 22.2958939835524, 22.294923017868175, 22.181340822668712, 20.815692791988443], "r2": [0.15961423791824547, -0.1088664653607041, 0.05320822538912129, 0.041350042862373315, 0.06876854331378468, 0.07358163900951697, 0.08962414905428018, 0.05129589776170396, 0.059507411615075556, 0.07959240535928125, 0.11083855426766209, 0.11180544346923926, 0.10331861751535543, 0.10570187248494067, -0.006365940694062822, -0.045408030541853606, 0.14080944588500588, 0.13941365484989976, 0.13948860870600155, 0.14823408013858663, 0.2498874889727445]}