{"mae": [75.08362395671871, 57.00012424755559, 57.37048183017686, 56.81041948228767, 57.426031323281705, 59.11314111848839, 57.67977383815518, 59.0163098026177, 56.90440938483571, 56.375429118637065, 51.30021971574329, 53.32310249745715, 56.26053509189666, 53.85253562590118, 52.84992983270269, 50.908095486527564, 50.331681082276425, 51.19898063088904, 50.515505085070544, 50.812768763346554, 51.51728414175026], "rmse": [95.00420952179269, 72.90735108987984, 77.24457661918105, 76.59633305143379, 77.35215460471859, 79.23607788342147, 77.70692218654692, 75.49873268665051, 72.75711499637701, 70.80311814317993, 67.53183337951504, 66.32663184481852, 69.8496020030766, 67.78904205494317, 67.76588269330443, 62.762073330449226, 62.03915060516063, 63.431155227254415, 62.577254576185794, 64.40521822665556, 63.6339713991378], "r2": [-0.15379273389234127, 0.32050738492197994, 0.23725723588155934, 0.2500055324316828, 0.2351312233667937, 0.19742053703908102, 0.22809915274387094, 0.2713458790772546, 0.32330488434593774, 0.35916404475749264, 0.4170125811103329, 0.4376353806028236, 0.3763082866789442, 0.41256327266811543, 0.4129645863688717, 0.49645688057659443, 0.5079901602568606, 0.48566350143020054, 0.499418133498828, 0.4697456813890484, 0.4823691414243464]}