{"mae": [60.77856308551486, 64.43731641030953, 60.51551267576475, 63.71583856057637, 61.287477215295105, 65.741680298174, 70.84593655799885, 71.75800702123028, 69.73934659286796, 67.40571246337294, 70.15754123724133, 72.8342615226638, 70.00801855504682, 65.44695460754694, 64.7998852317635, 65.35674279686826, 66.7084473558677, 63.661892066877115, 62.24474385585858, 59.847615710089684, 61.099703492309615], "rmse": [74.46201561961662, 78.38622141763108, 73.75628865235201, 78.27314712683756, 72.04704460813377, 80.32604696766799, 84.97857027930257, 86.57045585331946, 83.21537578788823, 80.51128579965413, 84.71052810419775, 85.1758675615485, 81.79558780395443, 76.86601066692396, 77.688661947325, 77.37875611558603, 79.37548009543052, 76.49695201631032, 73.57847992369658, 71.21211914377218, 71.49232423928623], "r2": [0.23909604726061018, 0.15678228101270608, 0.2534509025088527, 0.15921325610089698, 0.28765135028039346, 0.11453162677488371, 0.008987564330994013, -0.02848905161913562, 0.04968535600572499, 0.11044298406942232, 0.015229471993270627, 0.004380496064055661, 0.08183650965102496, 0.18917160743995365, 0.17172310406921454, 0.17831803981686123, 0.13536463608193727, 0.196939015893556, 0.25704606551441433, 0.3040659532516291, 0.29857846265866694]}