{"mae": [4.018346226197156, 4.177550523342984, 4.031527806535896, 4.386100891853053, 3.98953697870943, 4.105540593117317, 3.8460299221144787, 3.8405777620870247, 3.9022648840071508, 4.031255571062059, 3.935376380317321, 3.8021948795355183, 3.8146149711481683, 3.7377635784717067, 4.017630286346837, 4.258064846957466, 4.080541643158661, 4.069366725859853, 4.0311610781236515, 4.250729190313996, 4.046719971752571], "rmse": [5.577344994511813, 5.8270436375139205, 5.158663865825973, 5.642355311361809, 5.147110084368994, 5.294836920661142, 5.0092027864173785, 4.9568535310575585, 4.959428565876268, 5.148577835707868, 5.08049771586609, 4.848269669125261, 4.9922615067272815, 4.949100131177463, 5.0847434525052675, 5.364097752910928, 5.141929901918597, 5.066434170657586, 5.072879240646157, 5.325922702551048, 5.120642426777248], "r2": [0.20888254327580014, 0.13645993862878047, 0.32319990599487325, 0.19033230517033106, 0.32622814891164076, 0.2869973790171082, 0.36184940828624723, 0.3751178461429837, 0.3744684377037545, 0.3258438281871845, 0.34355481041077696, 0.40219507951453826, 0.36615859934972705, 0.37707117076564955, 0.34245717859347147, 0.26822205435251845, 0.3275836686956105, 0.34718404889928045, 0.3455220829002016, 0.2786007817267381, 0.3331397211094884]}