{"mae": [68.02274750772357, 70.7480403274892, 66.17441896196405, 64.98899946737966, 75.40111891885135, 55.38846840048578, 56.41363042447866, 56.58793910390957, 57.90252312378734, 53.09861347098588, 56.10536420437818, 52.23858415024213, 53.09370750805222, 46.98046399743436, 47.29426234283058, 45.31194894143244, 45.62767662987885, 44.55095983380941, 48.35068834900872, 44.966175188628, 41.96231312772372], "rmse": [86.35929108213277, 89.61295132443388, 83.24568146379448, 83.95292267269272, 96.6129288554037, 71.58014388996466, 72.87270429477753, 72.83375203835529, 73.99966194423209, 69.05687977543674, 71.71422186161482, 66.82880241140585, 67.00928307543684, 58.580232127109696, 58.3818197096336, 56.21836934444015, 56.79200940259112, 56.66213967981519, 60.352862553010354, 57.03994581810303, 53.44047171187875], "r2": [0.06260859828963217, -0.009356048347174184, 0.12898375654340177, 0.11412087441250618, -0.1732034316831177, 0.35599689305757143, 0.3325286927868778, 0.33324206180684857, 0.31172451693959813, 0.40060000973767895, 0.3535820474235367, 0.43865457754368153, 0.43561849745114856, 0.5686746285784159, 0.5715914957689447, 0.6027541971760431, 0.5946060168818698, 0.5964579748460513, 0.5421759786756699, 0.5910586399122678, 0.641042200393357]}