{"mae": [24.36948862373077, 21.29813980782207, 20.633244629395755, 22.15466307311311, 22.723222898142026, 22.31573101768854, 23.00328034789031, 23.436848750834905, 22.483231544126166, 19.904491919887917, 19.745236961964963, 20.13705899386588, 20.635880128616222, 21.1219280244832, 20.381309083100547, 20.9009880786858, 20.512250846437674, 21.59293371112583, 21.11610582262077, 20.172090777430338, 20.824952377236617], "rmse": [29.747777023071837, 26.96323188535775, 26.331632566988322, 27.567434020970143, 29.84169742891168, 29.398421948093016, 29.67041784863431, 29.29309879060186, 27.87345733638069, 24.72422117345328, 25.45855135569755, 25.426570292126762, 25.91355587327151, 26.403930137271256, 26.151481380195655, 26.30551726121531, 26.110299012675796, 27.191867733355142, 27.051490477865602, 26.128887857448845, 26.63646509577932], "r2": [-0.12159433684881593, 0.07855235147231876, 0.12121558686360268, 0.036793376495238284, -0.1286877668667099, -0.09540523110813592, -0.11576850355840307, -0.08757046554741788, 0.015289760660146423, 0.22523139743522846, 0.17852538362952075, 0.18058796215827622, 0.148899598972157, 0.11638328496265704, 0.13319908175464812, 0.12295785202766629, 0.13592694304752184, 0.0628591895238898, 0.07251014004127576, 0.13469617678812962, 0.10075102470968444]}