{"mae": [80.9942208372941, 73.27837380908777, 72.06473884591288, 65.07684392011117, 64.95434125675963, 65.03807864121481, 62.350137499001555, 61.540431926895906, 63.75263911647751, 64.21041808855215, 64.45956327849082, 60.56275689685195, 59.35442079159378, 60.78370091001725, 61.102212854405025, 61.64081445109592, 58.5899532084776, 54.24274942069789, 56.5561727138941, 51.65202447040485, 50.12394800554775], "rmse": [104.07349039248729, 92.36887245703392, 93.59182255752025, 86.9782839313419, 86.37117763069794, 85.04131607689796, 83.39439712216101, 81.71282273637485, 83.48942745422234, 83.86252827211003, 85.16004450475587, 80.40114582752834, 78.94624105692007, 80.93659706239944, 82.59411316362635, 82.2436905822516, 78.20805678355917, 74.61767696363252, 76.15664202305429, 68.77494820333126, 66.16061406559587], "r2": [-0.17684561013423727, 0.07297694316975611, 0.048267147778642716, 0.17802062346829228, 0.18945536858819545, 0.21422320983764265, 0.24436337718347312, 0.2745296323030586, 0.24264025631350516, 0.2358560937718992, 0.21202759075767164, 0.2976335996539501, 0.32282305431751546, 0.28824728404723665, 0.2587965359999429, 0.2650726114433509, 0.33542769014631624, 0.39504551617508343, 0.36983420766942965, 0.4860749397248302, 0.5244038761648291]}