{"mae": [100.08816962341645, 72.6583461598794, 53.55561733733323, 53.405332070435115, 59.93886477157167, 58.861868426319354, 57.771378333436616, 58.35267370075505, 55.417056832235446, 58.06782505788527, 60.92157209163108, 70.40997006307376, 66.32260333772858, 66.08394523692249, 63.82159107366472, 59.884204805835054, 56.45733251140726, 55.500812913661, 53.395384470149494, 50.877473785482444, 52.25484835054282], "rmse": [120.56855076740922, 83.68390945328102, 65.05681744808285, 65.25140547262856, 73.86506994887013, 72.94475666888518, 72.68320108893934, 73.25166859280627, 70.39928989491827, 71.60124625352861, 75.82458825200854, 85.03038224375842, 76.28663421282678, 76.85977178103413, 73.39780045579286, 70.32687026094594, 66.52258059609214, 65.43869935738556, 62.196417759887886, 60.34744905667847, 62.86923853941238], "r2": [-1.1736956837476047, -0.04716371055268698, 0.3671274057926397, 0.36333584003145614, 0.18415268532134155, 0.2043559464048076, 0.21005154547246763, 0.19764658514441424, 0.25891637263810974, 0.23339468758537474, 0.14029236665676315, -0.08113250360249902, 0.1297829866429181, 0.11665807623484259, 0.19444211612295426, 0.26044029143069425, 0.338288262473176, 0.35967570619971034, 0.42155588702400193, 0.4554365423396681, 0.4089733526981919]}