{"mae": [65.69723757657424, 66.10565424938227, 55.959593754924434, 55.978415101754806, 55.61263897891721, 53.8581911029037, 52.2749982904218, 51.578537220541804, 52.56577328698429, 51.96241124221146, 49.44928488259657, 49.50907447847151, 48.18020019122864, 48.19798836446031, 49.60692437741848, 49.57006103635004, 49.27143958976065, 46.38507816299765, 44.43143731877629, 45.55446279160658, 47.3238141152162], "rmse": [88.44245936458414, 87.83972600584623, 74.66424178391912, 74.89562411872735, 72.8370673566834, 70.68017672225679, 68.42787184056006, 68.97480792609768, 68.58006330600013, 66.90925564819047, 66.16598998397745, 65.27441381990104, 63.40993060272955, 63.91986726180795, 64.23345611330521, 64.15440833782102, 64.65558731905558, 62.41191052377805, 60.20882983306165, 61.98988782552554, 62.66345262317055], "r2": [-0.05025884492840005, -0.03599264254983203, 0.25148579840922103, 0.24683936205736912, 0.28767263418269584, 0.32923563895530283, 0.37130386149681494, 0.36121350507370376, 0.3685041663387296, 0.39889945296594764, 0.4121800033373846, 0.42791483352045767, 0.46012989163572526, 0.4514118084186113, 0.4460158919999888, 0.44737855465575205, 0.43871058981939215, 0.4769903757737921, 0.5132621721123443, 0.48403953295771873, 0.4727660521686241]}