{"mae": [17.840123965369973, 18.069728516471745, 18.242526549261125, 17.527951128720435, 17.18889534365966, 15.737441279731755, 15.39485289260998, 16.21788832877203, 16.363033240905065, 16.65297155539792, 14.819837872570872, 14.85225620994786, 14.782767574431043, 14.990622950556274, 14.124879540344452, 14.199678439667693, 14.535588243428704, 14.019252633489053, 13.991066752436156, 14.15279214708328, 14.006797537947794], "rmse": [21.346589796022535, 21.586595382027927, 21.71737897215003, 21.044137236800275, 20.415321653762835, 18.93709286015873, 18.449619381426086, 19.048720434321314, 19.198427804854234, 19.336289037813494, 17.61515980350087, 17.4965696916005, 17.234678923934613, 17.424637403284724, 16.406799332800222, 16.521722325722273, 16.961717272001998, 16.48256019929896, 16.501754456433993, 16.82908028052464, 16.711744437696208], "r2": [0.11429501553224952, 0.09426660249961494, 0.08325848411681724, 0.13921571388130904, 0.18988899252955727, 0.3029584012561173, 0.3383826254273996, 0.294716545759924, 0.28358707991270793, 0.2732612156944333, 0.39687788343421715, 0.4049713165192117, 0.4226509258882135, 0.40985384969715677, 0.476785450477877, 0.46942996672422754, 0.4407941329680516, 0.47194225019370517, 0.47071166735901415, 0.44950567796994545, 0.4571552389990644]}