{"mae": [4.785419030595665, 3.8409621069715176, 4.304618476474735, 4.1175980111851285, 4.101613763264097, 3.99184996284252, 3.950170463161381, 4.007133359342289, 4.0978725215069725, 3.9596249313715504, 3.964944731095491, 4.0652886903536, 4.0550308668442145, 3.9605474641394496, 3.895445995354704, 3.9293653614882333, 3.8226825954106065, 3.867585599986317, 3.90628931239326, 3.9297536344053685, 3.7955226517915457], "rmse": [6.131056212432786, 5.520864280713229, 6.341240640871343, 5.775104168112282, 5.74033069922156, 5.459229811250925, 5.435260374763043, 5.628909468024278, 5.747445079904629, 5.5321848193791645, 5.52586759496147, 5.5153874388687205, 5.441957268602369, 5.1365281891726, 5.126541293878421, 5.11105864602858, 4.956108225649945, 5.143562793013631, 5.160784642352228, 5.326183036234596, 5.149418049531057], "r2": [-0.010342100695338141, 0.18075840126496, -0.0808024564181633, 0.10356769535753652, 0.11433051875811406, 0.1989481867808537, 0.20596698230452348, 0.14837896107881365, 0.11213381797515798, 0.17739524500544346, 0.17927284382639275, 0.18238301324637174, 0.20400908870208967, 0.290851471448175, 0.2936063700598308, 0.29786668048338427, 0.33979407554685803, 0.28890774807285213, 0.28413797043124955, 0.23751724018387366, 0.28728786023399233]}