{"mae": [19.33550473149513, 17.610178948272573, 19.161892579706546, 19.530016610516167, 20.10696338741242, 20.360361886388123, 19.27938390818767, 19.874224186003122, 20.037685049266965, 19.036797587460537, 18.647055951235508, 19.509362832858034, 18.851638083282225, 18.733954287148023, 19.63375803246002, 18.074254246658555, 18.387895228425673, 18.456657246513988, 18.083978008037963, 18.443270784005673, 18.54963204195119], "rmse": [26.119564526803615, 25.28588197509044, 25.98162901382672, 26.001465854148346, 26.58042023366503, 26.80858923187022, 26.2984471135588, 26.673151155477587, 26.940443434545454, 25.646969119135683, 24.4705608324513, 24.7414834218419, 24.020834044829083, 23.42510307299713, 24.333035744249823, 22.99973703460868, 23.47725950056524, 23.494287446875333, 23.107442042880123, 23.643286037969368, 23.306797728650967], "r2": [0.1573892034079163, 0.21031958238391324, 0.16626523669437066, 0.16499164626986318, 0.12739270126934799, 0.11234730417474659, 0.1458082646507518, 0.12129356311102057, 0.10359424660114913, 0.187604978402368, 0.26042367300966995, 0.2439567756201806, 0.28735815263136677, 0.32226771174895796, 0.2687131840870042, 0.3466575199310753, 0.3192463848853909, 0.3182585319581389, 0.34052414369590245, 0.3095840301901748, 0.329096017601057]}