{"mae": [61.28374866269356, 65.52702867711851, 54.678592613478216, 52.38753688803432, 49.83586023131729, 47.76294321752119, 45.632483336858286, 44.87026735822483, 43.45815316226636, 43.994433547307345, 43.3631059328414, 47.27529479470922, 44.31452010691084, 44.43978494673401, 46.693343609809475, 46.44770767544345, 45.65899109935481, 45.5957783129319, 47.625072983870325, 47.06896901067219, 44.15020654796874], "rmse": [78.03607547398059, 84.64624194667125, 73.4903613196481, 67.05121354520635, 64.51106948342007, 62.13760063474407, 59.45742175273956, 58.67601306555903, 57.05453896152235, 57.59487054057126, 58.454499066340716, 63.02867653357339, 59.4978315525476, 60.14743604073323, 62.663576584936834, 62.760821610063644, 60.38147510141048, 60.06205188047238, 63.37582789118092, 63.10158400007594, 60.28107103734897], "r2": [0.2764055779781941, 0.1486272745387094, 0.35825109634725494, 0.4657830603431622, 0.50549253297247, 0.5412106486985324, 0.5799349818809125, 0.590903688912645, 0.6132015092556748, 0.6058405139200447, 0.5939867035756017, 0.5279578865786934, 0.5793637996409916, 0.5701285441974656, 0.5334107504188801, 0.5319614654468232, 0.5667766990241235, 0.57134815265912, 0.5227437093522017, 0.526865199845955, 0.5682162536438142]}