{"mae": [4.879923606743699, 5.266015198937888, 3.6644111862672317, 3.6881841988956587, 3.67048970172397, 3.7529783173686098, 3.947683742829574, 3.7176859649973806, 3.8278363524245664, 3.697065710062365, 3.866952180565418, 3.9742285979263428, 3.8455744418513444, 3.7577674781813943, 3.8329370770652242, 3.9445397920255596, 3.9217462844532345, 3.811599086150072, 3.7182928859094124, 3.723284446659994, 3.677930006237121], "rmse": [6.2464089057585905, 6.4875876512822925, 5.0894865152820286, 5.322349352055539, 5.16189639816062, 5.452866851179151, 5.458367826500429, 5.089584958192345, 5.270054311436854, 5.067800598355159, 5.059005245800864, 5.143209480332879, 5.014507280175477, 5.019746947246455, 5.101384513276402, 5.153519325513842, 5.202741349631799, 5.109438620111269, 5.124801911669464, 5.030588727328144, 5.090665241206038], "r2": [0.1058621216435024, 0.03548241835440469, 0.40640312263591205, 0.3508419799913589, 0.3893923526445501, 0.31861360500395, 0.3172381155503531, 0.40638015923120385, 0.3635359859868533, 0.41145088835746557, 0.413492012443757, 0.39380535140753314, 0.4237642430044696, 0.422559394440304, 0.40362450448498555, 0.391372614803432, 0.3796909130533649, 0.40173989309596725, 0.3981367329605616, 0.42006235827502836, 0.40612813652499846]}