{"mae": [5.014989566263281, 4.385266610700013, 4.274009213636577, 4.470708480440266, 4.718868222604652, 4.540271620026501, 5.137942593886526, 4.971823721251772, 4.667347996131022, 5.011731206757398, 4.949737919120459, 5.042304425898087, 5.015201830119095, 4.946934380730693, 4.872458737836784, 4.9104858724420835, 4.899396676343411, 4.924167371308323, 4.825454112649612, 4.730582521585957, 4.728329364310084], "rmse": [6.686688073043952, 5.518634808321998, 5.400532356979697, 5.805931405434169, 6.042434579762152, 5.816813633268143, 6.370560944473594, 6.264698956316698, 5.970877110411452, 6.257141012307147, 6.29087911198046, 6.372354373196493, 6.341723625922588, 6.320691217030242, 6.181754799968309, 6.23787472362841, 6.178933050306384, 6.223552887406392, 6.2443490393374175, 6.09965144852128, 6.064894605117048], "r2": [-0.26584712844298397, 0.137771360874418, 0.1742810015700259, 0.04566042612467025, -0.03367269981991683, 0.04207958001313927, -0.14898532465336856, -0.11111636643294043, -0.009335150167668171, -0.108437007160745, -0.12042247402720885, -0.14963233622828143, -0.13860675239732245, -0.13106686801892087, -0.0818889413359063, -0.1016215655278716, -0.08090147965171535, -0.096568840850775, -0.10390950730830095, -0.05334143915355605, -0.04137140564115138]}