{"mae": [21.842638959707855, 15.872919819589299, 16.629888465443425, 17.269850404681208, 17.106598686695875, 18.224620510513613, 17.330269051181222, 17.802893253284548, 18.075356798594555, 16.831234848039795, 16.961881206604563, 16.799902888450713, 17.86444867831581, 16.993266296815605, 17.21033754719497, 17.091720608587888, 18.074755117064566, 17.81132337890252, 18.566594183330235, 18.102820186413247, 17.807932532589106], "rmse": [27.927694479302527, 20.66398600020356, 21.686399276956436, 21.85662285007776, 21.603911252793523, 22.753931567739798, 21.82757619340507, 22.657561284462155, 22.438356396033537, 20.674708850081476, 21.46802068518014, 21.297550317741713, 22.02802515600387, 21.69027670127905, 21.74964020724214, 21.099812720727094, 22.047064468880727, 21.753018121589687, 22.69686567884066, 22.09367071039784, 21.99264188916341], "r2": [-0.4552731726554766, 0.20328581112379274, 0.12249570103606966, 0.10866600532983228, 0.12915848843943356, 0.03397748397501199, 0.11103353201372812, 0.04214299310038527, 0.06058727782755813, 0.20245874289021348, 0.14007937808062132, 0.1536818402315896, 0.09463128918292274, 0.12218188585264445, 0.11737035935530271, 0.16932420654017022, 0.09306555213186363, 0.11709617745426348, 0.03881689429069757, 0.08922708348637076, 0.09753751194956128]}