{"mae": [6.04385667912174, 5.470341364289704, 6.094991417661544, 5.401468460193522, 5.303110990912662, 5.501273552077363, 5.090413834393549, 5.79966077371053, 5.196797958736652, 5.453913593194935, 5.709237491969089, 5.9184878948173845, 5.395291188993841, 5.5716648509917635, 5.63712594859887, 6.140342698118327, 5.797188837124112, 5.9836897690584285, 5.537980996705492, 5.262712749885346, 5.130661684370194], "rmse": [7.707192785454131, 7.17786178361777, 7.66444926845254, 6.9127907624606015, 6.95977848545527, 6.981634809428557, 6.563108657997746, 7.174588275900939, 6.661008463596122, 6.7726775827968275, 7.08039445294531, 7.252991410072453, 6.635848680260924, 6.747384182816875, 7.01875860522257, 7.328376778054299, 7.111715950869661, 7.146279426205834, 6.643236463842479, 6.45433437956469, 6.380889122383737], "r2": [-0.14374823074825938, 0.007962308486747616, -0.13109712438710686, 0.079879272873842, 0.06732824507251434, 0.06146116639646282, 0.17061308512100382, 0.00886695185501285, 0.1456851384557858, 0.1168005439330777, 0.03472091404924316, -0.01291340023478349, 0.15212674048665265, 0.1233850602450931, 0.05145355103389593, -0.034078646489820175, 0.026161825981353415, 0.016672969805642146, 0.1502377911467535, 0.19787710485100485, 0.21602829815261215]}