{"mae": [14.39979848293778, 15.36674093306966, 13.89959584834601, 15.893435139202122, 15.42328900243542, 14.875195613281768, 15.23962102615508, 15.40930171232704, 15.441342771383477, 16.369521220058303, 15.651332633619974, 15.651966135294327, 15.526774059164925, 15.979998995595153, 15.848752881941175, 15.893490494879636, 16.28896875410619, 16.20293510732047, 16.662815799926722, 15.745361798328425, 16.357679668129297], "rmse": [18.112937483568523, 19.93177264027996, 18.302874684659063, 20.41982533129594, 19.877267555643645, 19.565373288420997, 19.311395285890594, 19.99009180403509, 20.333762174786088, 21.197685489575292, 20.433900110211717, 20.483982367727524, 20.376893473671778, 21.189127197338287, 21.173940815490123, 21.03301255483437, 21.039578719922897, 21.003988250353856, 21.314249375121765, 20.395588044178968, 20.96728575431926], "r2": [0.30153608723196634, 0.15421876511431498, 0.2868107167409185, 0.1122917788781741, 0.15883815821466585, 0.18502840396104858, 0.20604935974861394, 0.14926211458569483, 0.11975883322228409, 0.043372008000757245, 0.11106761532877385, 0.10670483602935243, 0.1160205962371399, 0.04414430450484752, 0.04551394919077456, 0.05817728992430704, 0.057589154612727955, 0.06077481495120829, 0.03282228434559431, 0.11439785664344615, 0.064054362626494]}