{"mae": [7.9252403765089525, 5.8621708545191975, 6.550106308882068, 5.415388633438125, 5.1494224739374195, 5.0695638878246445, 5.508213009014794, 5.357427807754204, 5.690087805088244, 5.68907679573794, 5.313517025093563, 5.134489551365515, 5.255662621330797, 4.772791560638106, 4.871261693852855, 4.89992418063277, 4.7402428715939315, 4.8336956315659885, 4.614249079794655, 4.706946559231883, 4.55288942094412], "rmse": [9.028481970628883, 7.187547114837372, 7.959367192790913, 6.3645315866836185, 6.180965311782454, 6.132107537073154, 6.581773334717298, 6.293727075228574, 6.620232075976577, 6.649454854522528, 6.317607774070264, 6.06660607254463, 6.114201960921614, 5.593940952061065, 5.820977303119227, 5.811153913653118, 5.626817049454009, 5.749427235286666, 5.482345015765584, 5.524334279659785, 5.452675211160837], "r2": [-0.8455560736810865, -0.1696587761849846, -0.4343490694691021, 0.08287049136237079, 0.13501139301630483, 0.1486320453022686, 0.019192860794032596, 0.10316285663083147, 0.007697231592071141, -0.0010824741078290234, 0.09634408943001149, 0.16672305558662004, 0.15359672581173356, 0.2915103173157997, 0.23283357710146635, 0.2354207081623526, 0.2831581299363968, 0.2515773221365918, 0.3194962841317538, 0.3090324138208329, 0.3268419649160762]}