{"mae": [24.328494581884932, 21.175284393302512, 17.642335976062938, 16.904523658687516, 18.139146417701465, 18.38655713217893, 18.414640393788915, 16.197816820518543, 14.444439221882524, 14.595628339473107, 14.95317014325349, 14.914038053470481, 15.90498363461076, 15.224133523678995, 15.273564992158624, 15.782314672528285, 15.40501313298714, 15.536627583008805, 14.677933495643039, 14.647712160352324, 14.814602803042042], "rmse": [28.967691981596563, 25.991771929052437, 22.793072434048664, 21.71683890303437, 23.4793284110687, 23.653003446951242, 23.889373640075455, 21.270246664532003, 19.893111326139046, 20.15862796801428, 20.05315612356398, 20.23972245012771, 21.13768564055697, 20.668777327246374, 20.751904023584117, 21.000360586856193, 21.070018890992326, 21.04595568441749, 20.394270019579285, 19.9806914319097, 20.24986584364802], "r2": [-0.2791714723810459, -0.029847105321034517, 0.20803366880714536, 0.2810574345968774, 0.15962655926906155, 0.14714820527806005, 0.13001752616984608, 0.3103225438967606, 0.39673739707190125, 0.3805262365998717, 0.38699156903581255, 0.37553215177986143, 0.31889221048697636, 0.34877577064844134, 0.3435269862117709, 0.3277133593329271, 0.3232460059901402, 0.3247909094000375, 0.3659590505201574, 0.39141393579739936, 0.3749060749767825]}