{"mae": [4.988258801189498, 4.25191274524245, 4.313419708131185, 5.169526214323678, 5.7675620209775955, 5.895706298147272, 5.716757318541284, 5.516421362068107, 5.3221860809948, 5.284484460158057, 5.33271167158534, 4.940690526303504, 5.1667290778384505, 4.818374457264432, 4.777245469274561, 4.622993378201528, 4.431314316487846, 4.454949357950028, 4.472971255745302, 4.580756195580611, 4.545374294502685], "rmse": [6.2408333020406905, 5.419520623198221, 5.347096113042607, 6.289097057354154, 6.718529627092592, 6.79125532068697, 6.602203826247466, 6.542536100912804, 6.340327514534815, 6.283583189968151, 6.323986775168251, 5.907072356745562, 6.221206631328633, 5.732609133145717, 5.774752419771758, 5.561786384369827, 5.339608933581072, 5.360474597393885, 5.36457333620419, 5.389311692188645, 5.301873267804753], "r2": [0.18410089366324933, 0.38471965868650715, 0.401054544870855, 0.17143251429019102, 0.05441675989538275, 0.03383475863557739, 0.08687728059217625, 0.10330747765954629, 0.1578786514098096, 0.17288474454382652, 0.16221380686618192, 0.2690361926678708, 0.18922463347101903, 0.311576074763784, 0.3014169696675718, 0.35199269474505424, 0.4027306967128942, 0.39805366121084473, 0.39713278600780366, 0.3915598055971514, 0.41114281619179494]}