{"mae": [17.863851094586504, 17.36682119363533, 15.424339955309131, 15.4562289750075, 15.312259138087727, 16.07718275690056, 15.304014312054028, 14.549288904452387, 15.090003751176983, 15.201662242683303, 15.64901925933315, 15.030777405638107, 14.743958545957152, 15.040583539753177, 13.78554760434807, 14.47163071605499, 14.070150872863021, 14.14562860048469, 14.402891417557992, 15.276009594770171, 14.657501621743101], "rmse": [23.58147755209897, 23.602172689437463, 21.652105491558984, 20.717120794164444, 20.4009498731963, 20.866679232410746, 20.646933728663132, 19.604487483987896, 19.858304160570317, 20.025966277974966, 20.668838786499006, 20.050108788537106, 19.594029312330118, 19.4754092580253, 17.67116949936489, 18.911175633062562, 18.51035523568581, 18.515503914481197, 18.696858057503338, 19.039128133763136, 18.53673838453739], "r2": [-0.11047226237680774, -0.11242222163388682, 0.06380577642513519, 0.142913834688965, 0.16887477037706033, 0.13049442986748339, 0.14871140301231822, 0.23250302104589549, 0.21250101076314398, 0.19914729009801935, 0.14690412081679782, 0.19721517363987895, 0.2333216575165552, 0.24257632836813314, 0.37641411881465925, 0.28582812265039936, 0.315780896858355, 0.31540021109820426, 0.3019236089745404, 0.2761312939626793, 0.31382904676851087]}