{"mae": [4.508731034229682, 4.432576055427382, 4.2702293749389355, 4.401904164608294, 4.141434284169081, 4.205221750619341, 4.179234053660381, 4.1060885867339865, 3.8404518648812704, 3.822852897217627, 3.8244225194132766, 3.629764318030858, 3.9275819609839977, 4.066070941555063, 3.980223981179185, 4.135303118643517, 4.010219963504949, 3.9642427799049282, 4.044748129430805, 3.9363185451701725, 3.969910426472812], "rmse": [5.623884607466448, 5.8048821657530985, 5.602483852723165, 5.882027568592602, 5.353412182468212, 5.3500172915782915, 5.37482097550253, 5.208548794156787, 4.863353914695662, 4.895207658582786, 4.9368714428760265, 4.691498842271511, 4.889298583418282, 5.045498184791496, 4.924172758974237, 5.1000471040665065, 5.000355879156625, 4.904006967319466, 5.0128007811854305, 4.887245806701776, 4.994896862507961], "r2": [0.18705729019965378, 0.13388820050229167, 0.1932325540808041, 0.11071442051359093, 0.263371522492192, 0.264305498910934, 0.25746805024655783, 0.30269847884039414, 0.39206256228479086, 0.3840728078922332, 0.37354370871352127, 0.43426849405972123, 0.3855588994516561, 0.3456723886091515, 0.3767623216823559, 0.3314475062583855, 0.3573286087306372, 0.38185651596663217, 0.3541256626215742, 0.38607473851616225, 0.3587310844061343]}