{"mae": [3.7048568273151328, 3.728047447573114, 4.121708900555109, 4.529658318890702, 4.609791272869213, 4.4892400103983565, 4.740722245011479, 5.3380834493257545, 5.043565920394551, 5.102220438535587, 5.131488919046324, 4.923056465747432, 5.231518173352522, 4.772063414875646, 4.517253053152006, 4.556608527408189, 4.380938793752441, 4.265888384477242, 4.187811620028146, 4.116889493052937, 4.042814141974451], "rmse": [4.674975919336803, 4.706036902928897, 5.381606529013999, 5.581102989346318, 5.709635019046631, 5.488729810408235, 5.691976296096366, 6.492514019942997, 6.115677323158517, 6.245626363347635, 6.397872258436429, 6.1978973119465675, 6.6317510222322085, 5.979971585061065, 5.65789194284024, 5.760795392661657, 5.684160282533208, 5.568012818334471, 5.302248551127992, 5.255634177576752, 5.162937013279287], "r2": [0.47353781169607867, 0.46651884208623196, 0.3023584932219403, 0.24967658112677704, 0.21471893963877253, 0.27430833743659244, 0.21956885269212434, -0.015393129568074704, 0.09905650429129098, 0.06036231245045287, 0.013994000489417346, 0.07466885232711273, -0.05941191802245349, 0.13859642664683514, 0.22888753070484047, 0.20058309217480974, 0.22171070011481397, 0.25319213838016086, 0.32278184462249615, 0.3346369416883104, 0.35790086945681676]}