{"mae": [63.14382199764771, 68.89579991293867, 61.65504976040503, 58.136245571085084, 58.795660850768684, 60.53808587154325, 58.1989419254113, 57.3437382977705, 55.969112468667255, 56.5910463317021, 56.60066944841034, 56.4824231068915, 52.706383641712875, 51.757417466544254, 52.18131080990621, 50.47151547715836, 51.42766890091586, 52.11636455984064, 51.45619769696523, 50.001063787507604, 49.18514679833038], "rmse": [82.90453785203843, 90.89223571364506, 79.2427394278014, 76.45601142923367, 76.40577637172544, 78.16413737922845, 76.24880895698469, 76.28960879560985, 73.35457295452632, 73.8734395826147, 73.51340315068273, 71.94851630056067, 67.60952577974561, 67.02312775956943, 67.52595978457288, 65.28508523800369, 66.56718779323033, 67.38106948013368, 66.98274531272402, 66.53017753868046, 66.10039966081244], "r2": [0.23320507331509244, 0.0783284168620374, 0.2994460488091629, 0.347852398603136, 0.34870909800521355, 0.3183872522267881, 0.35138236283530877, 0.3506880418238755, 0.3996880181624516, 0.3911654827585579, 0.39708556568426223, 0.422480955327022, 0.4900373080723899, 0.4988450691718994, 0.49129716614005947, 0.5244999396568428, 0.5056403164295165, 0.49347786918179193, 0.49944879407173337, 0.5061898752164482, 0.512549190282312]}