{"mae": [120.37216689536697, 99.21891949656685, 68.59880304435298, 52.49037991179735, 54.61020321933661, 48.98620285085729, 45.378573997408914, 48.295842829539204, 49.42772635407359, 50.5404002769732, 49.382585672920044, 47.349773466383084, 46.73738084542168, 46.33058974079142, 43.476943188039286, 44.942433137403356, 46.377929170878275, 48.50739247949618, 48.37801934383071, 49.40678028774603, 48.547165007513186], "rmse": [138.8403415355052, 117.18289107737017, 85.89800525523347, 66.54714677074604, 68.99038591438895, 64.13994861379452, 59.32308536878687, 59.91454818143406, 63.223358047042304, 64.6830520724511, 63.635729397663106, 61.466667414956284, 62.08762013438765, 59.964557271417924, 56.30985368370606, 57.20901630928073, 59.172473499242926, 61.98855877150313, 61.88993220385674, 60.99964657786424, 60.80405218404576], "r2": [-1.9905657525505327, -1.1303473774226216, -0.14469073101368757, 0.3129617946970108, 0.2615873001467378, 0.3617670463732755, 0.4540291325694146, 0.44308798687306394, 0.37987801666070364, 0.3509128421554819, 0.3717622028133195, 0.4138600223171659, 0.401957517578448, 0.44215791940432925, 0.5080841608243867, 0.49224878718798104, 0.45679787962630947, 0.40386435961709233, 0.4057598074429487, 0.4227331128647779, 0.4264291718047992]}