{"mae": [17.671825305418675, 18.486589731804326, 18.16089106455167, 16.907455265499028, 18.641256161721845, 19.39412257498767, 19.25557968115622, 18.684085242668388, 19.06671847341321, 18.55495507789285, 17.528130209754234, 16.916629565459345, 17.596599794392606, 17.966491279743448, 17.658371160827027, 17.50402830691094, 17.455088695346486, 17.061051136079737, 17.376477269513895, 17.764835168309236, 17.59770245395994], "rmse": [23.027790190247437, 24.226521319632376, 23.868073696474458, 21.965698929750353, 24.376928808339873, 25.318048982747822, 25.2350024596649, 24.173471048547526, 24.500194526202947, 23.978056970932375, 23.298784548750643, 22.87623719177121, 24.00658038878721, 23.96274836718631, 23.617820702639115, 23.385979740915438, 23.697258308142423, 22.996519905970516, 23.33385509193837, 23.6337630067621, 23.482621813193955], "r2": [-0.01994608357635297, -0.12889826005899518, -0.0957397762504022, 0.07196845153579523, -0.14295903464242632, -0.23291506266942563, -0.22484008152884338, -0.12395964032376994, -0.1545473587632178, -0.10586130596436338, -0.04409308055051886, -0.006565100846106731, -0.10849385499224873, -0.104449699644797, -0.07288291504860411, -0.05192269535450933, -0.08011225090249319, -0.01717791965823423, -0.047238692737909815, -0.07433182083134304, -0.06063475652741568]}