{"mae": [5.111317296035895, 5.265892710136864, 4.611757956807473, 4.751565666118684, 4.6597015551815675, 4.6090217928394495, 4.744675598487694, 4.723096135288053, 4.662943293623443, 4.640220942579647, 4.583966672152614, 4.667919779359149, 4.4037296842713225, 4.2660980787161655, 4.294913255797657, 4.247244421033487, 4.205697773405169, 4.120865597392025, 4.054574832892231, 4.069366144892451, 4.123689127384981], "rmse": [6.952685038782962, 7.359550580890029, 6.198574821466238, 6.495418573388456, 6.2676460561069485, 6.229578545261361, 6.408592553855467, 6.42896124276399, 6.217962872745987, 6.233420642544523, 6.144944121909531, 6.320868102984988, 5.804429981953027, 5.6429120493627, 5.7094495165974, 5.745513002776722, 5.5505672142462075, 5.503958635696102, 5.490208723932256, 5.765347502753279, 5.716931866464542], "r2": [0.07250843699262666, -0.039219876577207824, 0.26279452595004404, 0.19049573479937487, 0.2462735046076293, 0.2554014474286027, 0.21199281497413813, 0.20697574443133515, 0.25817561566624303, 0.25448270075527224, 0.2754960930107332, 0.23341853951748515, 0.3535662701046437, 0.389041911967279, 0.37454894388666027, 0.366622721833214, 0.40887464495618575, 0.4187604225005066, 0.42166088403761937, 0.3622421187637568, 0.37290853700393367]}