{"mae": [27.63514682622717, 22.796093103702063, 21.90973373165881, 25.364565222286366, 26.76810640837232, 26.1123903785049, 24.3013506635144, 24.511469089857478, 24.91061731683569, 24.653151651276698, 24.814253091859424, 24.09096343245713, 26.746205141995585, 28.111598194141802, 28.316896341057937, 27.739195896393383, 27.12823237573234, 25.761483075533263, 27.602863712587656, 26.87609415928793, 27.157762312818477], "rmse": [32.85663378278246, 27.612558956284044, 27.03645672451903, 29.985451551517052, 31.480479615052367, 30.776858765476238, 28.959625013483304, 28.957781925009716, 29.257583823651515, 28.854284754226683, 28.832801182989748, 28.227565276235456, 30.73240723293707, 32.09391883048442, 32.13843868306479, 31.616509449041235, 30.757772082589113, 29.638512173753615, 31.4279442431347, 30.931805580088113, 31.08407470309819], "r2": [-0.7343669259535581, -0.22492122771557543, -0.174341469345084, -0.4444949743892368, -0.5921263474312779, -0.521750425303066, -0.3473508999396988, -0.347179405461437, -0.3752186854869375, -0.33756678441707644, -0.3355757446877332, -0.28009349140555395, -0.5173578205034102, -0.6547803245146957, -0.6593744455035842, -0.6059155023953504, -0.5198635425872797, -0.41126199425803445, -0.5868168249491712, -0.5371115723861877, -0.552282411676895]}