{"TreeBasedRegressor_Representativity_self": [745.4705949529889, 993.5018835900119, 963.134324609011, 507.4526776029961, 324.16762346198084, 306.75042451597983, 630.7792786339996, 444.90157688898034, 260.41616139002144, 332.77608064201195, 275.37760547199287, 232.70709231100045, 237.45789846300613, 242.49193942401325, 121.52533439500257, 98.91755050804932, 131.62667229300132, 188.13765604398213, 97.91748555604136, 104.9017055509612], "random_state": 45}