{"TreeBasedRegressor_Representativity_self": [10.084839438961353, 10.57225050299894, 7.231699944008142, 5.778101561998483, 8.424124953045975, 6.37881698604906, 9.996191393001936, 3.915100758022163, 2.2238232219824567, 6.882550210983027, 1.2080501969903708, 3.0447636720491573, 2.2152274470427074, 3.979835339996498, 3.6220565739786252, 3.316541309002787, 2.5205621339846402, 1.886593836999964, 1.586882916977629, 2.0043761450215243], "random_state": 45}