{"TreeBasedRegressor_Representativity_self": [574.2977775120016, 597.2013319760008, 604.4625389599969, 611.1943672950001, 439.3536411399982, 472.4298275659967, 580.0485969250003, 521.6560666049991, 370.12643295100133, 331.9500070060021, 347.2168216639984, 264.6249329359998, 279.3523865800016, 183.51038999200682, 123.53700674600259, 95.52568804600014, 168.76596021900332, 118.67760399500548, 71.29086947099859, 58.274558903998695], "random_state": 44}