{"mae": [53.78054936585122, 30.278641952828735, 20.464814651668668, 23.92848621871472, 22.550772952690874, 23.674898843625773, 21.421394163037835, 20.723736887523618, 17.7534736488318, 17.88071813616882, 17.761656537317847, 16.645955127346394, 16.63072228929377, 16.200672386816695, 16.480610363067402, 15.803014039001454, 14.603785470871458, 13.696334457957597, 14.119503798856181, 14.09730146523566, 13.783800629480007], "rmse": [66.27953184374675, 38.14677314343256, 26.5895422730451, 30.706000029213698, 29.000311587954744, 30.387058388534758, 27.58133151228594, 26.37888928094937, 22.257861378181776, 22.485496299481564, 22.621012305807483, 20.271604338633065, 19.818502515459276, 19.290624232439622, 19.550904711233965, 18.79779752840826, 17.739407891695116, 16.73529852174526, 17.430038275252343, 17.462401960154967, 17.1220165693312], "r2": [-1.6894250494082457, -0.1017911783532582, 0.38960717020058633, 0.3159247429047983, 0.37602480764693363, 0.30865523056952293, 0.4679568347518921, 0.5324720635267255, 0.6264674381695573, 0.6306325779611698, 0.6213286021176625, 0.5933723550311262, 0.6003242684151663, 0.6245715261368566, 0.6220400907694171, 0.6786397899877453, 0.7264646646931349, 0.7796012016794999, 0.756727849031449, 0.7476945131724748, 0.7596058057110519]}