{"mae": [34.29778527756186, 23.142273217867267, 29.14059094123481, 26.46642620535417, 20.929496815712866, 19.808289653485353, 18.026637908062835, 17.748775917447237, 17.29514219818255, 17.092890851545196, 14.57629912410881, 14.533778530278427, 14.270962951697937, 14.11878470109979, 14.013976501798945, 13.745816141685346, 14.388832716769585, 14.804440238931845, 14.329972855727243, 13.96173585934507, 14.026206016440355], "rmse": [43.312198646430254, 29.49982344243989, 36.72203479547624, 33.882101086904406, 26.107625164915405, 24.80738206046297, 22.685519140913545, 22.202160200597017, 21.388128307312797, 21.247444763033872, 18.39792750931291, 18.201962977864667, 18.007755987895003, 17.761459202447497, 17.63319128702127, 17.525096252116747, 18.229678213235523, 18.72698323520742, 17.735572879076884, 17.335790714348587, 17.654332004223487], "r2": [-1.0449175515733755, -0.1466480490170962, -1.089016592478215, -0.33427989639310357, 0.38403285383924696, 0.4997615357059246, 0.4363513884198285, 0.4894973892178653, 0.5313440699927533, 0.5328685458444431, 0.6917464402344251, 0.6824124745773289, 0.6428261011334792, 0.6450991114689999, 0.6624386471829421, 0.6363246741637384, 0.6094346411593587, 0.6393509275006366, 0.6885855277648618, 0.7049607942099878, 0.7215992715221926]}