{"mae": [36.152456093149894, 34.50731777073932, 24.50530213354232, 25.633847453394054, 25.99557387800743, 30.01404271603487, 19.51489499161255, 18.456519284574945, 17.823925727636176, 17.583950063283936, 16.451768852685955, 17.646485558455872, 17.07317722686407, 15.785758741196389, 15.383236730700725, 15.030786408443857, 15.020111131614067, 14.863008054316722, 14.95925303269622, 14.949888109271248, 14.183540999135806], "rmse": [44.710093173575196, 42.98332176352917, 30.186543564190128, 31.741835601066665, 32.669811272658755, 37.89902061217101, 24.848301608253923, 23.354371852853372, 22.402757502797666, 22.25573590951277, 20.952201344651346, 22.301917411836666, 21.251342684191588, 19.266165193830023, 18.94776826142699, 18.470317863010887, 18.68105905693013, 18.482729180932527, 18.677341152243784, 18.77538765559372, 17.889120375902085], "r2": [-0.4864288522994802, -0.27385347493163364, 0.030681493522750253, -0.10739341277037269, 0.02524687907843437, -0.4454612765696296, 0.34203332408431225, 0.2979228806192938, 0.414561783096466, 0.47959850663402365, 0.5436032503357603, 0.4895503199290534, 0.5298433181069429, 0.6170214591602091, 0.6263735537841056, 0.6468354884491774, 0.6737680503835618, 0.6920479887893117, 0.7249815175994142, 0.7164792515449717, 0.7469248487863912]}