{"mae": [44.436840033560024, 39.20553679064448, 36.85316535721198, 30.378319248230767, 29.642007183586873, 32.31901199028696, 26.810008594109878, 22.877066142677677, 19.742067301382637, 21.0608894032917, 17.34103814027212, 15.94767867956198, 14.234834095434591, 13.449481197584609, 13.32394606137301, 12.710096674408097, 12.663153731497085, 13.691664247567587, 13.867110487269052, 13.301813029519456, 13.551164535924551], "rmse": [55.197519921533804, 51.43069921555476, 49.844063779263486, 38.45731159911971, 37.26156113226712, 41.14639590371285, 33.65052716361723, 28.373211523828974, 25.28587511549298, 26.445586578424, 22.919020583956115, 21.180424816429063, 18.123039958968903, 16.951380819899807, 16.429915365702076, 15.2095279762629, 15.168874168053938, 16.050345361694955, 16.370513116562826, 17.08290870488089, 15.983820157819487], "r2": [-2.87252080380188, -1.245327599838243, -0.9177350886518578, -0.18766451556960081, 0.04639250062861422, -0.12745474080972008, 0.25144311632519106, 0.351069570791599, 0.4050918972166353, 0.4002141431165743, 0.5145656942566254, 0.5735551699012699, 0.6478795732377428, 0.6806193391925462, 0.6662521837436303, 0.6549480775076848, 0.6588102766151914, 0.6764377715734767, 0.6671132836407341, 0.6266697317866671, 0.676101910448708]}