{"TreeBasedRegressor_Representativity_self": [33.106921099999454, 26.645158800005447, 28.273702200036496, 26.919714400020894, 27.506585100083612, 28.899017599993385, 24.95596559997648, 30.935103600029834, 27.15390620008111, 24.037074699997902, 28.610473999986425, 28.52560449996963, 21.0874913999578, 25.02649920003023, 28.566149099962786, 23.297751100035384, 24.399855399969965, 21.628827800042927, 19.40684529999271, 20.335681699914858], "random_state": 44}