{"TreeBasedRegressor_Representativity_self": [583.8361792670039, 621.1860131430003, 632.4998006109963, 445.40629741300654, 625.6659065989952, 590.013912156006, 426.43832097800623, 601.6956112229964, 313.89099175199226, 563.1816097190022, 408.0666088859871, 185.58558545599226, 278.22924422399956, 270.7162014909991, 254.22340285300743, 203.65178265600116, 167.86254249399644, 130.40952134599502, 105.51844558899757, 74.4116457689961], "random_state": 46}