{"TreeBasedRegressor_Representativity_self": [979.7027434259653, 1156.1666631239932, 496.74225873401156, 591.3738308110042, 1183.497326797049, 537.4099754010094, 469.2479680920369, 700.2364374130266, 668.6808032899862, 885.742340924975, 776.0012007179903, 413.2781693279976, 366.6550601229537, 762.5943918569828, 451.4545687060454, 431.39967098098714, 369.1634125710116, 162.2491365239839, 207.47064713999862, 155.4202703239862], "random_state": 44}