{"TreeBasedRegressor_Representativity_self": [11.120176469965372, 15.64991513203131, 8.916521790029947, 8.461897836008575, 3.5528168940218166, 8.229565977992024, 2.943471389997285, 3.5444526769570075, 2.026362019008957, 2.0890860359650105, 1.6504277169588022, 1.9359481839928776, 1.5853494069888256, 1.4244452970451675, 2.3551175000029616, 1.5926940320059657, 5.0832176100229844, 4.063881410984322, 3.07765610399656, 1.95047257700935], "random_state": 44}