{"TreeBasedRegressor_Representativity_self": [677.5688451350143, 759.0081774579885, 487.52567999699386, 768.8224148410081, 554.7007068349922, 687.1552051369799, 645.8518482380023, 446.50761890001013, 488.4529251240019, 378.1658973369922, 300.45475092399283, 303.11849399702623, 230.5035006160033, 345.28322222601855, 213.62780359797762, 194.34898670599796, 233.3282301290019, 100.30835890301387, 136.0673813240137, 93.91239623699221], "random_state": 32}