{"TreeBasedRegressor_Representativity_self": [10100.950823770021, 9973.679409223027, 9527.174338730052, 3774.6215748450486, 2822.4943656079704, 12747.622101436951, 9288.503532133996, 2325.1298893189523, 1531.6201594290324, 4552.418467284995, 1038.7484100699658, 4453.003082336974, 1201.4983332530828, 226.27948354394175, 2910.3652536780573, 3013.01293489791, 1229.7932107019005, 1004.2708670679713, 715.5450514520053, 713.9269949690206], "random_state": 43}