{"TreeBasedRegressor_Representativity_self": [8774.335128123872, 9029.257772080135, 8858.582522405777, 2572.706011914648, 2611.8405113327317, 1048.2223736620508, 2792.1799528170377, 3141.174017052166, 1593.751324580051, 6838.770002465695, 2561.122054368723, 481.94017597287893, 1876.954482540954, 781.6926258909516, 228.7756941607222, 140.56976633518934, 2642.0959757850505, 544.6546276211739, 2586.4538433155976, 567.6209719409235], "random_state": 41}