{"mae": [0.43350087275393245, 0.4238426500014404, 0.5526553181514668, 0.5881339912858573, 0.8233862988270733, 0.5847828741689283, 0.66751644102215, 0.6731509212630516, 0.674350499276588, 0.6574414332227981, 0.5091881474065597, 0.3276450615784405, 1.3925774057003268, 1.3926206687884937, 1.3946043379186968, 1.38377771459911, 1.384667456351658, 1.3641975906522952, 1.6189668699726802, 1.5653399052317818, 1.3844553125186658], "rmse": [0.9285735096507204, 0.9265178825798948, 1.1956479117477032, 0.9712674036248977, 1.1142837907490966, 1.260428346872098, 1.2059196486801573, 1.2084313796248427, 1.065773581836688, 1.0604618381007116, 0.9014654848890806, 0.5677090306532426, 2.9922889775730845, 2.9829409827457565, 2.976574096342277, 2.960613526117109, 2.9664426507808193, 2.949601603487486, 3.0220729938160766, 3.021002339136538, 2.683873218930848], "r2": [0.23034312303257454, 0.23374700281136995, -0.2760602890059374, 0.15794162076212193, -0.10829710865547626, -0.4180805420661722, -0.29807957697210385, -0.3034925779297122, -0.013898489335510522, -0.003817270613682311, 0.27462467074325303, 0.7123156879542583, -6.992297472469109, -6.942439150050131, -6.908570132536754, -6.823985055134462, -6.854824529071861, -6.765891090637898, -7.152193397818248, -7.146418131684747, -5.42966828622171]}