{"mae": [0.534316380179325, 0.9326807690884372, 0.8785265509533675, 0.9379001518035637, 0.9580587524156825, 0.6114568662535041, 0.9668323997182917, 2.2087843965746328, 2.245337862546061, 1.7297356704329938, 1.618718079275654, 0.6174462068718557, 1.6033637136351309, 1.2507236150052439, 1.0005155415926887, 1.0319629010265532, 1.0373668888068852, 1.6368296602182497, 1.0454299135271683, 1.0197583201737443, 1.0559700686787346], "rmse": [1.2233544817973916, 1.5424850458789385, 1.6549218616476844, 1.664332377059756, 1.6486559391661797, 1.0573264081868035, 1.6623352021600863, 3.8572330637187684, 3.8854346812066285, 3.182575598515202, 3.0743366378158608, 1.310602869955389, 3.065105345045784, 2.7418688687761197, 1.7925221886626286, 1.8141593920574508, 1.8174029797649907, 3.184113484860256, 1.8514826286224608, 1.8436787182675223, 2.0020079731008193], "r2": [-0.3358854171810406, -1.1237651938855944, -1.4446661573102069, -1.4725478093611737, -1.426189043616481, 0.0021098560105896613, -1.466617326171165, -12.280558399787228, -12.475466197858054, -8.041115794934997, -7.4365991669696125, -0.5332282180891397, -7.386010178145575, -5.710547201422502, -1.8680958086522872, -1.9377542100874727, -1.94826859151366, -8.049855614301501, -2.059876214021348, -2.0341361126726314, -2.577636229025793]}