{"TreeBasedRegressor_Representativity_self": [12.726117499987595, 9.200158799998462, 9.544386900000973, 11.221165199996904, 6.783824599988293, 4.758681400009664, 2.9921923000074457, 2.1092196999816224, 1.8993493000161834, 6.46280820001266, 5.972518499998841, 4.766651400015689, 3.971758100000443, 4.667086700006621, 0.9890390999789815, 3.327485899993917, 1.0040379000129178, 1.0245668000134174, 1.4969695000036154, 1.5692227000254206], "random_state": 40}