{"TreeBasedRegressor_Representativity_self": [558.742234461, 661.7453578460004, 648.923241859, 677.2873955159994, 613.8450971810007, 407.1762272809992, 427.58484831199985, 514.7063651730004, 511.6814870529997, 419.9896207869997, 437.54197917499914, 267.2553094249997, 242.61406035500113, 334.74799630800044, 169.17738993700004, 164.3933262649989, 115.99697879999985, 156.1940251619999, 110.10239210100008, 54.85340970300058], "random_state": 43}