{"TreeBasedRegressor_Representativity_self": [69.71570110006724, 42.551704499986954, 45.78573320002761, 42.811446200008504, 45.71803440002259, 43.53055230004247, 47.099046600051224, 44.797173500061035, 40.83965300000273, 43.77936899999622, 49.2559255999513, 47.0938015000429, 41.5805723000085, 43.55088130000513, 33.82495290006045, 36.47968899994157, 37.291612199973315, 35.57233529991936, 36.71806960005779, 33.73901259992272], "random_state": 43}