{"TreeBasedRegressor_Representativity_self": [0.5820155999972485, 0.562095400004182, 0.565508299972862, 0.6301491000049282, 0.6277320999943186, 0.6533675999962725, 0.6510481000004802, 0.651568800007226, 0.6731938000011723, 0.6775984000123572, 0.670531799987657, 0.710108900006162, 0.7120564999931958, 0.7021169000072405, 0.700071500003105, 0.722521699994104, 0.7018048999889288, 0.7259674000088125, 0.7640225999930408, 0.7350716999790166], "random_state": 44}