{"TreeBasedRegressor_Representativity_self": [698.9707483279926, 735.7131013670005, 758.3051299500221, 753.5553468830185, 525.9389920020185, 514.4168139179819, 597.2340620739851, 598.6792489659856, 463.23959709799965, 469.5147136649757, 525.2045850020077, 301.51100428801146, 395.92109343598713, 261.9364403229847, 201.23248965400853, 240.8779666350165, 244.50592116700136, 186.00817076698877, 122.09329858000274, 124.82114138398902], "random_state": 33}