{"TreeBasedRegressor_Representativity_self": [1103.089989459142, 1005.5379937100224, 1089.091790695209, 1112.1960078468546, 1189.842176716309, 535.9036475061439, 527.3254169076681, 494.6859958698042, 515.3162086382508, 504.85293068084866, 528.7155306902714, 424.79130086069927, 385.08438472496346, 431.72239153273404, 361.40430815378204, 195.23571851104498, 278.7284008017741, 269.6192691079341, 179.98322652187198, 189.54663647897542], "random_state": 44}