{"mae": [4.694496823190189, 5.687364209048739, 4.588814001895217, 4.058253686230508, 3.9320190521456833, 4.114985773287322, 3.1400684817978446, 2.824294722199483, 2.861893717834066, 2.519950660802168, 2.722380411073203, 2.0816634284637745, 1.9276084074650637, 1.9197746469038146, 1.983362074563842, 2.068513474006156, 1.279801973051256, 0.7610251464745146, 0.5418061372800916, 0.5225481126476624, 0.4665260918750444], "rmse": [6.062178663762645, 7.163466353851842, 6.207230634593072, 5.605791824666134, 4.765462581987792, 4.927260382279426, 3.7776259282059534, 3.424662645117141, 3.462485003834715, 3.2045726498595135, 3.396973695332488, 2.463806939068525, 2.301296460727969, 2.3667159496326766, 2.4573362330462047, 2.557213555060584, 1.6431710193463833, 0.9664126758851045, 0.6942141589801243, 0.6681178807663616, 0.6090288860399019], "r2": [0.2948811593726207, 0.015419326948908352, 0.2607341916442453, 0.3970534875841837, 0.5642724869060817, 0.5341824120193839, 0.7261941285355555, 0.7749699850333776, 0.7699720240829149, 0.802964219175758, 0.7785940827825851, 0.8835288928574476, 0.898386831253086, 0.892527554596171, 0.8841398665705961, 0.8745303023706879, 0.9481951537611325, 0.9820803265555296, 0.9907531930652983, 0.9914353218871472, 0.9928832675534905]}