{"mae": [68.00311020338631, 65.54367349702811, 52.44004313081069, 49.346095977428796, 47.061741067802906, 49.40328808241995, 48.90730044381026, 61.26637105785118, 61.53703014848553, 61.727806343568055, 44.868815696904996, 62.75500125158638, 40.42424630872487, 28.535828615577273, 23.660104203284863, 20.24324803172455, 19.31511779589463, 20.239020508548546, 20.013388993826087, 19.05149671202832, 19.210265850533748], "rmse": [89.99086713665174, 86.57715865610669, 69.09388737764273, 67.68917290953316, 62.693407282952236, 64.77432820838216, 65.60718850887957, 81.47462901194474, 81.71404854189687, 82.07378099879772, 61.622634512744625, 82.1058425815628, 56.663056971494136, 37.69775232832475, 30.897204153312572, 25.25443209214926, 24.14811853937279, 25.377524668980715, 25.066433155717906, 23.909226623820704, 23.870409151811653], "r2": [-0.08735561009538251, -0.006424924683310795, 0.3590059742673315, 0.3848045124252617, 0.4722618703012601, 0.43664706502608375, 0.4220668839922055, 0.10870902394508153, 0.10346307181731607, 0.09555198814404575, 0.4901349428656795, 0.09484521678828117, 0.5689032703443657, 0.8091880192078034, 0.8718221179555489, 0.9143652686079828, 0.9217036846671368, 0.9135284500529158, 0.9156354864789302, 0.923245157781827, 0.9234941838488147]}