{"mae": [74.78346320561523, 69.56484099242059, 68.46152563047403, 61.63198998602619, 56.75824744731972, 57.233749618791805, 63.46269803181059, 69.3555782240378, 76.0325954902646, 75.87697719682548, 37.70439035288757, 24.167213434379175, 23.970251948543464, 16.917348248435825, 20.696542004141925, 16.85975108591854, 21.046057411738516, 18.566693423941093, 21.970675279741336, 18.54569011204491, 17.1620054245508], "rmse": [90.66434901778744, 89.36986550885727, 85.34825190248816, 76.39698195968576, 71.74622286545745, 72.23822874734779, 81.3848915531447, 83.06951505188506, 92.76795362485743, 92.6259879625178, 49.18940394781637, 33.22355136301155, 31.922765431948545, 22.841464243864355, 28.62313040431882, 22.552122885019806, 28.667044760473107, 24.255475851490587, 30.046896469254378, 24.53265583735253, 22.90407548018163], "r2": [-0.033179840649348646, -0.0038874782290625465, 0.0844288716923356, 0.2664069082631225, 0.35300501714405985, 0.34410094398108415, 0.16748818318840708, 0.13266638471067616, -0.0816799546653717, -0.0783718314326276, 0.695879323062155, 0.861262157780665, 0.871913357455788, 0.9344231260571599, 0.8970237465952794, 0.9360739769480533, 0.8967075264758758, 0.9260526820648963, 0.8865245092608801, 0.9243529561962793, 0.934063124927297]}