{"mae": [60.554569439679234, 53.87501880880178, 66.67447596673577, 60.46255268065937, 61.48278643173473, 61.133940724581926, 31.637686197164413, 31.59889213768742, 29.335302930423403, 29.91475860317124, 28.07786069124402, 65.60683853369335, 25.245528615501897, 25.051549810311535, 21.893187793745284, 22.023984412676608, 20.24548083895515, 24.351553815078102, 23.938473878546105, 23.343615980898633, 22.07447896720583], "rmse": [76.9269675467176, 67.75728327389635, 82.30379847151679, 75.95915717828473, 76.98658219293895, 76.82545953999052, 45.34282924542279, 45.4960685424171, 39.80796723442494, 40.10165210377728, 38.10618609236343, 80.99368445926302, 33.69705917718227, 33.493818836975535, 28.778392975718937, 28.826725991630468, 27.171668083296566, 30.097952283369036, 29.75996103443156, 30.47320728790154, 29.55335136826747], "r2": [0.1151128521901259, 0.31349669742498465, -0.012908976418477547, 0.1372381438624658, 0.11374083204818475, 0.11744659472353203, 0.6925688341963505, 0.6904873521538661, 0.7630423882810212, 0.7595331626266042, 0.7828691014624548, 0.019081392152706877, 0.8302090013246732, 0.8322509785360274, 0.8761592028297341, 0.8757428748157663, 0.8896014769812911, 0.8645420308323848, 0.8675672559007188, 0.8611432509242266, 0.8693997115648902]}