{"mae": [4.518451160952725, 6.242290718898875, 4.021504952462832, 3.9398050238955022, 3.1991674318613286, 3.450695056818921, 3.4422029972535118, 3.462542723853961, 3.28974147112878, 3.1492342753653286, 2.0263945580417455, 1.8722582125560996, 1.7907280364914255, 1.5664845485347418, 0.9554472240790628, 1.5568186525023484, 0.7080607286582102, 0.47878897750244137, 0.4378338367078556, 0.41115997798591036, 0.39546170853369594], "rmse": [5.761273082387403, 8.487270505557971, 5.659364277700193, 5.575844072875855, 3.8943976594490866, 4.136107149579253, 4.12820231473497, 4.11732719380236, 3.9153282776657736, 3.793961642975076, 2.4936530717945495, 2.3230642808519524, 2.23041085639642, 1.9366074038720782, 1.1468988672354063, 1.856370993943612, 0.8957112113949898, 0.595293789308785, 0.5407856156563349, 0.5088278721096086, 0.4867497302459824], "r2": [0.24849011588805248, -0.6309245235482059, 0.2748412811051758, 0.29608695230424953, 0.6566173358712488, 0.6126698208294028, 0.6141489194999095, 0.6161791737111894, 0.6529163653625869, 0.6741005358458312, 0.8592106384854783, 0.8778143428003904, 0.8873665166869543, 0.9150856771921215, 0.970218400273142, 0.9219761596670645, 0.9818350672188277, 0.9919765624275195, 0.9933786272480292, 0.9941380844149661, 0.9946357474822456]}