{"mae": [22.904482456711598, 19.354799719866424, 27.81011199272247, 13.72067944773464, 11.040182326929498, 16.777881320182146, 11.814499174099304, 16.27200758709732, 16.59903139426797, 13.790195391537754, 13.181901968085892, 13.234571750519704, 8.309482329464423, 8.19442982061182, 7.637202300580123, 8.132351751676401, 7.569422827643309, 7.308302933803378, 6.993612936557565, 6.794595665610554, 6.501107599605797], "rmse": [29.310951367071073, 25.337406230909693, 33.822198188643455, 17.192082657052218, 14.582193561084098, 21.076390732227548, 15.538765003840293, 20.322294440488786, 20.633459123045125, 16.67694380667419, 15.839153977625978, 16.669520570980982, 10.441101206297587, 10.447231086139702, 9.589213937363079, 9.748110751040072, 9.377671161111147, 8.574723003369582, 8.250857646795081, 7.973922594535979, 7.758790373030976], "r2": [-0.7156374519082405, -0.28200582170740307, -1.2843852565008653, 0.4097681114867099, 0.5753692842094109, 0.11292943005215506, 0.517831664890668, 0.1752711875830133, 0.14982217667310227, 0.44460927953420437, 0.4990093162714929, 0.4451036001601869, 0.7823000650376677, 0.782044370519291, 0.8163750441782056, 0.8102391584016475, 0.8243873939792881, 0.8531730127585443, 0.8640548003329084, 0.8730274857245471, 0.8797863662502188]}