{"mae": [34.676083434222555, 18.804217586339465, 22.492908483823363, 22.894501901154143, 23.132575784090967, 20.047604055202427, 15.013908054819076, 9.760934504841337, 9.831484756453678, 10.01711931615238, 9.775107156646335, 9.945197695084898, 8.191727223696487, 9.05981373711079, 11.537543616671996, 11.592333308996958, 10.444957396394997, 10.553494231022011, 10.83063118181313, 10.622414247296483, 11.335982284436845], "rmse": [43.97303970144478, 23.827045335757052, 29.32972929730344, 29.636369681909258, 29.13156196644644, 24.876069016611652, 19.406757159770144, 12.327382653980802, 12.451799916106106, 12.210924026286424, 11.848145300455249, 12.343920051152873, 10.367139821953481, 11.407935016283362, 13.79241714641154, 13.713751919529578, 12.618010333143209, 12.493991479111223, 12.809295576560734, 12.67520885343226, 13.282384299578334], "r2": [-2.106474725237785, 0.0879151732201594, -0.3820092756329112, -0.411057968630131, -0.3633971784249399, 0.0058352627305572335, 0.39493672791858114, 0.75586131394122, 0.7509083808132873, 0.7604523542610381, 0.7744745325046142, 0.7552058420274872, 0.8273316414343082, 0.7909217165258096, 0.6943843314980553, 0.6978605555192184, 0.7442140967877526, 0.7492174814940562, 0.7364000381740845, 0.7418898419152606, 0.7165692723534258]}