{"mae": [22.752426805267813, 24.69463705642254, 23.372775983622805, 23.108549847338438, 22.768432587582566, 22.42857020460106, 27.129750488818114, 28.870279101524066, 27.352184556212155, 21.254770502221046, 22.200521715121475, 20.455224727957834, 10.41658915490806, 9.773079058759789, 8.888119338171094, 9.286388535902436, 6.908711488988348, 7.351217227020555, 7.731804168619583, 6.870398752816815, 7.026561165594658], "rmse": [28.618102082599464, 32.446165507187075, 30.823992036374758, 31.30857980040318, 31.332300936906442, 30.809092744459793, 34.79060271536666, 36.84587892724786, 34.927352090946926, 28.083411375682154, 29.87054859337982, 26.825431592399017, 13.404569200556884, 12.270162165816053, 10.826916812392465, 10.818880186840378, 8.420308479744676, 8.773558082286034, 9.022487002121439, 8.023378809809882, 8.154140935725549], "r2": [-0.011525446518350302, -0.3002351846432907, -0.17347251816381326, -0.2106591573649046, -0.21249437892895306, -0.17233835721466262, -0.4949238157928475, -0.6767680766798174, -0.5066989304876746, 0.025919433443727824, -0.10199989515823171, 0.1112316271966407, 0.7780777342457526, 0.8140501807083762, 0.855221272403593, 0.8554361259223117, 0.9124308447729643, 0.9049293054629445, 0.899457961633305, 0.9204921975659205, 0.9178795004440615]}