{"mae": [102.77780360408853, 59.69329496570217, 60.54547758936488, 52.309606097993, 51.515406169113376, 49.369027856914215, 46.20166796925032, 35.723166129369126, 43.01312904475699, 29.93857579258089, 29.306442527628455, 29.9689115357017, 25.610675509598913, 45.16976929202132, 22.081658138027628, 21.769285301406484, 20.32300185687783, 20.131118763319563, 20.644996264861806, 19.128054738802792, 18.842951872700752], "rmse": [130.884511976353, 77.24029888533582, 78.41570701550128, 63.85864394863149, 63.59041387016981, 62.34391643480732, 58.934962886884456, 47.321311370724075, 54.45523365502718, 39.77466520194176, 39.06442899370965, 40.03621582150495, 34.3002541611396, 60.305900820414344, 28.82577712318122, 28.369752807217214, 25.529635711646606, 25.238936131497223, 26.632358768229427, 25.303009893289964, 25.04342810502132], "r2": [-0.8612973864565088, 0.35177296050475804, 0.33189399297959965, 0.5569235825949219, 0.560637937152505, 0.5776938425242799, 0.6226144385562662, 0.7566940138593341, 0.6778052175950922, 0.828109325024682, 0.8341932477120726, 0.8258412516016274, 0.8721696647858481, 0.6048528355799567, 0.9097179731862396, 0.9125519046323992, 0.9291844737069909, 0.9307880092940585, 0.9229347632754245, 0.9304361480503319, 0.9318561280297608]}