{"mae": [30.105640343711556, 19.56761836600029, 21.67683775451053, 16.604360289726518, 14.73836519562914, 12.981217994307206, 9.151751937753483, 8.652147441605631, 9.693564227851764, 10.46335106117378, 10.577542904710786, 9.599191249631476, 8.00170783030778, 7.624360277485261, 7.255485589101363, 6.706982208498159, 6.431126380122411, 6.21964830921836, 5.697681285673975, 6.267229336000348, 6.213783020921317], "rmse": [36.95112419238073, 26.342954899472684, 29.649338882703553, 23.91982991004953, 22.179046866610136, 17.108262366537108, 11.323803252197383, 10.40737367301429, 11.512872016927737, 12.538337557945724, 12.365490919771458, 11.206132589379871, 9.58857435608006, 9.063612575511387, 8.730748683696403, 7.907527625074001, 7.587396535751228, 7.306831765022107, 6.922826870983084, 7.663558279995324, 7.873744519325067], "r2": [-1.5475907622786083, -0.29480190741273415, -0.6402286057048769, -0.06755566158260184, 0.08217451791084696, 0.45388241948779684, 0.7607461231037174, 0.7979044969442732, 0.752689982877522, 0.7066714946149375, 0.7147030823416429, 0.7656926743026977, 0.8284532737051142, 0.8467229898245917, 0.8577745462085394, 0.8833309156460928, 0.8925862403822343, 0.9003832038255015, 0.9105786349440879, 0.8904189940839082, 0.8843256701992638]}