{"mae": [66.68664803856205, 76.9335949744841, 49.02723427748201, 68.46237645173193, 60.97055310702437, 43.176601285426344, 51.51890664480441, 58.67041499834582, 56.48758175356745, 60.9822580533256, 61.28533217429936, 46.69843008330909, 64.14191647386801, 62.91179243752425, 59.683996228443306, 59.580151931917726, 60.63933071804358, 65.72680677919362, 66.23294460016002, 62.625621664550046, 62.7476505684302], "rmse": [80.36029144101778, 93.25202784509584, 61.754808459443666, 85.14944592406366, 76.2722047304678, 58.92265902847594, 68.70832003675936, 74.68945798110288, 72.65808203800357, 77.18883428187111, 77.7504343342762, 61.905295631750256, 80.19334542687682, 78.54258181377689, 75.34254243388494, 74.97308249763346, 76.11754423674638, 82.2044224279968, 82.75944090861333, 78.4444571579698, 78.81754360778974], "r2": [0.11302790953878372, -0.19438273681747043, 0.47619636695729484, 0.004157628498895782, 0.2009765066283864, 0.5231392004052193, 0.35159611544191727, 0.23379397301219207, 0.2749051719907054, 0.1816559810248185, 0.1697046688800662, 0.4736403952762034, 0.11670939551604376, 0.15269982828319761, 0.2203359832603098, 0.22796376795518247, 0.2042136511895657, 0.07185182967551829, 0.05927638904080379, 0.15481560041601106, 0.14675698888254007]}