{"mae": [35.979276285322555, 27.32015350251565, 23.957890635127587, 28.03456991054469, 23.00422730910577, 19.049736147835358, 17.91372957370267, 18.151198638334467, 16.86115448449857, 17.574867429071617, 17.487451386748837, 16.854996240362897, 17.547868959393778, 15.14468508315084, 14.738034774360294, 12.304070569815403, 12.6192220884148, 12.5802353940523, 12.002423313176548, 11.712044479544007, 11.6214139534052], "rmse": [45.17716226543326, 34.82734446700494, 29.719744000710033, 34.79908448407449, 28.898115489185145, 24.43251327229333, 22.653656281843286, 22.733741823334103, 22.068443290496656, 21.966966615350838, 21.67331476978561, 20.52495079514967, 21.24860714854904, 18.88410422433343, 18.029647141446944, 15.289853791183665, 15.577525782085692, 15.33890714358271, 14.720732983666394, 14.334364816216024, 14.095118670971551], "r2": [-1.5736520669939675, -0.1374126485782734, 0.08988956800420445, -0.09150327039967983, 0.24640409219059797, 0.2481886330078044, 0.30760730195503105, 0.34873213848633683, 0.4854150357033074, 0.409250817215941, 0.42248395975670944, 0.5152982129149035, 0.46336807325942325, 0.5450426190402545, 0.5872102446932017, 0.7333751433674984, 0.7270532769934643, 0.7431406796965261, 0.7718562553226639, 0.7751419433498614, 0.7923668552386434]}