{"mae": [63.24507207770875, 68.79147438213094, 63.755566797933845, 56.76086252636326, 58.77862235467974, 60.84837346672536, 58.9248531509054, 60.301969280105105, 28.365326529188795, 29.82229421820359, 25.79872315079537, 23.493137681146845, 22.756577066947262, 22.074787247509533, 20.214149408786582, 21.223880493903447, 20.837519075035967, 20.56816488680789, 18.8109901600387, 18.83295029786885, 18.23801588811434], "rmse": [80.06415080632951, 87.54554340570657, 84.31829156081321, 74.5310000790188, 76.46192922587919, 79.23029588267492, 77.45093513603297, 77.18667885785095, 43.17255977818414, 44.51909028874594, 37.50491036608486, 32.28341808751185, 30.813857432547586, 29.80921472084311, 26.72265409579506, 27.082476161072663, 26.88780012207162, 26.212581934496516, 24.816316495406564, 24.927804738998518, 24.481784431879703], "r2": [0.005515056519203809, -0.1890225589993848, -0.10297483945889652, 0.13822100100088508, 0.09298908780793014, 0.026121979223589498, 0.0693736600614897, 0.07571326891108565, 0.7108404049242723, 0.6925216290412981, 0.7817781302101686, 0.8383107934401892, 0.8526961334759715, 0.862144823199922, 0.8892149420804476, 0.8862114016111025, 0.8878414074173866, 0.8934038275284533, 0.9044574897803861, 0.903597104750053, 0.9070160164476186]}