{"mae": [37.51958461837352, 28.230904710813746, 30.282743649952796, 23.710608828432054, 21.728449757155122, 22.17381377884843, 17.19267138136567, 17.033048381259245, 15.981401597566576, 15.584736823236236, 15.482080025000258, 14.296200585564621, 14.180312594345294, 14.285796430375816, 14.330617399988606, 14.277058614300211, 13.977163580787996, 13.590016867005593, 14.015022757064164, 14.021015971254899, 13.796584087111944], "rmse": [47.126419218337844, 35.40739654261358, 38.203997481088734, 29.409089318118088, 26.75892524365084, 27.58202969641137, 21.47769794122915, 20.95215935585583, 19.5912604470937, 19.192832549290603, 19.033782403068496, 17.434658952075853, 16.97096759616883, 17.192862585547044, 17.076421642969095, 16.987512659929322, 17.15461544293726, 16.73450788435214, 16.86484179166128, 16.7316763980432, 16.479071465285145], "r2": [-1.2933978845478478, -0.34727030283268495, -0.6007259879219481, 0.11888131926502639, 0.11749147038163306, 0.014717052642576056, 0.4011797375358122, 0.44639169048134714, 0.5662636496705283, 0.5981815283235921, 0.6074786421467381, 0.7147768009351744, 0.7394319726311274, 0.7317880800965059, 0.7455246888327091, 0.7668362305066605, 0.7533523441744451, 0.7663280180067757, 0.7961689966138218, 0.8023114121313218, 0.8047321205163435]}