{"mae": [55.24718685051574, 15.196059807294592, 14.980019871262021, 16.936609163518813, 12.004049925081949, 11.4926079149268, 13.434037463063303, 13.214747799646453, 12.440349814379683, 11.001954468876844, 11.053320969585366, 11.24016887294385, 10.920225247935603, 10.739256014214803, 12.739712669481046, 12.140375340838832, 12.137062929786275, 12.03223442279296, 12.952831304704405, 13.598142478461154, 13.225716833216616], "rmse": [63.464743574052804, 18.395736802186995, 19.256248606737753, 21.146958511777548, 14.280892597925137, 14.615159977370011, 16.47075312636837, 16.064054624865634, 14.486747162645589, 12.900088230603414, 13.32868746195225, 13.469508155990933, 12.901256299499302, 12.683966167350114, 15.007329597570456, 14.455855461727483, 14.45226297745096, 14.118474114881078, 15.111803698285044, 15.787704257257282, 15.258271805547865], "r2": [-6.82883497912808, 0.3422415226786719, 0.2792652730865892, 0.13078361154025486, 0.6035916577122036, 0.5848173213258759, 0.47269851416876196, 0.4984174441799385, 0.5920810881723686, 0.6765423396135475, 0.6546918342218642, 0.6473567667516984, 0.676483760488999, 0.6872896688739075, 0.5622371318202298, 0.5938189349499607, 0.5940207933287587, 0.6125571921933094, 0.5561209105100168, 0.515526480396858, 0.5474747952530453]}