{"mae": [31.82700161001563, 27.403241913277412, 27.754720368504305, 23.74813386434707, 34.952468737739494, 22.618959225813157, 24.36462624980031, 24.733635439131856, 18.300914268270557, 18.154613676273687, 17.6010313837138, 17.123376552839826, 13.985005328192413, 13.659237887101947, 13.375177046039353, 13.243657911636989, 13.245812898270236, 12.743273848327973, 12.117962711113693, 11.93696634778177, 11.693282361408784], "rmse": [41.85767573946233, 36.16196861282281, 35.93009991132376, 31.052387049185665, 42.79965977675885, 28.425459264256414, 30.57408777470828, 31.614050989537315, 22.67694299692029, 22.737741277308732, 21.876068029855904, 21.339233345438462, 16.80581738253976, 16.513186467585395, 16.48825440288958, 16.3404320349189, 16.46803878090977, 15.825952077682217, 15.323386794432908, 15.12611726920256, 14.681563054037818], "r2": [-0.46562023105046885, -0.35489443510298696, 0.03883254335052, 0.05619635058824205, -1.3551192063329396, 0.19917702912247923, 0.1225205772978883, 0.014597548681505609, 0.43962705339108443, 0.5216803476027106, 0.582310558516137, 0.6268263873216053, 0.6462143467163991, 0.675752801337547, 0.6898706087153895, 0.6966076096841481, 0.6962904629473025, 0.7585801430642608, 0.7892786828027489, 0.7944102210222037, 0.804348932423637]}