{"mae": [17.380870209642193, 16.852778741639103, 15.281023380364285, 19.098135226079243, 14.963060173605191, 15.43199726601202, 15.481571179373397, 12.612271627353499, 12.892192640862536, 10.697861879121557, 10.314430839660504, 9.98554083109125, 9.995415318879076, 8.795149159723664, 7.142261120023724, 6.780416665928251, 6.126215958647916, 5.994239674247961, 6.009030943669552, 6.470820354792162, 6.498685904524158], "rmse": [24.252314048232904, 23.265422435327913, 20.945987055720778, 25.397368693227914, 19.068942835937005, 18.881396767422697, 19.09694221484862, 15.411312092534038, 16.023677764257037, 14.002854947160227, 13.473538732360296, 12.968520680532022, 12.588290786654003, 11.044412845509711, 8.483890567412754, 8.076649197542313, 7.8254303778066046, 7.609179957714036, 7.6330414082121045, 8.019583696910168, 7.714555768004069], "r2": [-0.018242069552275586, 0.0629418233257778, 0.24046755355379668, -0.11666297591345054, 0.3704968563311094, 0.3828184902264341, 0.3686468704864908, 0.5888276516494799, 0.555502753483986, 0.6605484080829785, 0.6857263135158551, 0.7088441319515554, 0.7256669054296365, 0.7888311112999301, 0.8753951962449794, 0.8870705768515413, 0.893986509621968, 0.8997647725426574, 0.8991351362190406, 0.8886607431628807, 0.8969693320595871]}