{"mae": [4.809794377114428, 4.4229229933360275, 5.33664725882158, 4.229508215939369, 5.096260309331228, 4.789143324290626, 4.3485833498479005, 4.709736354983256, 4.660857809583531, 4.4631693733722315, 4.410155054403645, 1.1015640464114704, 1.2610568539566183, 1.1281715900454328, 0.9507048295627064, 0.7901366553408793, 0.6320544574445818, 0.4909430803495746, 0.3999619719640756, 0.3357421880023315, 0.3160540555421543], "rmse": [5.685086113573652, 5.4910821890932295, 6.5330224276366184, 5.4673238619033135, 6.095784662705605, 5.706826111176211, 5.446614251867863, 5.869594561815662, 5.752618684141463, 5.509537924959257, 5.325082497263448, 1.452617935242818, 1.6462160124211571, 1.4759633218467403, 1.2325833444091894, 0.9857951364695373, 0.8113130144984764, 0.6464476265462856, 0.48411838452943357, 0.40064686115590076, 0.3840213489213247], "r2": [0.3229427582577501, 0.36836355428751044, 0.10591338983073972, 0.3738175468373075, 0.2215862002961495, 0.3177546692940213, 0.3785523802176769, 0.27828206122898824, 0.3067618290739166, 0.36411051077320533, 0.40597602527097154, 0.9557967606694073, 0.9432292102193625, 0.9543645409743147, 0.9681738663243951, 0.9796424910177365, 0.9862111458454845, 0.9912457693831441, 0.9950903057935181, 0.9966374033033923, 0.9969106861580647]}