{"mae": [32.49786210027599, 27.04441635989906, 31.508691186328118, 29.077184688147582, 25.811272809342686, 26.409872850055848, 22.42082923130515, 19.4047284229063, 18.81302045115339, 18.484394462674278, 18.297313600403825, 17.47172307063832, 17.157804339653115, 16.904339632919847, 15.991184603733585, 16.14811473663479, 17.439105621542435, 16.871575792507045, 17.04409094539305, 16.46554222079263, 16.60145756677866], "rmse": [39.65484669648013, 33.82622999878513, 38.32312814626325, 34.83401690163553, 31.9898743407547, 32.443534573555034, 27.36856187790343, 23.601982353388298, 22.888508476733094, 21.69805712893601, 21.604539838785982, 20.47521018960189, 19.93719509193659, 19.82818946557129, 18.94350570371909, 19.077620597009638, 20.65953486980262, 19.932074644816215, 20.10748546892958, 19.652106043156675, 19.679629609255176], "r2": [-0.2853950138991502, -0.027155727660716056, -0.5590587606118512, -0.10171408587753532, -0.12529783596385366, -0.112035781065559, 0.3766617747209405, 0.4565017568344105, 0.456163820417669, 0.5394660284854433, 0.5384976690809795, 0.5680465071863094, 0.5866123084722358, 0.5747741002465997, 0.5937612920239381, 0.5893496427963736, 0.5570859034792636, 0.5961823006606823, 0.5742348833032135, 0.6308229608802209, 0.6379601884869499]}