{"mae": [5.391819968347221, 4.416201478972762, 5.67903481867934, 5.202815421529238, 5.124887182895633, 5.050295491551762, 3.015504819906377, 3.1575206572096546, 2.840009208853533, 2.46021909103863, 2.112627958326143, 1.609779332665542, 1.5692068484216182, 1.0716282264720698, 1.0319580447252583, 1.0626803992761358, 1.0151471299147858, 1.0130749605101343, 1.0156655246434203, 0.967449216251178, 0.977396048942831], "rmse": [7.2290847823946836, 5.882129576986533, 7.521620044246096, 7.019068251867753, 6.9240445403028135, 6.802054433852649, 3.9388659305903095, 4.108024910366298, 3.76936219704396, 3.28152310275195, 2.9388253159426005, 2.133487221648268, 2.0829254054753323, 1.3387580134126127, 1.2950178282649216, 1.3347847817233354, 1.2579022329416336, 1.2786507604576745, 1.2636683695360047, 1.1832640018928167, 1.1845450398021635], "r2": [-0.3432404912329863, 0.11068357557814801, -0.4541523883888259, -0.2663275907778029, -0.23227274884467386, -0.18923407558922078, 0.6012235195387945, 0.5662362294596184, 0.6348066337469671, 0.723217854893828, 0.7780093497962485, 0.883005019161945, 0.888484670289521, 0.953932854195422, 0.9568939098167133, 0.9542058890993124, 0.959329368607889, 0.9579766160630093, 0.95895565131229, 0.9640126023145399, 0.9639346380125449]}