{"mae": [63.37999272775563, 44.44172808140478, 42.55155400261938, 59.68514010660351, 43.78639617798736, 70.59879367753842, 59.63359672484696, 59.19034043771326, 56.39459753682948, 53.54173879023119, 30.2013236967841, 35.215755410441965, 32.896297508035694, 30.965932343712293, 30.446224518190867, 30.483965522437842, 27.727942703788166, 26.689331383287403, 25.198301270885267, 25.175215690185997, 23.2531323528608], "rmse": [83.31821753290943, 55.776622991903686, 54.405706091838006, 78.03637779113244, 55.42172616009004, 90.24183681206613, 76.98425646229282, 76.41425307820987, 73.09812898846819, 69.70736748159186, 41.5073597061675, 45.75139592740019, 43.03771152290846, 39.529542191775015, 38.708170330690095, 38.54249163226676, 35.094043373038645, 33.72971482198243, 32.34434957162159, 32.508790620867956, 29.184223612451625], "r2": [0.11259464999502455, 0.6023082931864036, 0.6216175331961897, 0.22153999048323492, 0.6073530770496177, -0.041017319746320835, 0.24238957650643322, 0.25356697349419, 0.316946652660542, 0.37884574342631794, 0.7797619671009863, 0.7324217550183132, 0.7632224936277042, 0.8002505136017642, 0.8084653338869183, 0.8101014381856944, 0.8425622338370539, 0.854565500480911, 0.8662668893986807, 0.8649036147748584, 0.8911224372287889]}