{"mae": [67.12213076954262, 71.72026881444498, 71.72026908913207, 71.7202573462713, 76.19890962025275, 74.23684633107419, 45.84342118825961, 47.209513171422905, 71.98292513942668, 47.49390993132102, 49.84040842103422, 43.01773095119583, 31.93639678798158, 24.45177671290344, 22.725739764543412, 22.436905110291345, 32.17037889708724, 29.86451430681889, 29.893572490543846, 27.157443473323966, 23.06938321293047], "rmse": [83.10683527578057, 95.24287803871648, 95.24287816521543, 95.24287787591996, 100.6214082364086, 98.34826257352742, 63.77082645861508, 64.91584103469953, 92.94803443540935, 61.40674113613905, 63.84690798494269, 54.96684107981739, 43.00962935602742, 30.956425640002045, 29.13445735478259, 28.902756092352497, 39.6961348439748, 37.677033320893166, 37.588715329419415, 34.30124740211464, 30.095047021110947], "r2": [0.22945835693276817, -0.012016623242846247, -0.012016625931110969, -0.012016619783211668, -0.12954466257644381, -0.07908587942414269, 0.5463021552007845, 0.5298634655978811, 0.036164216670053206, 0.5793172296042683, 0.54521894467219, 0.6629268315525229, 0.7936264545374869, 0.8930885439622265, 0.905302940752663, 0.9068031698272938, 0.8241999194165184, 0.841628866924661, 0.8423704660262783, 0.8687369614656588, 0.8989555003144356]}