{"mae": [26.220970828849886, 20.06985472126917, 20.215811830467835, 15.299048892814461, 24.1604574517608, 18.33481023080994, 19.71158688489996, 18.107550614256038, 19.304601231668766, 22.48527641011904, 21.193648202020913, 17.490859824636686, 13.911372483422829, 14.776218667791879, 11.118236164972227, 10.329014270599721, 10.832245199265792, 10.475258443977015, 10.28905599473664, 9.48838050575602, 7.55199037316683], "rmse": [33.09443829852366, 24.927594127389334, 25.080669328110602, 19.315726010171254, 28.824997221956686, 22.873321580970064, 24.472601250466802, 22.710847474034548, 23.917253042481235, 26.85306467547936, 25.26876563477127, 21.164853179513564, 16.467895098027437, 17.255781470347962, 13.428575437825232, 12.084699659003896, 12.307721112335335, 11.946368385346245, 11.740776034105371, 10.801516870656476, 8.912659804097341], "r2": [-0.3881512912453078, 0.21243301449366003, 0.20273074386981882, 0.5271222874953911, -0.053089592995493984, 0.33689050827320144, 0.24092088830583158, 0.34627746841346485, 0.27498103090842885, 0.08606672762634204, 0.190727416747017, 0.43224980381914957, 0.6562814615788202, 0.6226050912273258, 0.7714471405250435, 0.8149033769558749, 0.8080084714696207, 0.8191166559829404, 0.8252889475625587, 0.8521244852856009, 0.8993204113693446]}