{"mae": [54.49380355842087, 39.88904910846825, 40.70371216071097, 22.818872006993818, 22.097837052185586, 21.178966103293792, 19.53053265970524, 19.123658956660222, 15.298781286887055, 15.047905204533839, 15.836198063968164, 16.740769096880335, 15.697556313771726, 15.92923852555952, 17.866960753560452, 18.250574098455914, 18.324267304662854, 18.001450763817797, 17.902478169983723, 18.238574223187936, 18.729901724502753], "rmse": [67.92510624112214, 53.09640066422423, 51.281288095591755, 30.220631153230645, 29.7908225626709, 28.114808192097787, 25.1025601057719, 24.895432954563688, 18.689237328890048, 18.477921423558545, 18.914958699997687, 20.390150138301976, 19.118911854534065, 19.111252045730108, 20.814071762763145, 21.60123631073573, 21.695641044067557, 21.453061356455837, 21.31771016816307, 21.86067108670841, 22.11536660982046], "r2": [-3.804783582368486, -1.341443027614357, -1.6352544771509638, 0.058835462842860266, 0.3054925348928466, -0.050908289545880815, 0.4166819894172547, 0.36911070048263556, 0.47086825321530457, 0.48666475430685496, 0.49753515691131667, 0.4327169370089419, 0.506668554730824, 0.480972354286301, 0.31367068225097633, 0.3728450424291327, 0.3716345781304318, 0.3431403148692997, 0.3444283730886812, 0.2984432365136488, 0.4155027113667398]}