{"mae": [19.964638152153633, 18.090641203222265, 18.75173127864822, 18.534931441380664, 23.66097944941769, 25.563834465416168, 18.03769917226344, 16.71761341537162, 12.255695783854305, 11.389896811895428, 7.188280378335025, 7.161028081403939, 7.244773812479735, 7.075807789411806, 7.0281857941236145, 7.140223217247491, 6.055631407767627, 6.284747404114654, 7.743766612901924, 8.570092467856277, 7.656542361724979], "rmse": [28.156799115332184, 26.558221008126736, 26.552388062411282, 26.11436192994902, 33.09690172525591, 33.32981088342916, 21.904120968558956, 20.37458839115013, 15.028047927772903, 13.734678407354629, 8.731583702286814, 8.832250875499327, 9.022353476227389, 8.770002336907506, 8.73890289363987, 8.920933706582797, 7.479231338978115, 7.732090515567823, 9.111396873003446, 10.077050856149683, 9.100086793503696], "r2": [-0.20855812467356039, -0.07522397309969686, -0.0747517250270453, -0.03958454715835069, -0.6698430692765338, -0.6934277664017283, 0.26860390704244175, 0.3671822310422256, 0.6557244978074668, 0.7124337145412414, 0.8837783543159888, 0.881083047626146, 0.8759088946247362, 0.8827533627045971, 0.883583428625914, 0.8786830169372698, 0.914726338619271, 0.9088629773688254, 0.8734474485322757, 0.8452010971632719, 0.8737614357466363]}