{"mae": [29.867594206112845, 30.032177749366728, 34.61708359925715, 26.738828306782562, 23.800001265828588, 23.421527509924342, 22.432554319903463, 27.06403787759092, 25.731606338328167, 21.44551852847627, 27.62524787436162, 24.869730888108407, 14.345115099830585, 15.894563508176914, 15.696937421516752, 15.228059166329636, 13.821458541690655, 13.575288991355174, 13.659054874293526, 13.546316728713064, 13.541725156858547], "rmse": [37.08753280748875, 37.631464726886016, 43.613677091665444, 33.490900793470836, 30.374443860360955, 30.8695258078627, 29.81325675535678, 35.6796623489991, 33.74518256708375, 28.11335815373377, 36.915916502771296, 33.61053387575526, 18.218004947411046, 19.990119278551635, 19.795375623969978, 18.977073912075415, 17.102778796850995, 16.81119442550938, 16.73497198020662, 16.580565248824545, 16.528461171646438], "r2": [-0.24764703277841293, -0.33004119915359226, -0.4710175672156272, -0.0687047122669507, 0.26010850137429387, 0.1901398534124761, 0.16352973011830127, -0.033726798447950936, -0.032324801734730624, 0.22100540694135853, 0.0547382466342284, 0.3274004417450072, 0.7649440449042283, 0.7109434299470095, 0.7162435369919103, 0.7531789920675753, 0.8193269824326901, 0.8198896671975232, 0.8106275634196303, 0.8080172489536905, 0.8050425793696308]}