{"mae": [6.544932283922833, 6.19862527837299, 11.11379331482425, 3.35274166334419, 5.925955419944298, 5.681825911794676, 3.8153818504884383, 3.7896691219452414, 2.8886566962265605, 1.6999255203044308, 1.7180341571042763, 1.6603595730969927, 1.5561833292948768, 1.0943542875780057, 1.1018890744723648, 0.9627140469711051, 0.8256261067098885, 0.7506144175265282, 0.6340097321202289, 0.5308329460422673, 0.4795302998213751], "rmse": [8.654494154021313, 8.383841784435045, 13.685357672830746, 4.386652973060866, 7.378835494687436, 7.139026103142075, 4.768527665416927, 4.761865580978354, 3.515260205542132, 2.1632858594768565, 2.14492272478565, 2.010560621652387, 1.9029988898970338, 1.3242427117392381, 1.349627468016405, 1.2052826262731584, 1.0442431704473036, 0.9185692592283721, 0.7589001094712566, 0.6304202669527678, 0.5715133222432213], "r2": [-0.44218630837977657, -0.35339366178945397, -2.6062040363373087, 0.629486063565886, -0.048367735830729286, 0.018668069238526597, 0.5621689035254701, 0.5633914318901676, 0.7620679502915266, 0.9098914889747142, 0.9114147752595525, 0.9221654650287439, 0.9302707393586178, 0.9662345009320059, 0.9649275740041188, 0.9720284982786014, 0.9790037721264906, 0.9837534255551814, 0.9889106211327796, 0.9923475883626585, 0.9937108680396941]}