{"mae": [7.224246404742805, 6.416476012348289, 5.693808065374521, 5.3206003113420595, 5.377453981719229, 4.9178339414805405, 4.960014845007865, 3.547818836396823, 3.63933803176992, 2.261661640845163, 1.872988868552029, 1.7364612962000427, 1.8286436678853333, 1.4796807440481574, 1.1542793037982624, 0.5145382902448046, 0.46751555617575385, 0.478925708518327, 0.43915339559435723, 0.39028409919324986, 0.3753248090788478], "rmse": [8.752296815173613, 7.663548088381199, 7.3725750229435665, 6.971578046695422, 7.0298502404075425, 6.0724224245271445, 6.168238161029259, 4.315275938001583, 4.457560840127681, 2.7851756672141614, 2.282731378798919, 2.117593508651503, 2.349950168131114, 2.0929370702148193, 1.6770523357308276, 0.6578444831956606, 0.6072794958067838, 0.6040157422742087, 0.554739992566632, 0.4996544963357576, 0.4791807090111126], "r2": [-1.0589316476804789, -0.5785474035487248, -0.4609530370773982, -0.3063514801476481, -0.3282811231909293, 0.008890120766851695, -0.02263375101312448, 0.4994874198842906, 0.4659370955359474, 0.7915014500312522, 0.8599421446556996, 0.8794733603478878, 0.8515722308007982, 0.8822637511013344, 0.9244053455723183, 0.9883682695798459, 0.9900876851098008, 0.9901939439861722, 0.9917286422136026, 0.993289769259406, 0.9938284179681434]}