{"mae": [17.180747756359928, 20.4796953367856, 25.403362351033156, 22.427048111677067, 16.25321206583797, 15.846278717630954, 11.783958737023713, 11.113480987661788, 11.614734133432812, 11.34586846073611, 12.40474566813192, 12.033141827824895, 11.36171675075605, 9.350581421372846, 9.333917110899488, 9.510367551611148, 9.380997647100493, 9.392430052914493, 9.195143589220445, 8.233573929317018, 6.284432482486864], "rmse": [21.853851248412777, 27.572360692089596, 30.527205641045445, 27.054082291552717, 19.826664188923004, 19.61500331347258, 13.711882560363897, 13.375668603811633, 13.74276323257003, 13.57859107291527, 14.53356726342227, 14.034106707749118, 13.289027725889795, 10.772415865950272, 10.841732869061257, 10.985305557112401, 10.902214610427565, 11.14344884582971, 10.915555241536273, 9.868500696047048, 7.581590218128275], "r2": [0.08139532304059527, -0.4622464956407508, -0.7924489329148048, -0.40779137569629187, 0.24391262103040112, 0.2599697739223201, 0.6383679970229337, 0.6558849340627311, 0.6367372924939743, 0.6453645829854122, 0.5937277710469826, 0.6211718565524109, 0.6603285055695698, 0.7767975750225017, 0.773915862853074, 0.7678883335344945, 0.771386358890858, 0.7611573206518665, 0.770826524700249, 0.8126839292928446, 0.8894412037548476]}