{"mae": [72.12627009815441, 63.76108350472416, 65.26360970998024, 59.295043802587806, 58.36720827224366, 58.701521716934465, 56.71854435265289, 56.93763238676122, 52.89126488490405, 69.1586607427734, 48.46006244678981, 40.938857115851754, 32.527803279775, 36.0366262003903, 30.283062231040248, 25.909479722050328, 24.5636307973195, 67.69751920185595, 21.487996664624426, 68.8844571111665, 17.92928471819964], "rmse": [92.73191784927161, 83.39511389471186, 86.38249353279481, 76.27550574518031, 74.8421282141886, 75.1610137082128, 71.55891016554119, 71.77340743907236, 67.2085073866584, 84.73731324305506, 62.3453265232909, 55.68143537438131, 42.73320485616675, 46.8448961082063, 38.8561096323911, 34.522125296890685, 33.211804288370345, 87.60482305039297, 27.88210321275566, 88.60148595591272, 23.98638710111404], "r2": [-0.02179283681455635, 0.17360899295244925, 0.11334260044894551, 0.30868725751890347, 0.33442557228591574, 0.3287417630979522, 0.39154031881252815, 0.3878871455563002, 0.46327370693961833, 0.14679429704318414, 0.5381380574623209, 0.6315952556587676, 0.7830122084516151, 0.739247230162845, 0.8205997673862209, 0.8583882078013934, 0.8689342218681202, 0.08807230848150682, 0.9076247915947271, 0.06720463085212547, 0.9316349640394351]}