{"mae": [5.189740786041166, 4.182397546930404, 7.411636111935703, 5.8226321970451975, 4.299155139174871, 3.53155075829282, 7.801469821592029, 2.3722358865515685, 2.3138423620434083, 2.148889638929984, 2.268969679336253, 1.5375280285827773, 1.3678041737762336, 1.189538809541578, 1.179530982952848, 0.9669341339908235, 0.7931426844276404, 0.7572097034403046, 0.795651303284432, 0.6197497784479151, 0.532815448222315], "rmse": [6.654195838906542, 5.7730808630633845, 10.116182225940719, 7.830278489023018, 5.755038402344811, 4.6714727906029525, 9.62586663724817, 3.1122120187930418, 3.0326973499122087, 2.843841618603683, 2.932733860750103, 1.9825350659807894, 1.7735347986077845, 1.5546323746678523, 1.5386327315621915, 1.2801682019332024, 1.0289053430927948, 0.9812356308774451, 1.0282855591612043, 0.7912538401401042, 0.6857729144301742], "r2": [-0.12610038271891222, 0.1523799315445229, -1.6026707837349599, -0.5593383712990807, 0.15766974282731938, 0.44499921614931826, -1.3564901570862151, 0.753666033268603, 0.7660925293131033, 0.7943177755121222, 0.7812584645768585, 0.9000396646319488, 0.9200045330721813, 0.9385330924066295, 0.9397917667712431, 0.9583207380046256, 0.9730761728143873, 0.9755131698197953, 0.9731085993727677, 0.9840772670695239, 0.9880395751848298]}