{"mae": [4.955322814857087, 5.285745974193057, 5.941162726718403, 5.546633265672591, 3.482976106542714, 6.64174564166791, 3.9767078030556875, 3.4638942563704034, 2.161301945208794, 1.6243812138296219, 1.5832372653462448, 1.3770858952095424, 1.477378483959902, 1.4646253851044293, 1.5715684709714293, 1.1333036755853017, 0.9557871027039156, 0.9606822775580858, 0.9186885525446636, 0.7922060688535262, 0.47799734338589867], "rmse": [5.956157352575161, 6.309886957151484, 7.447462415580715, 6.958912421626301, 4.43842573601124, 8.307240548148291, 4.864009963173794, 4.2663176873167465, 2.7125873555318427, 2.0867353442083787, 1.9825621439358587, 1.7849296204869975, 1.9323752547947726, 1.8809792583563016, 1.8423442480865526, 1.4629195754051811, 1.2282259788113845, 1.179040316621165, 1.140196458700357, 0.9889916220815099, 0.5907853696241119], "r2": [-0.004364739513481597, -0.12720339943396164, -0.5702752027912958, -0.3710139507515351, 0.4422789357268302, -0.9537667067192699, 0.33019552637395233, 0.4846936247811813, 0.7916820955539569, 0.8767196450425121, 0.8887211187686399, 0.9098010825193463, 0.8942836726483508, 0.8998324283511111, 0.9039050206562789, 0.9394101280450069, 0.9572913650852217, 0.9606435023199821, 0.9631940096614455, 0.972308635425679, 0.9901185973652816]}