{"mae": [5.377155451404124, 5.583099905635108, 6.221965199579736, 3.5419881555709867, 4.548164844186315, 2.8772878292063955, 2.940813694715138, 4.896146105442874, 2.444762822309904, 2.0071218266131026, 1.452461958515605, 1.4636975404697907, 1.3075911238179487, 1.230274057045886, 1.2317580448227017, 1.0769842524364872, 1.073744626879131, 0.9620496736250551, 0.5926465008844665, 0.5736817118588848, 0.5017904220492795], "rmse": [6.352440891544196, 7.1953702973794345, 7.830024691230886, 4.397954659503825, 5.579153089318611, 3.7564599717365352, 3.944258861193116, 6.350630450843448, 3.015431463336148, 2.4450572560542803, 1.7561193576157652, 1.7712191804736965, 1.6046400056503947, 1.509218306934706, 1.4810488971731515, 1.3074357280333784, 1.3114111283917986, 1.1837237302499521, 0.7543981865058252, 0.7373749935445189, 0.6373849155918603], "r2": [0.0279475623842792, -0.24713861494005918, -0.4768442329141922, 0.5340815336925544, 0.2502007786125513, 0.6600884208669413, 0.6252520652844147, 0.0285015518032693, 0.7809681091814321, 0.8559920410024073, 0.925712372517365, 0.9244293702495606, 0.937975444685282, 0.9451328303526788, 0.9471618963505994, 0.9588235287491391, 0.9585727449925608, 0.9662472520435416, 0.9862908761553839, 0.9869025955431068, 0.9902138472407269]}