{"mae": [3.589305402078135, 5.801541913582899, 4.3888307578029515, 3.210695883341683, 4.934813593552117, 5.43352072238548, 4.427282049624777, 4.704396408342351, 2.1450235501738573, 2.1936439885548853, 1.821208790003955, 1.5105596673553618, 1.8057187942982735, 1.0757946711006023, 0.8672382952814722, 0.7962107406313791, 0.7537220948216696, 0.6329351033387712, 0.5642952807176225, 0.5028533570150797, 0.30557753294965934], "rmse": [5.046895273679182, 8.215028298029225, 6.19226360089375, 4.79223170503745, 7.138092136821604, 7.856534141211002, 5.656407892699304, 6.169096976744685, 2.8336058225081193, 3.0750537525345725, 2.394202375613949, 2.0220799982623907, 2.2072721644034266, 1.4001967066248049, 1.0659982191153625, 0.9708388680078964, 0.9396596529134169, 0.7927104533736801, 0.7210946145312401, 0.6630215312195233, 0.392007502576838], "r2": [0.4162965537044, -0.5465422861447065, 0.12129612209203355, 0.4737170653038394, -0.16763732807893827, -0.4145088721846215, 0.2667955185174248, 0.12785867320972577, 0.8159979997888533, 0.7833048979665846, 0.8686393204737066, 0.9062998387610921, 0.8883508439545469, 0.9550715149044446, 0.9739590616199163, 0.9784007842777752, 0.9797658562678683, 0.985599656820597, 0.9880840636227609, 0.9899260698380361, 0.9964784615905952]}