{"mae": [72.0671180844647, 86.50376677756631, 72.6710512335423, 50.41394400757102, 40.960678363521936, 41.05673976632273, 64.55678186988115, 27.67301705301518, 28.120657411469313, 29.20149312686507, 32.657381919627504, 55.7611817961681, 28.59361683687164, 29.30681884593647, 33.416063764681795, 32.81669406968117, 29.871287355446203, 31.171689332744755, 28.106545612857957, 26.848081875286407, 25.385102041819906], "rmse": [87.58388497813479, 110.42267478443922, 92.37620461825925, 62.283501341374766, 52.697382447613826, 53.43944030731725, 79.73176369464154, 36.531243157466946, 36.306968638823655, 38.893659068252404, 42.88041239967714, 69.50721037756527, 36.922216180762625, 36.827720689120106, 39.73109683475008, 39.16929365544573, 35.96415698989921, 36.523969388859875, 33.92426970320187, 32.847442197921396, 31.04233366228234], "r2": [-0.05270982182054129, -0.673311477638002, -0.1710636315098446, 0.4676389142864993, 0.618900523986232, 0.6080920566039061, 0.12758523706520197, 0.816857487810332, 0.8190993012713904, 0.792404531102906, 0.7476646061308645, 0.3369901482478067, 0.8129163709665034, 0.8138727565170158, 0.7833686165170453, 0.7894516976566703, 0.8224993148710958, 0.8169304118895164, 0.8420639475860452, 0.8519312608261694, 0.8677581276700578]}