{"mae": [21.292938075400127, 17.39926625325873, 17.83511762510851, 13.886714675845855, 10.956007177699819, 9.195403339682969, 9.954591331073688, 13.541894091271413, 9.822401485384013, 7.72249411945171, 8.07314532307618, 7.94473325915131, 7.596012684424869, 9.804272577427458, 11.395734861643398, 11.677608067870281, 10.970663018993678, 10.570092790298816, 10.787555874738812, 10.262814794574409, 9.205667426657477], "rmse": [26.19982136621255, 24.2973433407132, 25.29168734183843, 17.76357647568501, 13.972972198193315, 12.204844761222608, 12.520455635712352, 16.703760670308284, 12.353849105737359, 9.863656873954788, 10.170945569118352, 10.076493376659338, 9.690304244902618, 11.589683026992107, 13.51231982502584, 13.862638919393072, 12.977162214659524, 12.661349770568414, 12.809890404344026, 12.178625911106854, 10.885146788330479], "r2": [-0.46137898135296074, -0.2568509493215698, -0.3618265753831589, 0.3282200831178632, 0.5843346854072917, 0.6828748279769878, 0.6662613816976725, 0.40598869022232087, 0.6750842371889082, 0.7928704277110533, 0.7797637232000716, 0.7838351659991931, 0.8000870068074503, 0.7140373500604933, 0.6112897182089745, 0.5908731154450351, 0.641469866436507, 0.6587079209892555, 0.6506529949006912, 0.6842358819854735, 0.7477479083084143]}