{
  "mae_mean": [
    1.1870715939100625,
    0.7525793423467931,
    0.7431156813759251,
    0.6807184630931655,
    0.5760054779767657,
    0.46645600393667097,
    0.5352184250367849,
    0.5959498173475732,
    0.4355790145386017,
    0.42619224890001,
    0.3527783658655881,
    0.39139792433984943,
    0.4826685739134187,
    0.35195698067283915,
    0.3404398913900487,
    0.36152733830122036,
    0.27732466478355855,
    0.2692708467042894,
    0.24073380362875035,
    0.26086044941570974,
    0.23248652131660502
  ],
  "mae_std": [
    1.1383529599656377,
    0.6045765208035331,
    0.8595029090531418,
    0.6952863833758789,
    0.2896700164367205,
    0.2640049456938058,
    0.33845291661041876,
    0.5988136006740136,
    0.1752546726463452,
    0.19153043280003682,
    0.1536335183663935,
    0.14380458930606388,
    0.4381604886836464,
    0.15919857131194784,
    0.2851982035344955,
    0.18303722822454122,
    0.11111401660324957,
    0.14698451453635647,
    0.08956861647849111,
    0.08474189272011448,
    0.10379371137454058
  ],
  "rmse_mean": [
    1.8716893951752873,
    1.5855382619036154,
    1.582965093531154,
    1.5562640765013636,
    1.2300266577445407,
    1.0763570192177614,
    1.1710377169721446,
    1.2550919617374598,
    1.0040166570254352,
    0.8797624520713955,
    0.8100038012027344,
    0.8321365136701365,
    0.9871839342181643,
    0.7352891510720003,
    0.7497131282676105,
    0.7424357104678314,
    0.6140370257242665,
    0.5151020128295742,
    0.4859144956711023,
    0.5028055780774368,
    0.47622566838866875
  ],
  "rmse_std": [
    1.1737303523901295,
    0.8253915901298597,
    1.4410593709639057,
    1.3079407210642149,
    0.418450379532676,
    0.39544453122374984,
    0.5529248215230989,
    0.9124612693237438,
    0.36318447474381665,
    0.33131777036147303,
    0.4245799320789333,
    0.4277001828171226,
    0.9989857615246908,
    0.25779700955555995,
    0.6129809424972605,
    0.3203897621232153,
    0.2581265479697723,
    0.21918215271461375,
    0.18023819704512634,
    0.17706870347094159,
    0.19060955614021413
  ],
  "r2_mean": [
    -1.6423769079627988,
    -0.662919878605536,
    -1.7098518975669321,
    -1.3509740342508207,
    0.13655993495025012,
    0.3651465965697834,
    0.1376978984533542,
    -0.4089551514493559,
    0.41217648085361586,
    0.5484120194739116,
    0.5981527238919045,
    0.5749614213368683,
    0.026902186647778818,
    0.6740248656740255,
    0.45623485506903344,
    0.660030834689809,
    0.7809252456937517,
    0.8304246405984872,
    0.8614632263584922,
    0.8441222923051086,
    0.8484566014506821
  ],
  "r2_std": [
    4.184021260569035,
    2.166671706013325,
    8.123529221346857,
    6.4524968429995155,
    0.6417261599288979,
    0.36499273867716353,
    0.789487310228264,
    2.6965403214588703,
    0.44323155159428373,
    0.34491463465209216,
    0.45520096189494386,
    0.44351697513405886,
    1.953546972644631,
    0.21907429152095834,
    1.0704350143281378,
    0.30891083522859153,
    0.14331291981076472,
    0.1627834451852082,
    0.10288348791951996,
    0.12194039584625474,
    0.1746150520302026
  ]
}