{
  "mae_mean": [
    0.6795450162497336,
    0.6339448029789538,
    0.533735325674019,
    0.48710993643435846,
    0.4346817425018121,
    0.3925214790938683,
    0.4051938319288255,
    0.41454746702862133,
    0.37864344955337725,
    0.3428928685926261,
    0.2941486492064931,
    0.3340085709001196,
    0.2655458972691123,
    0.2856644042919929,
    0.26791222239030704,
    0.2675888044632894,
    0.2442452701612275,
    0.2775069850633326,
    0.29126021571187105,
    0.241457625927814,
    0.25386561346294484
  ],
  "mae_std": [
    0.22349130851900828,
    0.1794774716098656,
    0.1558798865340375,
    0.2380501648503751,
    0.15224458606341276,
    0.1423181575108234,
    0.10877847235791968,
    0.21711488374468366,
    0.1704965530320702,
    0.15652272037058065,
    0.09322657063178483,
    0.19680135793296927,
    0.11639267772311276,
    0.06919090052837669,
    0.082635315436295,
    0.08393429751544787,
    0.07885330718499013,
    0.12921771755789005,
    0.12766927712087833,
    0.09195644270728877,
    0.11431524138390399
  ],
  "rmse_mean": [
    1.4150534778493689,
    1.346543340382948,
    1.2404408634512518,
    1.1187929729325403,
    1.0613774912364429,
    0.9713682126239569,
    0.9068738322387645,
    0.9115740362023839,
    0.8344635708884354,
    0.8044411317938136,
    0.7148219178204053,
    0.7673883385219669,
    0.5972154031943596,
    0.6336147440201693,
    0.5330827539551299,
    0.5183731992378781,
    0.4443453872441304,
    0.5136920420348827,
    0.5023526553829398,
    0.47848738365054644,
    0.4584506048277798
  ],
  "rmse_std": [
    0.311114972338073,
    0.3417604181254891,
    0.2952049342995087,
    0.44759209161263475,
    0.3391707560523398,
    0.3261624166132988,
    0.2972990543719334,
    0.34323302882710643,
    0.2918358866423017,
    0.31405052281734264,
    0.305279665476052,
    0.3397503961230882,
    0.25057868519724785,
    0.21954264469923868,
    0.14967610679806156,
    0.19235235771499914,
    0.13497314388320938,
    0.19680320007904953,
    0.1865111256208074,
    0.15302635931954253,
    0.13102118265057885
  ],
  "r2_mean": [
    -0.06730518201930223,
    0.043028650944305025,
    0.184452009962693,
    0.32064342814019015,
    0.40404589068108443,
    0.49821804684034177,
    0.5508338924873117,
    0.5272762835543646,
    0.5995525796178931,
    0.6207965535306379,
    0.7126955387076519,
    0.6624488380683243,
    0.7885147790926186,
    0.7544666561748091,
    0.8195547813795618,
    0.8441996269201979,
    0.8778718902501218,
    0.8163556991505712,
    0.8273744163500831,
    0.8603210066292654,
    0.8516777411669493
  ],
  "r2_std": [
    0.20601129009275745,
    0.1919907140006976,
    0.14530262948720432,
    0.42214622533941837,
    0.1842969357771325,
    0.17847821915431772,
    0.19100199266617723,
    0.2930123553680614,
    0.24469381112909971,
    0.32685343916515336,
    0.19028734598361297,
    0.25731376290057234,
    0.1994638397944929,
    0.21428225726463257,
    0.14469524892858515,
    0.085869926663783,
    0.07941721644502533,
    0.22358771980135525,
    0.15048451418752187,
    0.08620677590360468,
    0.13772865938800596
  ]
}