{
  "mae_mean": [
    0.7050746568279539,
    0.9956838371564569,
    0.8338916551829415,
    0.8553176293459039,
    0.8168313667372967,
    0.8970514322129881,
    0.7621695739501859,
    0.6845193799581093,
    0.6967798556848066,
    0.7144931412024499,
    0.7296582777335912,
    0.7995484747646427,
    0.8684331268139596,
    0.843469350831714,
    0.7909485660404,
    0.812185193757097,
    0.7126657571691023,
    0.6766034493689081,
    0.6567009048617772,
    0.6225523382044696,
    0.6020746158517264
  ],
  "mae_std": [
    0.3600857962485683,
    0.7238802039872817,
    0.6913713831547387,
    0.7122888402853006,
    0.6609123312021549,
    0.7130339467605528,
    0.39000812850526456,
    0.25191611628915933,
    0.3385759562296025,
    0.3381498565482753,
    0.28391255239750474,
    0.3958818151129977,
    0.47662105343880296,
    0.38599217840329786,
    0.3521320570568562,
    0.37644147358721763,
    0.32614224734854613,
    0.2587643808595871,
    0.24686118120665498,
    0.21196397960748545,
    0.16037464181966443
  ],
  "rmse_mean": [
    1.4959416626548279,
    1.9162405211344997,
    1.7368870921661472,
    1.8284123299433113,
    1.6968895329246063,
    1.7764059873181899,
    1.620044796710296,
    1.517098187425712,
    1.5466648332824728,
    1.6564218437745701,
    1.7238403170817531,
    1.7858168472580416,
    1.8516022822574196,
    1.751131624823174,
    1.7580635606062542,
    1.7811433910551273,
    1.5679069493642712,
    1.482420020583228,
    1.3992014147082845,
    1.3582844426990521,
    1.3347600813897151
  ],
  "rmse_std": [
    0.47041210948362594,
    1.0806888209360055,
    1.0330042579264658,
    1.144791780429312,
    1.095704781196562,
    1.1417057507278474,
    0.7965199247232247,
    0.6649244709604915,
    0.8633945601807579,
    0.7829119995653386,
    0.7804564014424549,
    1.0166687347136867,
    1.0563623431269948,
    0.7579229381827829,
    0.7770547053365726,
    0.7465578724031312,
    0.739104270310548,
    0.6739303555556977,
    0.5756900477274035,
    0.5860669852748444,
    0.4894669465018313
  ],
  "r2_mean": [
    -0.20442802730698456,
    -2.2541861781887977,
    -1.8498518647992295,
    -2.1656069639324276,
    -1.7359781798214855,
    -1.9414625585299217,
    -1.033547246042064,
    -0.49081487564906984,
    -0.8832231564927003,
    -1.1210892327873045,
    -1.2492305060668338,
    -1.3806314069140262,
    -1.5056207717210288,
    -1.285119802749389,
    -1.250976952446993,
    -1.3013166581692892,
    -0.8917048102036069,
    -0.6132892956554917,
    -0.44520470652022015,
    -0.3968023185363919,
    -0.2513304487718608
  ],
  "r2_std": [
    0.4807285466983081,
    6.747849743305769,
    7.056130950030948,
    6.28098602223042,
    5.806295571400725,
    5.727331745732028,
    3.36862413273168,
    1.6921278233667867,
    2.4123877056417795,
    2.7843758623210535,
    2.4858488409069843,
    2.734266717328086,
    2.8070176300075302,
    2.4144236335903293,
    2.330184744347582,
    2.331319569412401,
    2.2032807415765956,
    1.7952047485154679,
    1.7335062561735766,
    1.6382213504212397,
    1.4582497223096014
  ]
}