{
  "mae_mean": [
    0.8419057355631884,
    1.1804933179246728,
    1.144707855016649,
    1.0468381024787121,
    1.1217144353069242,
    1.1632419971117218,
    1.060891104612377,
    0.9605852554050784,
    1.1431366717648606,
    0.9924349828300499,
    0.9743711832811931,
    0.9207551980961488,
    0.902346319968894,
    0.7437233895633694,
    0.7446228024231885,
    0.746367425084277,
    0.7331525207680345,
    0.6899996268415762,
    0.6689578437944348,
    0.6940471362565435,
    0.6396177308550757
  ],
  "mae_std": [
    0.5191411941681914,
    1.5345316920816263,
    1.361113833277436,
    0.8537488462325594,
    0.9009723164592413,
    0.9270897959707564,
    0.951856528393547,
    0.8563635296753033,
    0.9178917818341303,
    0.7618603566180672,
    0.7493413199900291,
    0.6020489388440629,
    0.5114803339926538,
    0.35352657082264044,
    0.373193089619865,
    0.44884606126589693,
    0.40399470260009224,
    0.35155937624121475,
    0.29359474241867134,
    0.3115654752802486,
    0.3272953470651663
  ],
  "rmse_mean": [
    1.5841631390160864,
    2.0729022701894664,
    2.2019422354777403,
    2.2023499715997006,
    2.2963337084146547,
    2.349094199065706,
    2.226124741552417,
    2.1417429069612783,
    2.4891522445110104,
    2.08732998175018,
    1.9526081177438939,
    1.8504067635524795,
    1.8813176498167903,
    1.5450250804257595,
    1.5835662812433666,
    1.5387400415035413,
    1.5362614766648628,
    1.4695055939919288,
    1.4454610644538328,
    1.449024416273783,
    1.3687696133224978
  ],
  "rmse_std": [
    0.4926269811718051,
    2.099912395904659,
    2.20917485886385,
    1.8930141495809305,
    1.844815185774451,
    1.7921832007499232,
    1.9679226917974988,
    1.8378093821544594,
    1.8667151759208873,
    1.5400626009263256,
    1.4724559671669284,
    1.1324520270133371,
    1.105525980616256,
    0.8652186867176845,
    0.8663704506850948,
    0.9835439234832034,
    0.9289780187351021,
    0.7491911842410651,
    0.7163466005186846,
    0.7632749570462762,
    0.763894589340221
  ],
  "r2_mean": [
    -0.5160932676657748,
    -2.6238206700133455,
    -4.068746657038557,
    -4.005978579037768,
    -4.007655392023266,
    -4.598508994423374,
    -4.855668912505406,
    -4.451472046468263,
    -5.2066142217578015,
    -3.573095357124309,
    -2.8815240926427683,
    -1.8055267906467773,
    -1.6295693395778126,
    -0.5994001784201906,
    -0.7934775014353136,
    -0.7692128416181537,
    -0.6762144817929958,
    -0.5686266147916791,
    -0.3010628852998357,
    -0.36109960344141634,
    -0.2701932010167857
  ],
  "r2_std": [
    1.2948026492598206,
    8.277244732197543,
    10.883045614199691,
    9.558569388633092,
    9.565222547864844,
    9.70046493455605,
    10.650808605379193,
    10.17398007897269,
    9.689149187312296,
    7.950831616949714,
    7.161308414115936,
    3.9150920400393616,
    3.281852999428851,
    1.4283469882177764,
    1.8018174607541737,
    2.1637065582951998,
    1.7185188447542605,
    1.6021990780244326,
    0.9963384983932954,
    1.1148958792673398,
    1.125121453775416
  ]
}