{
  "mae_mean": [
    0.6385464497314112,
    1.168150940425852,
    1.4575006972839333,
    1.667713936041395,
    2.1254156892955893,
    2.2548504196356065,
    2.52763869987343,
    2.4283059683918435,
    2.53499365374233,
    2.4181016217536273,
    2.5005217659764667,
    2.254020919246685,
    2.1176637138587235,
    2.1194356572831246,
    2.013845787551502,
    1.8900517632356895,
    1.767661641733819,
    1.6889429599838142,
    1.6330370543322499,
    1.5494980751701608,
    1.5061690315937573
  ],
  "mae_std": [
    0.1338318274002154,
    0.8248725936382776,
    0.9884454883866824,
    1.048514140390844,
    1.1189403695763842,
    0.9966466103174141,
    1.2357663908647227,
    1.016293352671717,
    1.1320120341392865,
    1.063907001376547,
    1.0399591874459442,
    0.7730011074969011,
    0.7200725031661237,
    0.726397257384412,
    0.6314013193827687,
    0.5680197032496762,
    0.512331550650858,
    0.497640657312016,
    0.47328647484390507,
    0.441127009831178,
    0.38675868048796525
  ],
  "rmse_mean": [
    1.3954837284593107,
    1.8559546099338688,
    2.213201549448064,
    2.437674008739074,
    2.9086082549865564,
    3.015820352423233,
    3.3423513587067823,
    3.2309511047754578,
    3.2916592941059464,
    3.130836517756335,
    3.224898982508845,
    2.953406206124062,
    2.78205313456479,
    2.7082230244460526,
    2.597999735708159,
    2.4555948601527584,
    2.298092971689712,
    2.196032526630214,
    2.131901328789293,
    2.0256318532078215,
    1.9824259873489225
  ],
  "rmse_std": [
    0.2752336900842066,
    0.9850927201163977,
    1.1731073471658446,
    1.303467148079116,
    1.3844103728135033,
    1.2530768149765479,
    1.506444784288144,
    1.3388429273914382,
    1.3610755795073421,
    1.2670474615677096,
    1.2309432531461642,
    0.9627359109077384,
    0.8922479975700938,
    0.8670377794937353,
    0.7760607171709614,
    0.6762461594816128,
    0.5964969640059091,
    0.5740114469233116,
    0.5498729850988676,
    0.5025977046765103,
    0.43502068435665925
  ],
  "r2_mean": [
    -0.038397863563023944,
    -1.7092638875706778,
    -3.005649383979915,
    -3.883852976980628,
    -5.597973974272357,
    -5.802236093750524,
    -7.01620612519802,
    -6.570517674099113,
    -6.435090355755665,
    -5.504072104692258,
    -6.070386911970127,
    -4.666082607715322,
    -4.023364525071369,
    -3.723763387510816,
    -3.2678860059150336,
    -2.821664552060006,
    -2.280665892895702,
    -2.041866519199776,
    -1.8419612582997154,
    -1.5542875909734577,
    -1.4291150037152276
  ],
  "r2_std": [
    0.09957827295756484,
    4.569558085487519,
    5.513703841575929,
    6.87500215302811,
    7.82518735611311,
    7.698264665804151,
    8.272426883784366,
    8.23534365469514,
    6.678488600162643,
    5.313999177738292,
    6.828804511378929,
    4.702321474930385,
    4.1200452643206775,
    3.8662441389217403,
    3.182677568608123,
    2.8207969375529682,
    2.178526576415509,
    2.1254156973594127,
    1.9424012968778357,
    1.7597270895499006,
    1.6849382378249436
  ]
}