{"TreeBasedRegressor_Representativity_self": [0.5556770999974106, 0.5528842999774497, 0.5549016000004485, 0.6055252999940421, 0.600849600014044, 0.6451945000153501, 0.6481172000057995, 0.6532605999964289, 0.6597696999961045, 0.6753510000125971, 0.665253399987705, 0.6764088000054471, 0.703756999981124, 0.6787733999954071, 0.7125972000067122, 0.7119104999874253, 0.7252890999952797, 0.7210390999971423, 0.7265789000084624, 0.7280904000217561], "random_state": 48}