{"TreeBasedRegressor_Representativity_self": [660.9758417939884, 728.6286800500238, 759.0521509799873, 275.229682819976, 342.0453664929955, 372.0217247790424, 319.58291073300643, 135.95963205001317, 203.06578229297884, 322.9504458819865, 133.80030245200032, 68.23903804004658, 90.91194885002915, 304.2795539299841, 197.2315339500201, 69.30353377200663, 164.72047429700615, 95.37022065802012, 92.08877008897252, 81.70442528399872], "random_state": 47}