{"TreeBasedRegressor_Representativity_self": [10.109833849943243, 6.343904935987666, 13.072123042074963, 3.6072972220135853, 3.5635861670598388, 1.7070742540527135, 3.2212170569691807, 1.8462057600263506, 1.7197164460085332, 1.273383575025946, 4.144426522077993, 7.166818963945843, 6.546384514076635, 3.27866058901418, 3.1608851519413292, 5.701237670960836, 4.2284012789605185, 2.0178787839831784, 2.4995301309973, 2.409823879948817], "random_state": 47}