{"TreeBasedRegressor_Representativity_self": [565.2703398449958, 583.6591849219985, 614.1981552920042, 559.0368111930002, 585.8693749610029, 434.40723501900356, 471.2688944679976, 495.34751413400227, 512.2634760319997, 402.721734535, 381.06116084899986, 244.64068011900235, 275.3791831250055, 322.85711651699967, 151.3630962889947, 129.1972709929978, 114.81240368100407, 125.72058202200424, 151.19846451399644, 65.15495890699822], "random_state": 49}