{"TreeBasedRegressor_Representativity_self": [570.3908746820002, 593.0798747890003, 653.2349447810002, 628.4246094890004, 619.5003520809996, 631.2856833710002, 563.0540814859996, 543.8328832140005, 560.4035675430005, 468.8461413069999, 364.1905916249998, 261.8621595839995, 210.99198256699856, 259.35784482800045, 252.80788075000055, 192.55493462400045, 186.66861716099993, 140.1704060709999, 111.09333402599987, 141.06772455400096], "random_state": 42}