{"TreeBasedRegressor_Representativity_self": [10.667259810958058, 5.780791589058936, 14.916192010976374, 14.050305107142776, 4.698043935932219, 2.6138844140805304, 8.741735975723714, 3.688854378182441, 4.256355715915561, 6.295973373111337, 5.160222731065005, 2.560982059687376, 3.94560282304883, 2.4207318602129817, 1.6609867657534778, 2.2709579528309405, 1.6665969602763653, 2.1396538941189647, 2.9353794888593256, 5.3619273523800075], "random_state": 36}