{"TreeBasedRegressor_Representativity_self": [651.2228569069994, 711.3202155429753, 423.5241564839962, 367.25650106201647, 382.73517150001135, 382.7880161210196, 227.09907725296216, 82.58788425195962, 148.07580969500123, 73.41633465600898, 74.11470654798904, 243.4837452089996, 184.78500471398002, 186.860684690997, 106.28277971601347, 269.263723555021, 272.23199998395285, 154.032520896988, 226.69158263498684, 163.55618189898087], "random_state": 36}