{"TreeBasedRegressor_Representativity_self": [661.2804596089991, 813.3634789979988, 730.5207300309994, 577.3379755829992, 588.6778792719997, 610.4113519700004, 299.06377347599846, 301.8444811210029, 377.3220992889983, 391.6630901850003, 428.372787884, 270.02953495899783, 311.4871419539995, 270.54720613199606, 304.5675217580065, 323.8875831730038, 213.9002142620011, 173.13039651000145, 136.82664980999834, 81.57328646999667], "random_state": 30}