{"mae": [0.5322752019966951, 0.5081090391053543, 0.508376297675171, 0.7312101600892695, 0.7305594498219964, 0.71927376731711, 0.7187079684560073, 0.4900640052459757, 0.4897155353477016, 0.45889211079883485, 0.6452222570270254, 1.8779104132369044, 2.2438278603565487, 1.369164327698761, 1.5155216860073968, 1.5230363497652082, 1.3037471079473077, 1.1476434265802606, 0.9799171372499252, 0.8257662244845403, 0.7864669363295755], "rmse": [1.5834374987792674, 1.5908885812854463, 1.6094876366336153, 1.755668752188459, 1.7655974655302211, 1.7662434970549592, 1.767545190722536, 1.5684933059388961, 1.57029842913897, 1.514067539796604, 1.9567185094896544, 4.989840179741916, 5.18601523921102, 3.1022322092792045, 3.4092276754197357, 3.4056718779982815, 2.9840608647619353, 2.8167396180934503, 1.8913183591858884, 1.5354388920381414, 1.4720820716867828], "r2": [0.1374888446993352, 0.1293524168224568, 0.1088759609032004, -0.06034704036564231, -0.0723739681083142, -0.07315887423620793, -0.07474125952880484, 0.15369246311400786, 0.15174337165771346, 0.21140618448808945, -0.31710250547792573, -7.565173033562099, -8.251889703867741, -2.310636316143788, -2.998295425541113, -2.989959394192638, -2.0632202442955205, -1.729331414932684, -0.23052982980398617, 0.18898676177699458, 0.25453558603033644]}