{"mae": [0.520819925724427, 0.5143980849249912, 1.0234215249183483, 1.000528389040149, 0.9730373049389985, 0.9898844166094257, 0.9717098916532795, 0.7917451217761349, 0.7478042709509632, 0.7357086986402865, 0.7288355110788426, 0.6839507789374789, 0.6833776611707847, 0.6583390283757363, 0.6626301836029171, 0.7419196614752326, 0.6212240070016386, 0.43779439860030567, 0.43424322430185036, 0.49789468572687196, 0.496914960687369], "rmse": [1.3925520220624548, 1.3894152361063752, 1.8808081800697953, 1.8737165436765593, 1.5990724295551066, 1.6520727721770005, 1.617516231802078, 1.4470947174466489, 1.4590041459670666, 1.4230161670146357, 1.4226026771781541, 1.3841866955969784, 1.3822037135781804, 1.365793142944138, 1.363145943740651, 1.382244655438715, 1.2367845568537799, 0.8931733625428775, 0.9138582411295934, 0.9926991558079965, 0.9950575543084156], "r2": [0.18953581104788464, 0.19318291273804322, -0.4784273338543916, -0.4672994546649336, -0.0686789235649492, -0.14069442962015266, -0.09347351504949208, 0.12480487527373918, 0.11034008036856913, 0.15368772144838527, 0.15417948070176712, 0.19924379129066938, 0.20153647011559894, 0.22038384581613502, 0.2234030427287309, 0.2014891672957313, 0.3607082778692118, 0.6665870237136752, 0.6509652731998591, 0.5881431642236714, 0.58618390729317]}