{"mae": [0.7181986322049999, 0.6681226958750517, 0.6672760698321683, 0.6261819693544584, 0.6195304610804219, 0.6141534671239101, 1.636531198618004, 1.209816073151092, 1.6594969742092753, 0.8837068419338182, 0.703353126321052, 0.8374470550143102, 1.0073497289624853, 0.9949586359554776, 0.9171038579573199, 0.8374223382869461, 0.7721265047175173, 0.7820638837094165, 0.7916721446727736, 0.7504834769625455, 0.7527670884719534], "rmse": [1.8513916493090143, 1.7884811600190362, 1.7918449290077487, 1.7441627536976285, 1.7458618090108975, 1.7478029193241498, 2.9782183119768124, 2.469643455287558, 2.709807464297153, 2.2501648783149815, 1.6745896287813102, 2.1432613011133443, 1.8447972759470683, 1.5097865777592827, 2.4163794738261304, 2.041306545931982, 1.4349774697082793, 1.4544846983694784, 1.4555153801818734, 1.4329278051036547, 1.4251110490257726], "r2": [-0.12261739730040189, -0.04762030285066765, -0.051564729758090566, 0.0036562906182477928, 0.0017141924956882715, -0.000506899819811446, -1.9050139781707127, -0.9975777122719254, -1.4049831429515476, -0.6583028634338619, 0.08155752223536628, -0.5044765122448811, -0.11463445737335065, 0.2534373006139369, -0.9123414701142789, -0.3647453513934318, 0.3255879336841563, 0.3071272511209622, 0.3061449315868423, 0.3275131643530319, 0.3348301104523571]}