{"mae": [0.5786265055474172, 1.7166260773488868, 0.6164923937229881, 1.8659140981031355, 1.7747575881899995, 1.9540677767257026, 0.7202714987881216, 1.2909269628842637, 1.2891147959841873, 0.8928535131849571, 0.976410939324798, 0.5158465495645561, 0.9802090770104841, 0.558864183769951, 0.4962932471382945, 0.49304699471083163, 0.47288682856897785, 0.47006395959242886, 0.4523687795415958, 0.42781642461124797, 0.42575569321736706], "rmse": [1.341176871219051, 3.5377450573276183, 1.4763499235585928, 4.288597109419254, 4.234141091224156, 4.411853942738492, 1.6559805943674142, 3.5156197897829746, 3.5078855920509553, 2.8332657686573497, 2.892493808743421, 1.3441572523822254, 2.974143603384241, 1.3872039204199909, 1.4916858714499572, 1.4909361397582674, 1.4724263336080365, 1.469703812867654, 1.4482873475130484, 1.4293395168547984, 1.42856135625933], "r2": [-0.09559193224236417, -6.623067767289036, -0.32756357091628163, -10.202300332414278, -9.919615995485481, -10.85547523420479, -0.670272001630412, -6.528015693855435, -6.494929568916713, -3.8893524418313152, -4.095908142129575, -0.10046662059060907, -4.387664990540795, -0.17208020101943977, -0.3552876081437606, -0.35392559655587963, -0.32051660535033855, -0.31563784156103347, -0.2775743624316802, -0.24436422378463063, -0.2430096798025938]}