{"mae": [0.5134292289219538, 1.08780428943946, 0.8989192895124642, 0.8589616710398476, 0.8623905370996409, 0.7829644357770869, 0.7596639051470159, 0.7437756692216065, 1.0343470733430549, 1.021316650493253, 1.0107149525824048, 1.0020321410457305, 0.9967471561266512, 0.990165075035243, 0.9820986806052205, 0.9730677910075269, 0.9653633504149498, 0.9571599819600497, 0.9506718348690403, 0.9355368564995433, 0.9287491387667433], "rmse": [1.3065496166713542, 1.7522719224199304, 2.006670734802634, 1.939100833232413, 1.9487454968025446, 1.6881377476347899, 1.668314094321511, 1.6551595374566075, 3.3549122202823307, 3.3351475745381856, 3.328766921317303, 3.320861612551726, 3.3114350400141235, 3.296904993930772, 3.282303724959413, 3.264801300653052, 3.2488638517353903, 3.2336435350272557, 3.2187011932781435, 3.1948998582918136, 3.1810018943126726], "r2": [-0.17740746887266678, -1.1177660258548965, -1.7773282181172196, -1.5934373351558642, -1.6192998734347084, -0.9655800465028963, -0.9196878243760684, -0.889533928361318, -6.763137810568854, -6.6719379851993255, -6.642610857465608, -6.606353913522715, -6.563232525697946, -6.4970056380022365, -6.430747498320708, -6.351711946737107, -6.280110926999215, -6.212058803346138, -6.145560402725478, -6.04027255905955, -5.979154750924405]}