{"mae": [1.3819109706834964, 1.2719672001324598, 0.9070726999361303, 0.733076598942733, 0.746037671873726, 0.6781251141825135, 0.5735177700502824, 0.5326390146703208, 0.5203732578708223, 0.7351846681569145, 1.0306846732222121, 0.46186221497643126, 1.7146961737772244, 1.7144266952301632, 0.9998702342453836, 1.5851825249519989, 1.0033097869411118, 1.2094262623541439, 0.6389983777324725, 0.9227641071173366, 0.5690020604780208], "rmse": [1.7213406716981183, 1.6704181094590695, 1.3448237129767215, 1.354157235861778, 1.1974307299368547, 1.2087180336397805, 0.9503743821424969, 0.9158629665214966, 0.90668734754062, 2.29153660808454, 2.5244874540343365, 1.0754337514696997, 2.9348957371541315, 2.9494009711545237, 2.4977340663879533, 2.7877222593392696, 2.505896619675455, 2.6074466474218974, 1.3534804597485524, 2.112224884064568, 1.5798302474735597], "r2": [-1.2163150896620691, -1.0871238551184588, -0.35278431539373734, -0.37162702080364274, -0.07250331035886526, -0.09281801572538662, 0.3244036649799579, 0.3725793050213779, 0.385088021248434, -2.9278187766694717, -3.766990386330746, 0.1349022804532406, -5.442926804530891, -5.506770371800586, -3.6664888988353503, -4.812953492384536, -3.697038751453251, -4.085441985708977, -0.37025634919780437, -2.337168627015045, -0.866889838346838]}