{"mae": [0.6602583466776663, 0.6072126382746946, 0.6844678531335453, 0.44589725505581623, 0.39119903463309263, 0.392292855096433, 0.5187465247315697, 0.4997142943512146, 0.31155699198667586, 0.31278988377398825, 0.32791364334371936, 0.4528860213147622, 0.48468790713724097, 0.4191103386263964, 0.34612296632522155, 0.4849712096365056, 0.3853582520391917, 0.40370921900576806, 0.41623550087706956, 0.23674044722267795, 0.43750884306832233], "rmse": [1.150993515837051, 1.1572091846253978, 1.2837188627511589, 0.9949805755010964, 0.7928503511301508, 0.7917151362615714, 0.9872743135941536, 0.9709130471807894, 0.7049949397875399, 0.7061212489805387, 0.8043136882886883, 0.8747164369661721, 1.141329751694239, 0.9121039308128248, 0.8188967982240904, 1.1403472054323465, 0.8659192392486793, 0.896360647977954, 0.9220677258808261, 0.5072830001213153, 0.9883017365648854], "r2": [-0.12009424968718196, -0.1322245240192237, -0.3933129031264382, 0.16297579270732532, 0.46851469732304274, 0.47003558477532814, 0.17589131806044522, 0.2029795071937407, 0.5797760379159657, 0.5784322546865505, 0.4530347526898405, 0.3530907089010521, -0.10136454205819989, 0.29660792908600275, 0.4330207569453999, -0.09946907614934797, 0.36603746740292065, 0.3206800368177952, 0.2811563247708352, 0.7824247802079246, 0.17417518152408273]}