{"mae": [0.757696597766026, 0.6730094141906007, 0.6174822164460456, 0.4776987262978698, 0.4677448459937604, 0.4439548060114002, 0.44519051935410053, 0.4472814468318751, 0.4274487448497196, 0.7614918353061181, 0.7618168271585759, 0.7371623077627463, 0.7433169205068443, 0.7183556968313269, 0.7009201945159732, 0.6839853312251286, 0.7165327671793612, 0.7551370071280042, 0.7537429544411156, 0.6881606108277935, 0.6836859762945865], "rmse": [1.2167934622945087, 1.2022303174349636, 1.054296661726844, 0.9439643659479755, 0.9422025169584212, 0.9186045893666511, 0.919119518311595, 0.9306153260174927, 0.9019181077232814, 1.8670053313082684, 1.8766751993313961, 1.6637335364852217, 1.6492295387689673, 1.6875644505915048, 1.6500978212449593, 1.5951811251143624, 1.119216405871258, 1.1289339422474538, 1.1261507321203448, 1.0620954169821255, 1.0568510274617304], "r2": [0.0829830085348845, 0.10480221514059918, 0.3115549045357696, 0.44810704776629784, 0.4501652708494911, 0.4773621372377691, 0.47677603785372646, 0.46360583040335734, 0.49617715013625596, -1.1589111223227668, -1.181332535155089, -0.714396176334138, -0.6846351457803714, -0.7638611058487654, -0.686409458198215, -0.5760269949383403, 0.22416068612548845, 0.21062983316872919, 0.2145171728989823, 0.3013322174763944, 0.30821491317409644]}