{"mae": [0.6738127789644217, 0.6392255239479249, 0.6096113535530001, 1.1722887325507563, 1.2366924759633928, 1.9259903010595876, 2.029173070638218, 2.0712553082191794, 2.3696136890289994, 2.105240881689557, 1.5139769222970207, 1.647489386106146, 1.6048620386575787, 1.49758837640507, 1.4208796926792957, 1.3820078094690993, 1.3023186586840985, 1.251551833981715, 1.213416817812675, 1.21373778433715, 1.1348572307762153], "rmse": [1.0370805887615824, 1.0592150927804593, 1.0273311752516825, 1.766759267265716, 1.7931964709437365, 2.5583477060158475, 2.7268454037932934, 2.7723560315235347, 3.1291753702226592, 2.7333071215752955, 1.87719807836426, 2.013846955644818, 1.9776231471157304, 1.877208543502801, 1.7579155333449643, 1.7366631338635015, 1.6572968858585873, 1.6106281211367306, 1.56578605302917, 1.5555506452735792, 1.4504858901705608], "r2": [0.09064423431015978, 0.05141307444262733, 0.1076612590291387, -1.6391469309724322, -1.7187205167551345, -4.533857252422657, -5.286802931132912, -5.498405661666078, -7.278823430445934, -5.316633502672098, -1.9794013866194162, -2.428954633526861, -2.3067083108559143, -1.9794346062732728, -1.612791899765936, -1.5499988457819818, -1.32225251673606, -1.193306716721295, -1.0728775800807173, -1.04586571444375, -0.7788356744005924]}