{"mae": [0.7454091690087726, 0.8544998427353897, 0.8497460520522014, 2.375406187800908, 2.4910098676098964, 2.4215880352723853, 2.4327540738199906, 2.039520068729885, 2.0273903983818156, 1.9942591295991425, 1.8822576174166739, 1.9265323037523392, 1.7711842379946106, 3.356850518628795, 3.1724906951383405, 2.805035752705227, 2.517333609550187, 2.2016853285539937, 2.2257464954105117, 2.0430945096877, 1.8235198822243046], "rmse": [2.1685713325226654, 2.0542464363592883, 2.067825465935014, 3.662535399192887, 3.8394702249517496, 3.9076587819931836, 4.072206629488521, 3.541301961383349, 3.564938850491677, 3.5366104046068734, 3.5568384808167517, 3.776518926121439, 3.839111395329114, 4.300302763512762, 4.227337186349526, 3.556285482450799, 3.2422872542834438, 2.9022716058848097, 2.9585027175766774, 2.7345319101930916, 2.449238217322734], "r2": [-0.051048935432209674, 0.056850374699313866, 0.04434030269724021, -1.9980520874909775, -2.2947170247147928, -2.4127838268262787, -2.7062535376825596, -1.8028601693230417, -1.84040116182877, -1.7954385671680408, -1.8275077236534494, -2.1875634845828804, -2.2941012174537114, -3.13307778193016, -2.9940113251237723, -1.8266285802182547, -1.3495164505193227, -0.8825720995907891, -0.9562279385002561, -0.6712503198742272, -0.3407183915514722]}