{"mae": [0.5779030534091413, 0.6359377497831566, 0.6054830820809675, 0.7012166989366767, 0.7129101031512987, 0.9479676587334787, 1.001066716915697, 1.1036713542393681, 1.1443704027067803, 1.1581651878550727, 1.0941958378500627, 1.0686517556401964, 1.1367555790492085, 1.6016279046963628, 1.5331209393962997, 1.5284504246441448, 1.47085170350568, 1.4649617652910707, 1.55271257768859, 1.3407716510361494, 1.2832218932671131], "rmse": [1.063708720833569, 0.9530823449083455, 0.9593227401836575, 1.061743899092272, 1.080191483638441, 1.3160175550351467, 1.419649907789981, 1.4826349990524714, 1.5127702326044754, 1.54569663806044, 1.4952370977689609, 1.4410319144720727, 1.5444635379132974, 2.0813429247685997, 2.0688452618373616, 2.082920224325886, 2.0017128530663406, 1.999878371601326, 2.0678334827219595, 1.7876839263644253, 1.7341025616504067], "r2": [-0.009973581783577323, 0.18917818718193946, 0.17852556403435949, -0.006245897200029438, -0.04151630237526738, -0.5459232879263864, -0.7989831327525729, -0.9621539093686027, -1.0427278714679726, -1.1326181397616595, -0.995651493913106, -0.8535818691250983, -1.1292168477805635, -2.866801303793383, -2.820503416699872, -2.87266426366155, -2.576581533619704, -2.570028979381967, -2.8167674578863076, -1.8526339387944346, -1.6841954377081119]}