{"mae": [0.4939468853539221, 0.5618792137649268, 2.004580867711342, 2.218059450806176, 2.269971458437776, 2.1682990705289247, 2.0639979661564474, 2.3006075522914005, 2.0217230186895394, 2.133689852243586, 2.0189840849189538, 1.840995385598463, 1.5826485796683476, 1.4696334524373105, 1.4856128558966841, 1.3979589543036592, 1.3813780335409112, 1.24955533426574, 1.2255796394872687, 1.2023055663595905, 1.1602152304659563], "rmse": [1.1688001934418981, 1.0674114857173238, 2.839165924820062, 3.194867177256125, 3.3809823407078508, 2.8446261254879874, 2.785276031623537, 2.8566262571841605, 2.5698558627300057, 2.737530639259835, 2.540246162781851, 2.326569007442294, 2.044548894296459, 1.8468142615820071, 1.8589183214042848, 1.7916866089856214, 1.7900464856399791, 1.6583478862623742, 1.5876245474096713, 1.561026210597777, 1.5182140580664356], "r2": [0.09148284036619747, 0.24226677918764472, -4.3608558927655325, -5.7882558110280184, -6.602184223736081, -4.38149540211596, -4.159279649537667, -4.426995136762944, -3.392078722964709, -3.983914256769669, -3.2914513436220236, -2.5998504730122542, -1.7800178645593125, -1.2682923292235673, -1.2981226361859588, -1.1348957883084152, -1.1309889780892992, -0.8289585705141107, -0.6762862988410767, -0.6205893302896051, -0.5329168634398371]}