{"mae": [0.5462010338319793, 0.44908942819507813, 0.47178742806904106, 0.5856442948580672, 1.7020505905337757, 1.6788300892622814, 1.672168360977849, 1.8717252897860788, 2.254040446799105, 1.9073811159748448, 1.6717645555321814, 1.6839387561484083, 1.9098716045012236, 1.8793126123928034, 1.7714871516526651, 1.7498404900488247, 1.5996430931514647, 1.5961633175427357, 1.4176239677912492, 1.2804501384334974, 1.2792557474853765], "rmse": [1.2258584461415645, 0.9949071840545776, 0.8589494958916675, 0.8791079239883204, 2.6646906135326165, 2.67954867190084, 2.287089974834321, 2.440261826408632, 2.816022305705852, 2.380738876435442, 2.091446035245875, 2.08612569356875, 2.43991664982182, 2.351989242339933, 2.2330343760038915, 2.191283764061376, 2.0219664492980844, 2.0199400273686368, 1.8183578876831286, 1.6581990531210464, 1.6533530733630013], "r2": [-0.2294605700494663, 0.19016024698557232, 0.3963722235709808, 0.36770703905375157, -4.809349992173225, -4.874315361687399, -3.2795731899431537, -3.871994732837366, -5.487929749793162, -3.6372177055628443, -2.5787164036356742, -2.560532069742209, -3.870616536812671, -3.5258965167349645, -3.079667560989656, -2.928540181674448, -2.344890058589757, -2.3381888969345566, -1.7051583192981288, -1.2496102561753957, -1.2364807875713728]}