{"mae": [0.7041714100864915, 1.1752043837023924, 1.1009924143241148, 1.3254251538246735, 1.5955985843446723, 1.641094967932083, 1.573897611734164, 1.7683613720126146, 1.6378969101128669, 1.5648204398349128, 1.6049482621285638, 1.6263001154176413, 1.437299657400208, 1.6039257654938086, 1.4504295093975506, 1.4310060047831874, 1.295049859576544, 1.2061211719740104, 1.1987700088009596, 1.156846197059685, 1.1331625154679277], "rmse": [1.7010334833664718, 1.9145622774789886, 1.8941939160751635, 2.1938945856846006, 2.2835451992265066, 2.2627042568658524, 2.222264081876072, 2.4271276921069056, 2.3255865670256304, 2.256713884282758, 2.2613259110214314, 2.2734955043354463, 2.0137542715727292, 2.2475660977544805, 2.0382592555739594, 2.024568541588936, 1.89033020123561, 1.7433244168418747, 1.767480896666803, 1.748476741925603, 1.7350806763177582], "r2": [0.004620724288369904, -0.26096161102442617, -0.23427446480444636, -0.6557485453142657, -0.7938333498384833, -0.7612396633352567, -0.6988467482208724, -1.0265070555057, -0.8604923554239552, -0.751926456911119, -0.7590945681751897, -0.7780790664263584, -0.3950051752277697, -0.7377520704698282, -0.4291628405746837, -0.4100283289425066, -0.22924433476561346, -0.045488584611226957, -0.07466307401132855, -0.05167751547252242, -0.03562426031689503]}