{"mae": [0.6560698089973266, 1.3385488750664625, 1.351280375907672, 1.4566287613593127, 1.8203946036233174, 1.619104895416762, 5.667417358753593, 4.40369036642667, 3.7196529159862335, 3.8822819553354613, 3.6076430384320686, 2.866108189464302, 2.4332284696438022, 2.255742362861527, 2.252881789128094, 2.0600681816516215, 2.0071759668141333, 1.774301237414626, 1.7570400993054205, 1.7211683193574812, 1.6500669396175474], "rmse": [1.5211943570231088, 1.9152460144584507, 1.9181087529424758, 2.0275074725527675, 2.3470261995333392, 2.170942822674104, 6.907911641560093, 5.541887655603676, 4.649025653183257, 4.946946316039445, 4.496744302257327, 3.5958120474688253, 3.021955231400635, 2.8307345364267467, 2.824883092609966, 2.642200332499046, 2.5690326343445946, 2.273470259152924, 2.356956925056958, 2.2958387153442903, 2.20705573818404], "r2": [0.032879954854810434, -0.5330633733948331, -0.5376497705959824, -0.7180504020692857, -1.302220138961569, -0.9697347380544807, -18.943644367258226, -11.835902471024239, -8.03305924577267, -9.227873980314525, -7.450985558110986, -4.403870585156334, -2.81669122037675, -2.34895460371206, -2.3351235887076944, -1.9177122529366857, -1.7583553596391441, -1.1601779464500832, -1.3217436403225533, -1.2028946283447337, -1.0358115589199364]}