{"mae": [0.5354754197061758, 0.753778051548816, 4.209627162184697, 4.168435976190771, 4.798925876617503, 4.8118129004952, 4.031652462586065, 3.969331669562904, 3.3631596073760233, 3.342363235091553, 3.6360406436267216, 3.0369899131587057, 2.923578207852769, 2.930576261757047, 2.7892209574764606, 2.3900112893413437, 2.0569675149828934, 2.037392771893839, 1.9593747279973737, 1.900410257713966, 1.7965814290188655], "rmse": [1.2079393479813996, 1.1681003186960923, 5.171095852198735, 5.480282850666976, 6.075375953684308, 6.02688301863134, 5.033076211193481, 4.855482441081316, 4.244623512658019, 4.280271727436305, 4.6187346958669595, 3.9219867703452547, 3.7786772676357363, 3.76854961794749, 3.6022754652722293, 3.0757592073330633, 2.6317797482847443, 2.6050698940594796, 2.56025042273337, 2.4906598949293244, 2.3377248713152605], "r2": [-0.10661743365030096, -0.034826486091890985, -19.2802090289724, -21.777874674068272, -26.99326573360993, -26.548171299214538, -18.21207459084994, -16.88018577608125, -12.664243792109065, -12.89472423909716, -15.179059956024691, -10.665933587681389, -9.828962576062027, -9.77099257239681, -8.841495343280657, -6.174834974465961, -4.252987076460846, -4.146903323965678, -3.9713248625458357, -3.7047451847211113, -3.1447090151928228]}