{"mae": [0.588110082816425, 0.5806622266180581, 0.7701382089626718, 0.8524586658935723, 1.369786499848242, 1.8834410948097722, 2.48318997863426, 2.1053248551482153, 5.226383430775962, 4.940612678556296, 4.232484782571919, 3.0107734353482107, 2.952892316840922, 2.8177964152820323, 2.503230130127534, 2.4185673106890673, 2.268652006131239, 2.2227726786570043, 2.2359904514779054, 2.1527034157147713, 1.9568593110026367], "rmse": [1.5616509116999275, 1.491833161709484, 1.3846141613407117, 1.4193403598471397, 1.7801571519514112, 2.477027927565372, 3.186353026960861, 2.633199882620547, 6.595846754136182, 6.088700258080157, 5.227498876877935, 3.7247294813190934, 3.7030810239805607, 3.530694898364953, 3.0892521125458137, 2.985927328705774, 2.7973649840884947, 2.7303634205328295, 2.7360033378705935, 2.6372294879198384, 2.396509151711368], "r2": [-0.04032489497129532, 0.05061670297440002, 0.18217833494692803, 0.14064189393531912, -0.35181655276993395, -1.617356494748504, -3.331006697550883, -1.9577994731350752, -17.558470751455463, -14.814310529216058, -10.65705832663891, -4.918212377365323, -4.8496179487308515, -4.31767086320139, -3.071062574649705, -2.8032908667345517, -2.3380999921940213, -2.18010886148077, -2.193260279394113, -1.966859084748072, -1.449961483317805]}