{"mae": [0.9974855080969863, 1.0019010682700293, 1.082855563352916, 1.3139251325224541, 1.4616349420184231, 1.5487417754527766, 1.4149533283822409, 1.4357857481737617, 1.3826420390801797, 1.5371286799358987, 1.6324885417941433, 1.5913900425355056, 1.6510593751628195, 1.6069389444670739, 1.6294939392289307, 1.4770259638575336, 1.3866490654412482, 1.1958928245395175, 1.2178142595495591, 1.1663045818113558, 1.1577165795478723], "rmse": [1.666095120035801, 1.7486498618714097, 1.7869139392753404, 1.9603692428372739, 2.048686180389572, 2.143512672584856, 2.063730103736859, 2.081276112949892, 1.9386634849589903, 1.9745976642141407, 2.1091236098139414, 2.085149012005276, 2.1648151153750295, 2.128658936909935, 2.1770999929537225, 2.0683980737593948, 1.9759372068704089, 1.8019555985067677, 1.8072137785465796, 1.7695312886456231, 1.8337010418370359], "r2": [0.17915816799504225, 0.09579769016046646, 0.05579310037631391, -0.13641159533004799, -0.24111142079209924, -0.3586638089706429, -0.2594058169103788, -0.2809120047943263, -0.11138557856547782, -0.15296768229616653, -0.3154185525773874, -0.28568355673093926, -0.38580307148973736, -0.33989899439898386, -0.4015759899183209, -0.2651095834273778, -0.154532530961214, 0.03983014450713018, 0.034218338981342855, 0.07407376673367227, 0.005701098134591298]}