{"mae": [0.5806601908317173, 0.6778809617005382, 0.8153360063364627, 1.033912501761663, 1.9872244772131444, 1.9640798739103187, 2.0738397617834927, 2.069682563319988, 2.0260869215496964, 1.9707681981469023, 1.9734564701991046, 1.7865082577180125, 1.8306692378279357, 1.7975927282566349, 1.7421775761282963, 1.556617208599891, 1.504652967189656, 1.7778724127171377, 1.699564430071636, 1.5043750075409719, 1.6408967848868041], "rmse": [1.6156872394949182, 1.4212239665740196, 1.588147305169107, 1.7829743452746953, 2.546192317320761, 2.491754184935479, 2.646501290678499, 2.7235867513015797, 2.6265217525454028, 2.562185003816042, 2.5413584027047764, 2.293996944410622, 2.317620502020717, 2.308867498039016, 2.264706109806839, 2.146710176793657, 2.1394866237206216, 2.3060143270993563, 2.2125741644704173, 1.9448329101253607, 2.093681554982129], "r2": [-0.0922273313217592, 0.15487004546308414, -0.05530990388306978, -0.33011330740417244, -1.712569390467364, -1.5978187234265406, -1.9305063729734204, -2.103708143718474, -1.8864261722394065, -1.746751813290924, -1.702279608397637, -1.2018317004124706, -1.2474140832745264, -1.230470431548596, -1.1459626229182343, -0.9281698166621299, -0.9152152936836933, -1.2249612532730128, -1.048302635756862, -0.5825704047175604, -0.8340860341954777]}