{"mae": [0.5262793324302989, 1.879456535832907, 1.8798719545487166, 2.5778627108049212, 3.06554239834387, 3.4111851393595423, 4.068813204447411, 4.049176362307416, 4.421979686975339, 4.260809889927111, 3.8960958905017136, 3.878917755877587, 3.907709676223911, 3.6819472227457855, 3.2412391790957984, 3.0774802268599304, 2.9782465229628245, 2.9531135200759553, 2.697746739523228, 2.572599880855282, 2.2705326060703346], "rmse": [1.3253996802428465, 2.8907380909325537, 2.8910073530148708, 3.3841391876095064, 3.962054852253664, 4.3596630550440585, 5.0721464216703795, 5.131057606576817, 5.234530188308201, 5.079012534172379, 4.664162560259861, 4.866758331155161, 4.847571240185618, 4.406914714461048, 4.037001625658978, 3.860116556903228, 3.6996373501023494, 3.645370021034466, 3.349903329481207, 3.1394167309786796, 2.8194066800866353], "r2": [-0.06996713408805366, -4.089723678540872, -4.090671902406337, -5.975464757142649, -8.561316233306064, -10.576640990970596, -14.669685469894564, -15.035795008310458, -15.689069851638205, -14.712137968689357, -12.250249981162199, -13.426343766343686, -13.312816891490689, -10.828944836323164, -8.92646380631399, -8.075646085205413, -7.3367163521743155, -7.093939431986639, -5.835043199263857, -5.003087197150284, -3.841636312665968]}