{"mae": [0.5706850394082378, 2.8694849368711957, 2.7902128285831207, 2.5998450542366576, 3.3612900547635083, 3.1014039003123695, 3.079490979650744, 3.0335983124133037, 2.723737448946264, 2.712452288358627, 3.0256830484236663, 2.6228956128372425, 1.9680536591864557, 1.8052507084483016, 1.8123049444459858, 1.7276255918153431, 1.7005678927533003, 1.7585520897925508, 1.6737552704820873, 1.5312477533545992, 1.502054126924393], "rmse": [1.46916728555082, 3.6716523107437373, 3.6023291251850145, 3.6574205383751544, 4.236820197835269, 3.9307136138569203, 4.083938198121865, 3.86569386340117, 3.366783111794825, 3.325306352792883, 3.684945446218802, 3.278064280178764, 2.3966309734283073, 2.2106783649089827, 2.233364113904324, 2.181684256255544, 2.073071157385406, 2.0979009401447812, 2.0348709940315484, 1.8824321144972826, 1.8449445428026716], "r2": [-0.16202388830650016, -6.257643894439123, -5.986173010258324, -6.201489909003541, -8.663904407118507, -7.31793196022941, -7.979060140393527, -7.045026399193603, -5.102430441671129, -4.95299998996082, -6.3102913030012715, -4.785054952897647, -2.0922521005713293, -1.6310171544305772, -1.6852926605383698, -1.5624556234415765, -1.3136676616425578, -1.3694225258181647, -1.2291860681354256, -0.9077049405929047, -0.8324797757269689]}