{"mae": [0.6000204524127679, 0.5940437375018606, 0.5651086288996149, 0.5295759503789702, 2.862273468296111, 2.7422712047870914, 2.5454476364881007, 2.131076180026715, 2.1271343028561125, 2.076923313558824, 1.9359742006063043, 1.945115770831189, 1.908940653527777, 1.6243221175860763, 1.5307438167790388, 1.4611487552323648, 1.278806540921367, 1.290415711625126, 1.2351734064210642, 1.2323211109467798, 1.1788551909062406], "rmse": [1.245361837495844, 1.2584534371767584, 1.1833355920344553, 1.1932513901295312, 3.6144208328425464, 3.3409364413697116, 3.177302057839377, 2.6778826145708465, 2.6412453922440737, 2.5890335591819977, 2.407945906042644, 2.4513002549791585, 2.3802580985994375, 2.1096821935382666, 1.9774051249352163, 1.8962809539491914, 1.6602650960684517, 1.635009333432556, 1.5652800900785429, 1.5641244511711194, 1.5135392937120824], "r2": [0.006918147853456014, -0.01407071648725533, 0.10337716797038432, 0.08828765133469774, -7.365104538580033, -6.147108355498418, -5.46414287906156, -3.591737058084971, -3.4669536275614803, -3.29209473157386, -2.7126789174980317, -2.8475738105276154, -2.627789187813524, -1.849889450744314, -1.5037170680087155, -1.3024982313774496, -0.7650166830097536, -0.7117266468742653, -0.5688378603546997, -0.5665221843118493, -0.4668352560591389]}