{"mae": [0.48773748314207904, 0.4812741671233281, 0.4853110921963098, 0.4422251680873234, 0.5822990119569724, 0.7501687373652836, 0.8595085350358922, 1.2500875643696239, 1.230708340584584, 1.1261774604813937, 1.0671595117693047, 1.0360546152710886, 0.9906243552493699, 0.9821962647491883, 0.9337510228845008, 0.9398374176023401, 0.9634931990460606, 0.9636351706870323, 0.9645414308556103, 0.9416352159616295, 0.9249833522551127], "rmse": [1.2839496807771087, 1.2504811838277565, 1.24484172683449, 1.102973576122736, 1.0885632383350847, 1.2698123430489392, 1.3730507830640712, 1.7462851893594287, 1.7313682708270148, 1.6281217553508232, 1.571916492866878, 1.5290071278436606, 1.4518881245410789, 1.4691024820127299, 1.430674618243886, 1.418686482016136, 1.4212863536685068, 1.419935707519088, 1.4348002096072976, 1.4107023822212021, 1.3946054704664146], "r2": [-0.13702752984819488, -0.07852271214876749, -0.06881674055743847, 0.16091648448824392, 0.18269849204223065, -0.11212617195771246, -0.3003138041057214, -1.1033198188198003, -1.0675398140604289, -0.8283053566492502, -0.70425239923478, -0.6124787228087452, -0.4539225712741817, -0.48860391775252987, -0.41174649256584117, -0.38818655511474187, -0.393279172724738, -0.3906323690089555, -0.4199002498525155, -0.3726056181958808, -0.34145992054619345]}