{"mae": [0.4721819591095731, 3.4542129795356646, 2.695595819689924, 3.8566336279280176, 3.8823775428614353, 3.8855061952808985, 4.244975879488758, 3.8967577571113803, 4.00872561386031, 3.3852405394655594, 4.545434213798302, 3.607775234295983, 3.287038541804782, 3.2580105590234765, 2.9483998789145653, 2.72798619920736, 2.3578548621392588, 2.3653483071549073, 2.3549086410590094, 2.267659136427677, 2.332415248925363], "rmse": [1.1063741026103862, 4.732803724632841, 4.431412480064273, 5.221360576006434, 5.3925478837200185, 5.470363183926766, 5.96493187373756, 6.16282175878966, 5.217313863775177, 4.272280474655211, 5.67362600907104, 4.5941999987455535, 4.173049944955152, 4.177622757451805, 3.778062283439466, 3.640660922077249, 3.090969558407998, 3.0469345156159777, 3.0115224538952305, 2.910080575464366, 2.978210533023185], "r2": [-0.16440667404158238, -20.307753855624085, -17.68035115757549, -24.933913288397854, -26.66232652076402, -27.46642993173593, -32.84633579470473, -35.12932913825116, -24.893729733172865, -16.362817311320473, -29.62119200523611, -19.07800128766924, -15.565625849721709, -15.60195084271517, -12.578097081312814, -11.608433942483574, -8.088456624595125, -7.831346485955354, -7.6272601525952854, -7.055837759663904, -7.437455076938857]}