{"mae": [0.8149734242065533, 0.6775819858130727, 0.5665063694696211, 0.6765170576104992, 0.6367752429135439, 1.592802329928151, 1.652777044541427, 1.6580642780040005, 1.6566423823900487, 1.3562277780747738, 2.811945000061321, 2.9161464342212495, 2.543189153216554, 2.4232559485404748, 2.404307552488206, 2.413789023640643, 2.389432696909168, 2.143645123744297, 1.9893782222631315, 1.8597914067558368, 1.7494557765488419], "rmse": [1.2276904387603411, 1.1449758123774676, 1.1161871315773426, 1.1592675859906545, 1.1301850435637801, 1.9969741962585639, 2.053012784835389, 2.07621378087925, 2.108000543468846, 1.777614506944325, 3.5497776586571512, 3.8413954594669155, 3.1805178541790133, 3.0781404903636074, 3.024581059928495, 3.060244785087202, 3.0361038881354325, 2.790865496629986, 2.514606806262233, 2.2969951854967934, 2.2010440414692782], "r2": [0.06648479797879059, 0.18803693897944662, 0.22835478032873302, 0.16764032260323203, 0.20887928028986957, -1.4699522304205446, -1.6105195822090552, -1.669855681169699, -1.7522322820673915, -0.9571261476228565, -6.804515564171294, -8.139484169935038, -5.265263245286722, -4.868411006779549, -4.665967825999478, -4.800373778992163, -4.709221643482467, -3.824157303882931, -2.9163709544846457, -2.267862821279754, -2.0005516903481233]}