{"mae": [0.6586489140880104, 2.2607717569197145, 2.277111840687002, 1.2831582967260649, 1.4894046222952253, 1.6064632306903586, 1.6145295325830322, 1.6233207858493393, 1.7404765974331189, 1.7295173520388842, 2.369645141906696, 2.207415842531277, 1.8599118062003857, 1.6050500240572156, 1.5232812699124456, 1.3810816990302734, 1.299442387147839, 1.1702468835314805, 1.0374373174739153, 1.0589674695972553, 1.2161176576822466], "rmse": [1.7380991725485995, 2.985733134889765, 3.0596782147128003, 2.0904547410125627, 2.136144047492612, 2.2330724758527793, 2.279251533016205, 2.315621580682178, 2.4673892431663673, 2.3896404083618457, 3.239712762532829, 3.043218295448044, 2.5373482404758168, 2.156964180032615, 2.0729329981312095, 1.908483344272327, 1.7910339361547758, 1.656693034373739, 1.5023111339375788, 1.5112763034761867, 1.7458247628835617], "r2": [0.010571825811244273, -1.9196926924571618, -2.0661025460419324, -0.43125397539173704, -0.4945010958207383, -0.6332053896282026, -0.7014519088024787, -0.7561853256077629, -0.993932725542231, -0.8702526302688331, -2.4375433267877797, -2.033202320638648, -1.1086054275005406, -0.5237756637610307, -0.407361600025109, -0.19292163601907086, -0.050613064271509245, 0.10108369140428941, 0.26081194707997635, 0.25196328784030586, 0.0017565580833620587]}