{"mae": [0.6544688804838389, 1.6723386494726584, 2.4642728854331284, 2.566644656756241, 3.5639922350072464, 3.4651836373186886, 4.029719038836329, 3.9094990539071977, 3.846751695746463, 3.4557750582466604, 3.4585905186733923, 2.7756990521386324, 2.6753684530743285, 2.518585101371904, 2.2311210951833753, 2.2126107197080365, 1.976540413350997, 1.8049502364995078, 1.7315709723586867, 1.6180378458086035, 1.6748147828576536], "rmse": [1.349279051836772, 2.2190471550403106, 3.1407038290433222, 3.2742230940702637, 4.53637942644128, 4.392144097404974, 4.958931401395987, 4.971974050608443, 4.889618859379271, 4.410099738131194, 4.322410912124654, 3.416056724239723, 3.3293759090308606, 3.082303699631774, 2.7281385147541513, 2.675780397615236, 2.366385519551443, 2.1836115844970534, 2.080666843230754, 1.949617188309432, 2.028441587448667], "r2": [-0.06200302122986656, -1.8724683948732395, -4.754083563889369, -5.253724304106704, -11.004413344426716, -10.253182357570989, -13.344928827413865, -13.420486201786742, -12.946724175697849, -10.345379295779543, -9.89868996817771, -5.807260082993074, -5.466181073520406, -4.54208333367325, -3.341652201265548, -3.1766023867045003, -2.26657921896807, -1.7814610068685175, -1.525383214909223, -1.2172817720247906, -1.400198768289512]}