{"mae": [0.8866881682435072, 0.8052467341138676, 1.554584011636137, 1.6184146417941656, 1.6181597301124342, 1.9310733547961825, 2.0134014560148885, 1.8755829259378312, 1.770757225567163, 1.7221974006574912, 2.031667037021231, 2.004720526041523, 1.9783886740914856, 1.6725098564616143, 1.9007417550759769, 1.662886241523903, 1.618175840877513, 1.3506814797340316, 1.2725956108151153, 1.2255342546432284, 1.25779834594434], "rmse": [1.2267335780605944, 1.1767292044477433, 2.098866807411095, 2.2410069618058595, 2.2355354413665793, 2.4437039180119413, 2.533557816919276, 2.3157300394252895, 2.2039060628930076, 2.102322491729299, 2.567730248882985, 2.508861393290375, 2.4988552694386876, 2.2003222853714908, 2.5353076674649024, 2.1675566305120064, 2.1058652476289677, 1.7930659709095202, 1.7054805014961385, 1.6644313481014101, 1.713356000165225], "r2": [-0.12563696999574314, -0.03574037640640393, -2.295092430802049, -2.756507446107817, -2.7381864715692763, -3.466784628270025, -3.801307062562355, -3.0111943165410393, -2.6331556316351246, -2.305951788919919, -3.931699852764895, -3.7081596367306346, -3.6706793016244603, -2.621349470353719, -3.80794158345632, -2.514299319047769, -2.317103311786845, -1.4048632165886152, -1.1756616658227896, -1.0721902032423527, -1.1958014233334167]}