{"TreeBasedRegressor_Representativity_self": [604.9060149040015, 622.1621981079952, 619.5619946119987, 829.4914358800015, 829.3163463380042, 794.7055810860038, 690.4100515829923, 467.6453059170017, 381.9438369559939, 403.979883707987, 413.4080646030052, 271.4527473650087, 337.3562492659985, 276.3734688490076, 235.89048769699002, 209.4630993819883, 222.2879093369993, 168.21455125400098, 131.78937505900103, 115.12439493701095], "random_state": 38}