{"TreeBasedRegressor_Representativity_self": [821.7208362766542, 921.7203634218313, 853.9383673961274, 835.4402511669323, 856.6937557957135, 561.7248274269514, 320.0919923777692, 628.6124918120913, 621.5592370377854, 631.7079103258438, 297.2233757940121, 298.4886083835736, 360.0528807756491, 379.27662577619776, 268.13034279923886, 255.35521659301594, 144.93908208515495, 120.58244918007404, 131.92260509217158, 126.5998946428299], "random_state": 49}