{"TreeBasedRegressor_Representativity_self": [17832.63900530299, 10264.273590343, 13813.448809313995, 7965.103167987007, 2944.439287178, 7225.696310803003, 11871.690270384992, 6455.830710066017, 2694.519523858995, 1649.169901738991, 1541.2267667720153, 216.85601595099433, 222.82684638901264, 540.5606606180081, 1826.993255998008, 653.4030756169814, 648.1903746380121, 650.4231823669979, 668.2673103290144, 1782.4779649559932], "random_state": 48}