{"mae": [19.826342082416662, 17.519905223093623, 14.216091103518659, 11.823219982805243, 7.922203315194548, 16.469143753970886, 10.354082277891061, 10.066187592902118, 5.713035375065363, 4.70256339498873, 4.896270027699069, 4.573327840917938, 5.00532259101785, 4.776359971732741, 4.873387034734922, 4.830199859350089, 4.743997658647656, 4.284027231004615, 4.287219367908676, 4.248884996213473, 4.296904073598234], "rmse": [27.3515585098212, 22.045398800172098, 17.445384557276032, 14.930048817093544, 10.484058127270549, 20.658148299197585, 13.195688065189856, 12.776798625441671, 9.003548849167403, 7.288269993518273, 7.272240841731623, 6.96272060030389, 7.089672157420676, 6.833562050747304, 7.268587174253248, 7.253232145039727, 7.220724951827234, 6.946020894181513, 6.837868903641322, 6.837751846109395, 6.974553022954493], "r2": [0.016286233224061863, 0.3609416512151863, 0.5998105012622263, 0.7068924203796465, 0.8554681924673, 0.4388391359049364, 0.7710352242561693, 0.7853412017674425, 0.893406175622027, 0.930152076576378, 0.9304589729431577, 0.9362525921110463, 0.9339067817216793, 0.9385956867825226, 0.9305288320053146, 0.9308220403119208, 0.9314407278200145, 0.9365580147728727, 0.9385182622475934, 0.9385203672422867, 0.936035743774867]}