{"mae": [16.633961317390554, 24.725295068753677, 48.834230026549655, 47.71971910213384, 48.78411205268807, 48.85944130921442, 48.85944130921447, 47.29846086873131, 46.576100367020125, 48.85944130921447, 45.24694586928355, 48.797391693639085, 48.796639695563755, 48.7988809509074, 46.26050139984783, 46.23424997287224, 46.2435046091722, 48.85944130921447, 47.41573743902413, 46.57321688779937, 46.04006362765615], "rmse": [21.69432191414119, 32.016532023981995, 55.43967652129949, 54.036608814711194, 55.42335044004184, 55.450877738505916, 55.45087773850594, 53.9883334045589, 53.386429122355274, 55.45087773850594, 51.9446379868593, 55.42704197451574, 55.42681533812452, 55.42743337088532, 53.19988697351373, 53.18828808997932, 53.18643569264712, 55.45087773850594, 54.19851945847287, 53.37423332938898, 53.0329922176172], "r2": [0.31548208515087695, -0.49087500777587034, -3.4702728680451216, -3.2468686647094227, -3.467640410691259, -3.4720794282170573, -3.472079428217061, -3.239283890212514, -3.1452850905606056, -3.472079428217061, -2.9244075827675937, -3.4682355749211773, -3.4681990345365783, -3.4682986797629614, -3.116366901968357, -3.1145721592282367, -3.1142855664447007, -3.472079428217061, -3.272356696143812, -3.1433913784284435, -3.090580289048642]}