{"mae": [36.63818000095095, 33.98532325557573, 30.5641475186828, 27.949651298086295, 26.97470650263944, 25.684191908510737, 22.833059563383515, 16.030337992742272, 15.187141750742496, 13.651709591272475, 13.820840398830946, 11.933083456272783, 11.672234854655615, 11.539707959343971, 10.608630607088799, 9.836436603692494, 8.465184025010725, 8.387977842518964, 8.07823583829869, 8.00770350978888, 7.79424246387475], "rmse": [44.82355055477401, 42.49871293188012, 38.67493752530808, 36.76484426136153, 35.320424025827315, 33.826875631993715, 31.576332465855295, 25.958891991836886, 24.78249539899353, 21.54547455291829, 21.531593187776075, 17.578799967362922, 17.384861043136905, 16.809284601051463, 15.27375529892443, 14.864910011484676, 13.574376097646192, 12.67802095257145, 12.143393792886553, 12.114934794960158, 11.861425964697887], "r2": [-1.6534991770196643, -1.385382358498242, -0.9754483962290204, -0.78513846857006, -0.6476245902137543, -0.5112287983582999, -0.3168303266391659, 0.11002306683782237, 0.18885869698048152, 0.38691798526604393, 0.38770772640015727, 0.5918828021291386, 0.6008382710447184, 0.6268315588278562, 0.6918954551759345, 0.70816927335721, 0.7566416774331832, 0.7877198538294021, 0.8052459018224938, 0.8061576752395143, 0.8141852212525724]}