{"mae": [23.08197605451642, 15.0084422047773, 11.554327632087947, 10.021449047330918, 7.954524823634113, 7.802216905901469, 8.13729728031885, 8.522400102363811, 8.368204955499635, 8.730448037179428, 6.899681856977101, 7.444669251328135, 7.0743016886996415, 6.759313883714777, 6.4719241988836576, 6.567181269527519, 5.743791409380913, 5.863654834821664, 6.361293295202319, 5.651016973550554, 5.631303272050673], "rmse": [27.805600169789745, 19.719601480845956, 17.389006562712414, 15.664779372217906, 14.414473998360812, 15.145072089618099, 15.261642875187308, 15.083920571564724, 14.794272145147819, 15.35912785126636, 13.632656100153413, 14.008935876410897, 13.695495049947198, 13.525596600545285, 13.363363943051597, 13.596616453054288, 13.215344613986122, 13.261384390396733, 14.051788835950957, 13.292869291374146, 13.288130978098113], "r2": [0.04249057479550322, 0.5184129741232986, 0.6255204956425571, 0.6961025362560738, 0.7426784796526531, 0.7159327281878352, 0.7115429989163851, 0.7182220636116282, 0.7289398231272555, 0.707846144759686, 0.7698349016072159, 0.7569538167984542, 0.7677081455430136, 0.773435755871448, 0.7788382065005168, 0.7710502340162356, 0.7837104705532966, 0.7822008213340754, 0.7554645990120614, 0.781165405166091, 0.7813213868488678]}