{"mae": [15.203489592691982, 12.685552246743297, 36.84543825693509, 29.741147826762802, 24.522335718844044, 27.634888306290257, 23.668839142841133, 18.15743762481519, 25.117387016684138, 21.517831100412163, 40.585356867044766, 40.65569511099343, 40.68702778323382, 18.449279375154518, 17.443619372046797, 38.914818315191425, 17.08955076059779, 16.9615968616853, 37.972324059406, 15.51976018102303, 16.64201565841668], "rmse": [21.129644907744865, 17.880215115905855, 45.65519182130405, 38.85297227025475, 33.05572315631231, 37.528358636968825, 32.497634306441405, 28.80096685300809, 35.618311295226164, 31.428240660612047, 48.11204520730351, 48.08744858913087, 48.21106029524237, 26.937863608208012, 25.43092163249592, 46.83291814864678, 24.75609122394119, 24.601131561060672, 46.235449729859, 22.361470433502074, 23.12480704702014], "r2": [0.3233552652670718, 0.5154687542717185, -2.159051115521087, -1.2878355588638697, -0.6560354706889893, -1.1344965147649715, -0.600588912183502, -0.2571596812294419, -0.9227506193999468, -0.4969815564513773, -2.508196792542924, -2.504610675204491, -2.522651461938297, -0.0997718743998457, 0.019832025211358073, -2.3241357291412377, 0.07116096580925724, 0.08275262722915, -2.239861776954296, 0.24216086951333693, 0.18953820921640008]}