{"mae": [19.280399533804886, 16.594473789342942, 25.02644925491522, 14.395014377814281, 11.897727702325252, 12.331499455604595, 11.921539035817569, 11.385444543636915, 7.700936484477691, 8.101955826398388, 6.902865476551766, 6.944082345171907, 6.802579258854488, 7.404817405174973, 6.803300922845569, 7.072685994805964, 8.556104502668886, 6.91469324552632, 6.270846669435962, 6.132224565995303, 5.983477852019877], "rmse": [23.788952772728983, 20.94627688397913, 31.90854011329129, 17.647105623938774, 14.990428951892278, 15.369857500583368, 15.070198163058862, 14.554196701819546, 10.840536351930488, 11.378892142165382, 10.349026391818976, 10.287193823273995, 10.1779410917972, 10.471011017457839, 10.245276587438916, 10.591536324133509, 12.359864241189884, 10.43798121891035, 9.931088780666329, 10.192879746050963, 9.995911266160556], "r2": [0.015161716805761505, 0.23646674996545536, -0.7718548576046589, 0.4580474746352725, 0.608940901377355, 0.5888938666063378, 0.6047679088410298, 0.6313699336062818, 0.7954894040081506, 0.7746724804795412, 0.8136140107399237, 0.8158345666651226, 0.8197255662991412, 0.809194228449913, 0.8173323469711242, 0.8047764552758081, 0.7341469327833781, 0.8103960868421987, 0.8283641509040994, 0.8191959830019726, 0.8261162256045531]}