{"mae": [182.4537421470368, 127.21891259636645, 136.65168863947002, 56.6571177853339, 59.652712645419236, 48.126225907199796, 54.62246639598757, 53.4492126859252, 53.470157949495665, 53.24711671344951, 53.22190507615148, 54.345700216114125, 52.426846386771295, 52.3681106044505, 51.80035743946036, 51.26328910566108, 50.525825292863765, 51.24424216398436, 51.109409063539765, 50.67980664991101, 49.134273675701], "rmse": [303.57195391475585, 219.87212535758505, 234.70501459558974, 99.41385321679928, 104.20329621410332, 54.37517431110022, 99.38651568081116, 85.58126985643621, 86.04899090500035, 86.53770780481874, 86.34521322031534, 101.02604198301657, 84.3165442319263, 85.53524643581561, 97.53974553800428, 78.50723429782342, 72.5411920742738, 81.06875668289983, 81.71355991831828, 80.89150024066606, 55.146336595543396], "r2": [-148.93222956140545, -77.65241395185662, -88.62237417726419, -15.079240146277854, -16.66585336874521, -3.810309627367209, -15.070398192076922, -10.91596337947772, -11.04656617838985, -11.183792172620043, -11.129649172726161, -15.604981047143283, -10.566375943055503, -10.90315062420367, -14.478716423638362, -9.02746288961885, -7.561326965756024, -9.692487033795114, -9.863254895368865, -9.645780010220511, -3.9477191766245285]}