{"mae": [16.553832238182974, 18.087078370502127, 30.71582745988977, 20.15567009178959, 29.796792010289597, 15.768733289632513, 42.47216398356424, 14.269471277091121, 13.631663754659842, 13.976057027974905, 12.401356615622866, 10.414543265775002, 10.256801783002308, 11.318030077206574, 10.893716566863983, 10.408552249156243, 10.678503917144932, 11.01715805288508, 10.874805241063928, 10.868255110587821, 10.560420523499106], "rmse": [23.057019887676734, 22.60853795578527, 42.21914685932681, 27.254982354091936, 39.54943383936209, 22.514392433508796, 50.972145231325044, 21.461406224068543, 22.671118368022917, 23.127922383803483, 22.33419888647958, 16.419226415156146, 15.90892128582094, 21.38178964579201, 21.221921018603627, 20.907604190004264, 21.028004835092084, 21.44180443922398, 21.253946459861446, 17.85326829422887, 17.70836105182591], "r2": [0.2374998584527419, 0.2668741430847157, -1.55653937791784, -0.06543115142536937, -1.2434382592062092, 0.27296713420717866, -2.726485227907393, 0.33938271874152226, 0.26280994261380064, 0.23280312936612013, 0.284558153297482, 0.6133313486568607, 0.6369929610406283, 0.34427508484402336, 0.35404395309625536, 0.37303669991368327, 0.365794919553747, 0.34058891781928946, 0.35209289159330925, 0.5428391376061001, 0.5502301737014461]}