{"mae": [17.403289776676175, 18.35372397248031, 11.557024268260433, 15.243171485134704, 9.070934977273374, 9.975514094997273, 9.641058841111253, 8.179550951650679, 8.329571400398452, 7.573441542294114, 6.067394549560009, 5.339032585958576, 5.424372794312782, 5.238847891644588, 5.157512494644883, 5.240682400710599, 5.253503905191029, 5.0306498501140995, 4.957804877513181, 4.899516884133657, 7.970720664742348], "rmse": [22.909510445575552, 22.260278160374213, 16.14988282057837, 21.60052640376447, 13.258579518965595, 14.073020969425428, 14.004897839829784, 12.210992707453828, 12.36054035151369, 11.473543339636183, 10.039036939836715, 9.403001157562736, 9.410970511209555, 9.233728893279645, 9.106307219347682, 9.000257279575518, 8.822963808681042, 8.746163980892407, 8.709501087690862, 8.643054593135352, 13.008112257252503], "r2": [0.12505705989441918, 0.17394438553302138, 0.5652026738875451, 0.22218415933069025, 0.7069497414668282, 0.6698412716724993, 0.6730299273035938, 0.751429230202314, 0.7453034706932561, 0.7805461347677368, 0.831991127198543, 0.8526055629659486, 0.8523556137961038, 0.8578645685474277, 0.8617603232726596, 0.8649613890307449, 0.8702291620091175, 0.8724785199039296, 0.8735453892761282, 0.8754675231592152, 0.7179171610638735]}