{"mae": [17.91337128002843, 16.747415765172647, 17.648761864138248, 21.711473999674862, 23.09113638237419, 33.165692830305254, 31.849393204674566, 31.0814331072301, 28.247043882264563, 27.02129312309977, 25.859911331213706, 40.464326799235245, 35.119683271538804, 40.20118215051658, 40.18698612440209, 22.438069319795822, 19.875999128802864, 19.261399573419446, 18.583005242528817, 17.65319568384424, 16.49347622903128], "rmse": [24.000939028441753, 23.330916143933315, 23.399939554625448, 29.738269745482125, 32.02483856088345, 41.39661672027278, 40.0204000891501, 39.31709277271835, 36.564421909248495, 35.52284174843788, 34.343910327473544, 48.75483384164606, 43.3180612218969, 48.49575767449705, 48.459222403725036, 31.13832262288008, 28.190090366071658, 26.476367606269374, 25.03606476480335, 23.318808279061408, 22.01952468852435], "r2": [0.2288198984376293, 0.27127623437128723, 0.26695806674770084, -0.18394285443947211, -0.3730085637246494, -1.2941882151463364, -1.1441847349833494, -1.069484330159446, -0.7898505555178827, -0.6893309935152192, -0.5790607217299129, -2.18225303354597, -1.5121025785566897, -2.148522822176694, -2.1437806010650378, -0.2980450813719677, -0.06387911632290244, 0.0615391657675447, 0.16086568641130872, 0.27203239836860393, 0.35089459121667177]}