{"mae": [24.534757417471525, 18.01570790662205, 15.888778019309841, 11.603735648854808, 15.429415237982166, 9.411952667366517, 8.383434721114481, 7.262631662638032, 22.12247699871993, 6.988097837412361, 5.400297092968386, 5.221633237445435, 4.886390135575023, 5.127285284338917, 17.521309952270073, 22.10343845033879, 13.212465527038457, 13.288923780898271, 14.107911643191143, 12.692629350631679, 10.574648134825933], "rmse": [31.1304903147951, 22.818920740664602, 21.23598529327452, 15.943226696635389, 20.87620373245816, 14.490947953597027, 13.669197856557451, 12.516206165068175, 29.991508996311605, 12.102642598267694, 10.817660994019477, 10.61103298528033, 10.40697086654306, 10.444872596484919, 32.219401379909165, 33.47876132539539, 25.11070609874387, 25.37262095613422, 20.636660141113044, 19.362836359755818, 20.57847371812113], "r2": [-0.4502590250972325, 0.22077324719497582, 0.3251325426863173, 0.6196126222017149, 0.3478061370798434, 0.6857558163804837, 0.7203854835919166, 0.7655668240588023, -0.346078196489473, 0.7808032697311031, 0.8248781286642215, 0.8315042372405601, 0.8379226480944831, 0.8367399411588597, -0.5534904548836386, -0.677306450846157, 0.05639223777761693, 0.03660515554488397, 0.3626874382654284, 0.4389370316370651, 0.36627626118037626]}