{"mae": [11.246538475793484, 14.302613150624914, 16.956625247546064, 9.256535488945115, 7.830119624779166, 44.50454879068149, 10.420134230017823, 40.03826886820272, 36.68540338645258, 36.14629820830269, 12.590450826613717, 32.12550443629741, 31.152559552712336, 28.66027400007589, 28.030181448730435, 6.811071605315559, 18.038338321400776, 15.003748425450935, 25.811189350165446, 13.064388102058032, 12.5852675120279], "rmse": [14.25709307773591, 17.653310578575038, 20.504978137728628, 12.172702692579323, 10.228016626751074, 53.111624341114, 14.766691062058687, 49.02764724732912, 45.6491497629078, 45.18684309627246, 17.317379063949364, 41.4785182370498, 40.61828795970569, 38.10159409109853, 37.90450582976547, 11.16794541526818, 26.638869072902676, 21.303314576719146, 34.73431053301601, 17.848383603732014, 17.310247615219772], "r2": [0.7065241803376605, 0.5500516347688542, 0.39294369296124887, 0.7860637474169626, 0.8489595728632969, -3.0727665973453835, 0.6851695483568411, -2.470503285063601, -2.0086782080744228, -1.9480466849761204, 0.5670131754931409, -1.4840299124725678, -1.382064861465485, -1.0960259081516712, -1.074397748786426, 0.8199235503319997, -0.024570674202359477, 0.34475349171220393, -0.741918051419739, 0.5400526328436113, 0.5673697176155693]}