{"mae": [25.43677187028153, 36.43523392850002, 36.42116911678535, 15.100036607696918, 8.40454019883668, 8.921281311760218, 7.358408764321739, 7.302320709154991, 7.048459631276333, 6.636126152015921, 6.497646242202888, 13.720622780021737, 11.285118939207429, 10.886776234005884, 10.32999578705387, 9.326747250085209, 9.316575204631361, 7.454816341016135, 9.177675663265369, 8.74617793030351, 12.036881588554879], "rmse": [31.74006160976198, 43.902099844464146, 43.342524918105575, 19.969049609006785, 12.241893449221541, 12.856907699176727, 11.199152082234432, 11.295139664862297, 11.092737838329972, 10.278674599353103, 10.121266982930527, 20.317573180431875, 19.434896475622594, 18.429777720440512, 18.065302276595045, 16.264648670067587, 14.891118770453698, 13.385441146410272, 14.408962820317257, 13.925851596805845, 18.20483577176724], "r2": [-0.590629418519411, -2.043154947765788, -1.966073403836797, 0.3703948505712572, 0.763380425020325, 0.7390083988434589, 0.8019732936361792, 0.7985641848686894, 0.8057187102536962, 0.8331878367177574, 0.8382578388961461, 0.3482258304528725, 0.4036270416336545, 0.4637174396686231, 0.48471921813297936, 0.5823207957660845, 0.6498870823282509, 0.7171091781663131, 0.6721924732956499, 0.6938057681924044, 0.47672858556281184]}