{"mae": [17.40328977667674, 18.35372397247055, 11.557024264013759, 15.243171485143199, 9.07093497727394, 9.975514094999179, 9.641058855639075, 8.179550951650723, 8.329571400398432, 7.573441542294266, 6.067394549559938, 5.339032585958624, 5.4243727943126565, 5.23884789164461, 5.157512494645231, 5.2406824007106385, 5.253503905190979, 5.030649850114153, 4.95780487751321, 4.899516882666148, 7.970720664742153], "rmse": [22.909510445761725, 22.260278160367307, 16.149882829135564, 21.600526403795538, 13.258579518965503, 14.073020969429464, 14.004897852560502, 12.210992707453855, 12.360540351513682, 11.47354333963632, 10.039036939836667, 9.403001157562796, 9.410970511209426, 9.233728893279705, 9.106307219347844, 9.000257279575477, 8.822963808681013, 8.746163980892469, 8.709501087690803, 8.643054592820203, 13.008112257252025], "r2": [0.125057059880199, 0.17394438553353386, 0.5652026734267809, 0.2221841593284526, 0.7069497414668322, 0.6698412716723099, 0.6730299267091499, 0.7514292302023129, 0.7453034706932564, 0.7805461347677316, 0.8319911271985445, 0.8526055629659467, 0.8523556137961079, 0.8578645685474258, 0.8617603232726547, 0.8649613890307462, 0.8702291620091183, 0.8724785199039278, 0.87354538927613, 0.8754675231682967, 0.7179171610638941]}