{"mae": [16.553832238182974, 18.08707837047392, 30.715826777551992, 20.155670091860095, 29.796792010289366, 15.768733289585048, 42.47216398356425, 14.26947127754168, 13.63166375465976, 13.976057027974136, 12.401356615622877, 10.414543265774993, 10.256801783002317, 11.318030077206638, 10.893716566864054, 10.408552249156289, 10.678503917145022, 11.017158052884543, 10.87474557474991, 10.868255110588143, 10.560420523472901], "rmse": [23.057019887676734, 22.608537955701706, 42.219146254043515, 27.254982354159093, 39.54943383936194, 22.51439245482164, 50.972145231325044, 21.461406224810755, 22.671118368022825, 23.127922383815662, 22.3341988864796, 16.419226415156, 15.908921285821075, 21.38178964579173, 21.22192101860399, 20.90760419000426, 21.028004835092194, 21.44180443922259, 21.25397188759035, 17.853268294216385, 17.70836105180166], "r2": [0.2374998584527419, 0.26687414309013524, -1.5565393046131577, -0.06543115143062006, -1.2434382592061923, 0.2729671328307136, -2.726485227907393, 0.33938271869582937, 0.26280994261380686, 0.23280312936531222, 0.2845581532974806, 0.6133313486568674, 0.6369929610406221, 0.3442750848440407, 0.35404395309623315, 0.3730366999136835, 0.3657949195537403, 0.34058891781937484, 0.3520913413102884, 0.5428391376067394, 0.550230173702678]}