{"mae": [24.186595916748047, 20.138704299926758, 18.13103675842285, 22.830442428588867, 23.483686447143555, 26.732135772705078, 21.20525360107422, 21.5344181060791, 17.52667999267578, 20.37117576599121, 16.02094078063965, 16.472999572753906, 16.308698654174805, 16.153465270996094, 16.24765968322754, 16.586763381958008, 16.0716609954834, 15.713749885559082, 15.946419715881348, 15.53833293914795, 15.893573760986328], "rmse": [30.73843765258789, 25.334766387939453, 22.417551040649414, 27.89876937866211, 27.860876083374023, 32.10542678833008, 26.063989639282227, 26.28992462158203, 21.754249572753906, 25.17633056640625, 21.133329391479492, 21.820661544799805, 21.496736526489258, 21.28525733947754, 21.65509033203125, 22.263778686523438, 21.43851661682129, 20.817142486572266, 20.884790420532227, 20.21265411376953, 20.98322105407715], "r2": [-0.37422001361846924, 0.06647396087646484, 0.26908135414123535, -0.13204264640808105, -0.12896955013275146, -0.4991656541824341, 0.011960029602050781, -0.005243659019470215, 0.3116949796676636, 0.07811331748962402, 0.3504261374473572, 0.30748599767684937, 0.32789403200149536, 0.34105294942855835, 0.31795549392700195, 0.27907443046569824, 0.33152973651885986, 0.3697180151939392, 0.36561501026153564, 0.4057907462120056, 0.3596211075782776]}