{"mae": [22.539657592773438, 18.14681625366211, 14.130706787109375, 14.728133201599121, 17.592548370361328, 16.075267791748047, 13.886161804199219, 13.985625267028809, 13.536809921264648, 13.684353828430176, 13.642541885375977, 14.02689266204834, 14.481576919555664, 14.299560546875, 14.577062606811523, 14.349056243896484, 14.255354881286621, 14.21264934539795, 14.148994445800781, 13.459120750427246, 13.034870147705078], "rmse": [26.916736602783203, 24.751184463500977, 20.7069149017334, 20.56578254699707, 23.803876876831055, 22.28504753112793, 20.50851821899414, 19.952966690063477, 19.54861068725586, 19.618587493896484, 19.624948501586914, 19.71914291381836, 20.093547821044922, 19.868501663208008, 20.24315071105957, 20.068166732788086, 19.98560905456543, 19.892168045043945, 19.86235237121582, 19.077123641967773, 18.8743896484375], "r2": [0.10272955894470215, 0.24129927158355713, 0.46898192167282104, 0.47619569301605225, 0.29826366901397705, 0.3849567770957947, 0.47910869121551514, 0.5069471001625061, 0.5267285108566284, 0.523334264755249, 0.5230250358581543, 0.5184353590011597, 0.4999748468399048, 0.5111126899719238, 0.49250149726867676, 0.5012373328208923, 0.5053325891494751, 0.5099472999572754, 0.5114152431488037, 0.5492826700210571, 0.5588113069534302]}