{"mae": [18.345582962036133, 17.593469619750977, 19.73456382751465, 19.32990264892578, 20.22049331665039, 17.67692756652832, 17.99020767211914, 19.771034240722656, 19.981081008911133, 19.70170021057129, 20.90142822265625, 19.094573974609375, 19.04098892211914, 18.871509552001953, 17.374303817749023, 17.966691970825195, 18.512575149536133, 17.321516036987305, 16.892948150634766, 16.915800094604492, 14.763015747070312], "rmse": [25.140729904174805, 23.376615524291992, 25.994033813476562, 25.723770141601562, 25.834712982177734, 23.69240379333496, 24.173912048339844, 25.79165267944336, 25.980724334716797, 26.560972213745117, 28.061656951904297, 26.006153106689453, 25.9470272064209, 25.97471046447754, 24.224851608276367, 24.74703025817871, 25.228229522705078, 23.729106903076172, 23.255714416503906, 23.21795082092285, 21.131032943725586], "r2": [0.042073845863342285, 0.17179173231124878, -0.024055957794189453, -0.0028721094131469727, -0.011541247367858887, 0.14926451444625854, 0.11433357000350952, -0.008172035217285156, -0.023007512092590332, -0.0692131519317627, -0.19344639778137207, -0.025011062622070312, -0.020355582237243652, -0.02253401279449463, 0.11059707403182983, 0.07184076309204102, 0.035394251346588135, 0.14662659168243408, 0.1803363561630249, 0.1829962134361267, 0.32326632738113403]}