{"mae": [21.141220092773438, 15.364006996154785, 18.482540130615234, 15.894577026367188, 16.38538360595703, 18.185230255126953, 17.964494705200195, 19.71028709411621, 19.30890655517578, 19.726234436035156, 17.988765716552734, 18.306875228881836, 19.195755004882812, 16.31508445739746, 15.318290710449219, 15.312789916992188, 15.7047758102417, 15.672050476074219, 12.295454025268555, 12.281417846679688, 13.179590225219727], "rmse": [28.288732528686523, 19.971940994262695, 21.9461669921875, 19.848289489746094, 20.03125, 21.777891159057617, 21.9642276763916, 25.191211700439453, 24.384653091430664, 24.948457717895508, 23.088747024536133, 23.697118759155273, 24.78904914855957, 21.520931243896484, 20.161088943481445, 20.056760787963867, 20.36248779296875, 20.37406349182129, 16.286205291748047, 16.377126693725586, 17.796072006225586], "r2": [-0.07133746147155762, 0.4660016894340515, 0.35521233081817627, 0.47259342670440674, 0.4628254175186157, 0.3650624752044678, 0.3541507124900818, 0.15043330192565918, 0.2039644718170166, 0.16672813892364502, 0.28632569313049316, 0.2482205629348755, 0.17734253406524658, 0.37995755672454834, 0.4558391571044922, 0.4614563584327698, 0.4449130892753601, 0.44428181648254395, 0.6449094414710999, 0.640933632850647, 0.5760178565979004]}