{"mae": [16.70368194580078, 16.1723575592041, 18.79991340637207, 22.26865005493164, 22.019977569580078, 20.634130477905273, 20.47015953063965, 19.382854461669922, 20.3375301361084, 20.161436080932617, 20.033851623535156, 19.99875259399414, 13.784858703613281, 13.124771118164062, 12.10496711730957, 10.421278953552246, 10.743477821350098, 10.589353561401367, 10.590479850769043, 10.450135231018066, 10.154540061950684], "rmse": [20.89243507385254, 20.809858322143555, 23.428604125976562, 27.558000564575195, 27.472946166992188, 25.41667938232422, 25.575956344604492, 24.00358009338379, 25.211097717285156, 25.394607543945312, 25.54389762878418, 26.04042625427246, 17.64750099182129, 16.618724822998047, 15.25341510772705, 13.20882797241211, 13.559444427490234, 13.450971603393555, 13.417867660522461, 13.454981803894043, 12.77737808227539], "r2": [0.4235195517539978, 0.428067684173584, 0.2750646471977234, -0.003002166748046875, 0.0031795501708984375, 0.1468132734298706, 0.13608652353286743, 0.23904579877853394, 0.16055935621261597, 0.14829444885253906, 0.13825100660324097, 0.10442370176315308, 0.5886865854263306, 0.6352444887161255, 0.6927155256271362, 0.7695721387863159, 0.7571767568588257, 0.761046290397644, 0.7622210383415222, 0.7609038352966309, 0.7843795418739319]}