{"mae": [18.902259826660156, 15.308557510375977, 14.521431922912598, 14.192216873168945, 14.031673431396484, 14.261338233947754, 14.368284225463867, 14.595484733581543, 14.525049209594727, 14.358294486999512, 14.4060640335083, 14.128381729125977, 14.4847412109375, 14.330836296081543, 14.225401878356934, 14.16394329071045, 14.016555786132812, 13.41284465789795, 13.471871376037598, 13.508031845092773, 13.435113906860352], "rmse": [23.789756774902344, 20.532489776611328, 18.35866928100586, 17.007158279418945, 16.78386878967285, 17.602188110351562, 17.773067474365234, 17.76919937133789, 17.749855041503906, 17.559675216674805, 17.673473358154297, 17.296424865722656, 17.764616012573242, 17.64149284362793, 17.530576705932617, 17.436128616333008, 17.258037567138672, 16.647830963134766, 16.63263702392578, 16.551143646240234, 16.44951629638672], "r2": [0.18287146091461182, 0.3913135528564453, 0.513376772403717, 0.5823871493339539, 0.5932809114456177, 0.5526539087295532, 0.5439261198043823, 0.5441247224807739, 0.545116662979126, 0.5548121333122253, 0.5490231513977051, 0.5680603981018066, 0.5443597435951233, 0.5506538152694702, 0.5562863349914551, 0.5610545873641968, 0.5699754953384399, 0.5998473167419434, 0.6005774140357971, 0.6044818162918091, 0.609324038028717]}