{"mae": [19.53582763671875, 19.877851486206055, 19.40995979309082, 18.48944091796875, 15.785598754882812, 13.039734840393066, 13.90087890625, 15.237846374511719, 14.842799186706543, 14.947607040405273, 15.150856018066406, 14.648665428161621, 14.829119682312012, 14.057709693908691, 14.102656364440918, 14.195526123046875, 14.460174560546875, 14.437543869018555, 12.714192390441895, 12.240814208984375, 12.513827323913574], "rmse": [24.859407424926758, 24.75389289855957, 24.692432403564453, 23.96237564086914, 20.031579971313477, 17.847719192504883, 18.569490432739258, 20.2042236328125, 19.757863998413086, 19.7729549407959, 20.06644630432129, 19.441162109375, 19.487459182739258, 18.87383270263672, 18.963544845581055, 19.073928833007812, 19.661949157714844, 19.58719253540039, 17.328353881835938, 16.738893508911133, 16.880434036254883], "r2": [0.07518428564071655, 0.0830182433128357, 0.087566077709198, 0.14072257280349731, 0.3995123505592346, 0.5233066082000732, 0.4839714765548706, 0.3891170024871826, 0.41581064462661743, 0.41491788625717163, 0.39742010831832886, 0.43438857793807983, 0.43169158697128296, 0.4669181704521179, 0.46183842420578003, 0.4555549621582031, 0.42146873474121094, 0.42585963010787964, 0.5506463646888733, 0.580697774887085, 0.5735767483711243]}