{"mae": [20.167856216430664, 22.730606079101562, 22.064876556396484, 23.602188110351562, 23.58464241027832, 25.137897491455078, 24.78165054321289, 24.87122917175293, 25.942838668823242, 25.90326499938965, 25.929027557373047, 25.505699157714844, 25.4700870513916, 25.469562530517578, 25.173023223876953, 25.177326202392578, 24.89977264404297, 24.614456176757812, 24.53838539123535, 24.1694278717041, 23.839488983154297], "rmse": [24.01430892944336, 27.468244552612305, 27.79480743408203, 30.039098739624023, 30.087186813354492, 32.132808685302734, 31.718748092651367, 31.887699127197266, 33.16244125366211, 33.10588455200195, 33.12539291381836, 32.65703582763672, 32.63990783691406, 32.631202697753906, 32.3096809387207, 32.28619384765625, 31.962556838989258, 31.664268493652344, 31.55557632446289, 31.143943786621094, 30.75682258605957], "r2": [0.03863495588302612, -0.25779521465301514, -0.28787994384765625, -0.5042566061019897, -0.5090764760971069, -0.721255898475647, -0.6771820783615112, -0.6950966119766235, -0.8333320617675781, -0.8270840644836426, -0.8292380571365356, -0.7778768539428711, -0.7760121822357178, -0.7750650644302368, -0.7402570247650146, -0.7377279996871948, -0.7030645608901978, -0.6714253425598145, -0.6599702835083008, -0.6169451475143433, -0.5769976377487183]}