{"mae": [18.2402286529541, 20.390247344970703, 21.70226287841797, 17.277639389038086, 15.771772384643555, 15.883678436279297, 15.324050903320312, 15.07242488861084, 16.5744686126709, 16.169782638549805, 15.533371925354004, 14.504316329956055, 14.536917686462402, 14.496591567993164, 14.7167387008667, 14.886964797973633, 14.601364135742188, 14.488020896911621, 12.346648216247559, 12.578629493713379, 12.607131004333496], "rmse": [23.740116119384766, 26.163742065429688, 27.399866104125977, 22.29716682434082, 20.081029891967773, 20.551156997680664, 19.95137596130371, 19.502010345458984, 21.3715877532959, 21.174251556396484, 19.84902000427246, 19.13227081298828, 19.28995704650879, 19.17354965209961, 19.447650909423828, 19.682186126708984, 19.370084762573242, 19.25815773010254, 16.922962188720703, 17.166515350341797, 17.267070770263672], "r2": [0.11014527082443237, -0.08081960678100586, -0.18536019325256348, 0.2150304913520813, 0.36331385374069214, 0.3331533670425415, 0.3715088963508606, 0.39950108528137207, 0.2788476347923279, 0.29210376739501953, 0.3779410123825073, 0.42205512523651123, 0.41248905658721924, 0.41955840587615967, 0.4028441309928894, 0.3883540630340576, 0.407598078250885, 0.41442447900772095, 0.5478253960609436, 0.5347163677215576, 0.5292494297027588]}