{"mae": [175.82127380371094, 203.02137756347656, 132.92431640625, 127.4463119506836, 118.52062225341797, 113.86090850830078, 109.78849029541016, 110.90229034423828, 110.67709350585938, 111.53145599365234, 109.912109375, 108.94530487060547, 108.60556030273438, 109.30557250976562, 110.34660339355469, 110.19317626953125, 110.53023529052734, 110.24539184570312, 110.51835632324219, 109.38504028320312, 109.66395568847656], "rmse": [228.278076171875, 317.28558349609375, 240.49081420898438, 244.16168212890625, 247.89317321777344, 252.41273498535156, 258.6058349609375, 258.69708251953125, 256.94427490234375, 256.9571228027344, 258.21795654296875, 263.0489501953125, 263.0663146972656, 263.4595947265625, 263.746337890625, 263.7738952636719, 264.4735412597656, 264.726318359375, 264.9664611816406, 265.43896484375, 264.6619873046875], "r2": [-83.78131866455078, -162.7843475341797, -93.09546661376953, -95.98995208740234, -98.97718048095703, -102.65595245361328, -107.80489349365234, -107.8816909790039, -106.41122436523438, -106.42195129394531, -107.47872924804688, -111.57577514648438, -111.59062194824219, -111.92752075195312, -112.17346954345703, -112.19711303710938, -112.79840850830078, -113.01605224609375, -113.2229995727539, -113.63075256347656, -112.96063232421875]}