{"mae": [21.751239776611328, 24.16996192932129, 16.729671478271484, 18.209630966186523, 17.861042022705078, 18.859127044677734, 18.69260597229004, 18.929214477539062, 18.745790481567383, 18.399078369140625, 18.70075798034668, 18.59017562866211, 18.04739761352539, 17.8372859954834, 17.6050968170166, 17.669925689697266, 17.513500213623047, 16.208219528198242, 16.071393966674805, 15.967609405517578, 15.79312801361084], "rmse": [27.20139503479004, 29.186445236206055, 20.896530151367188, 22.50853157043457, 21.8144588470459, 22.850637435913086, 22.580495834350586, 22.934406280517578, 22.722991943359375, 22.34817123413086, 22.698490142822266, 22.5333194732666, 21.75811767578125, 21.590295791625977, 21.359161376953125, 21.502626419067383, 21.309776306152344, 20.41947364807129, 20.16743278503418, 20.053241729736328, 19.84000015258789], "r2": [-0.2876462936401367, -0.482438325881958, 0.24008923768997192, 0.11832499504089355, 0.17186123132705688, 0.09132027626037598, 0.11267822980880737, 0.08464574813842773, 0.1014438271522522, 0.13084310293197632, 0.10338044166564941, 0.11638188362121582, 0.17613345384597778, 0.1887935996055603, 0.2060692310333252, 0.19536817073822021, 0.20973634719848633, 0.2743898630142212, 0.2921920418739319, 0.3001847267150879, 0.314988911151886]}