{"TreeBasedRegressor_Representativity_self": [66.0472979999613, 50.97234530001879, 37.048581999959424, 36.57521799998358, 39.65980320004746, 41.06410269998014, 41.313363699940965, 39.242222800152376, 35.77823509997688, 45.451600099913776, 43.869171699974686, 39.28939709998667, 34.81448969990015, 34.205242400057614, 34.92284770007245, 31.22740749991499, 32.86139350011945, 30.61218040017411, 32.24476019991562, 32.27313570003025], "random_state": 50}