{"TreeBasedRegressor_Representativity_self": [563.2142301260028, 626.7059004609982, 609.2630338250019, 560.1296191119982, 373.25168221900094, 377.7416810499999, 345.8760165030035, 392.5888967560022, 293.7230728459981, 254.4979884669956, 291.7744860219973, 349.6689253440054, 257.34522606399696, 304.5773723349994, 261.3972520479947, 166.39386758299952, 141.22830480999983, 139.72184209999978, 78.88224287799676, 99.23688105700421], "random_state": 35}