{"TreeBasedRegressor_Representativity_self": [606.4341783789569, 718.7717085939948, 450.39298229297856, 349.97101927903714, 113.86625445698155, 112.78419905900955, 224.74821908801096, 85.02374147600494, 186.12345775595168, 84.58641869301209, 180.300729613984, 101.45352910400834, 115.7625744290417, 116.38712479599053, 239.44624127499992, 48.60960479499772, 73.18478569097351, 45.00721289101057, 77.7704923999845, 72.45655818399973], "random_state": 43}