{"TreeBasedRegressor_Representativity_self": [10.79740216198843, 12.295702343981247, 11.802576774964109, 13.497288718004711, 13.143878317961935, 8.910357793036383, 2.8986098269815557, 1.391521190002095, 3.996891620045062, 3.7571168880094774, 4.115184356982354, 4.16454726603115, 2.36136241996428, 5.087683266960084, 3.273770681989845, 3.1976423590094782, 2.4679238499957137, 1.4867993390071206, 1.7449532360187732, 2.920494076970499], "random_state": 43}