{"TreeBasedRegressor_Representativity_self": [616.3646924900022, 662.4837131910026, 687.8710542359986, 697.0907043979969, 424.9734957949986, 655.4470039549997, 657.4102211479985, 397.86480171100266, 397.70587041100225, 401.2703558620051, 402.71171281600255, 178.27270077499998, 345.49038935899443, 275.56899837099627, 189.37816889300302, 337.04619070999615, 336.61361715799285, 220.16671801600023, 151.85285115800798, 180.40734564099694], "random_state": 36}