{"TreeBasedRegressor_Representativity_self": [695.4344493900426, 722.4449547301047, 329.04105227207765, 193.20311364112422, 225.69313144637272, 195.30181970307603, 148.22336250683293, 99.9146890421398, 344.72133603831753, 390.44477333361283, 318.90511216502637, 216.7014907388948, 204.85661948565394, 65.89343061996624, 326.0221387189813, 202.3772754566744, 199.25397835997865, 192.77658396819606, 153.47706904169172, 149.6688526798971], "random_state": 38}