{"mae": [0.526893818190786, 0.5677210806620827, 0.5917042676011289, 0.5602144705775036, 0.4777404782259837, 0.8194651506389327, 0.7917703283267623, 0.812505014805307, 0.8215374848937461, 0.8213061880446422, 0.8260275355532566, 0.8894833839098165, 0.9162550345038665, 1.0623587790590454, 1.02323367975224, 0.9043978207158068, 0.7030474843436088, 1.028445843609871, 1.1342136130790212, 0.7070008342329046, 1.0346135986955682], "rmse": [1.0543833356935441, 1.1243299657788048, 1.1144548935734124, 1.1864828690564189, 1.1216264371703375, 2.3382579826719594, 2.3453087052349755, 2.2946453129156006, 2.30179782514589, 2.305086802894242, 2.3111408363358352, 2.289258439741729, 2.3212383517672865, 2.672540470224299, 2.3546429088186986, 2.4815516978591066, 1.9353465526595324, 2.3484269574016086, 2.810758512075, 1.9319867693984176, 2.4499961120870783], "r2": [0.06004755832778663, -0.06879985200650474, -0.050107607441298496, -0.19023237120301606, -0.0636660264808282, -3.6226782336769725, -3.6505984737394304, -3.451844071692107, -3.4796405204564573, -3.49245134505656, -3.5160801004346167, -3.430966448513722, -3.555628365926519, -5.038893832466385, -3.6876904069720107, -4.206615034317031, -2.166841299688185, -3.66297328757363, -5.679683464813947, -2.155855499877136, -4.075041570557391]}