{"mae": [0.6206132891203923, 0.5923886292136744, 0.49728409233972193, 0.5880486733924426, 0.5871446609902401, 0.5945594701400093, 0.4935830321928318, 0.4916470824024904, 0.5526774628224096, 0.5532227758003544, 0.663072262079649, 0.6051294198465839, 0.6261016438554226, 0.6704432993918408, 0.9313248141619727, 0.9198360116754555, 0.9297244904637307, 0.72852579330943, 0.7226653259946751, 0.7357460898539507, 0.7053541263991195], "rmse": [1.4720682645005505, 1.5263254187723763, 1.4121529868652911, 1.4615145184472662, 1.4653185488736586, 1.4692930331897214, 1.4103860176915384, 1.4064007458469918, 1.5411595624159071, 1.5442407520516248, 1.535823527116803, 1.4729063126300932, 1.5147321644948482, 1.5329210870881784, 1.980659358900701, 1.9757790641859674, 1.9747501246847008, 1.6208254963507753, 1.621298575693523, 1.6404507456599426, 1.624152763509157], "r2": [0.09331934415353926, 0.025251167709096967, 0.16562372282604576, 0.10627333058733301, 0.1016148918882841, 0.0967347790411398, 0.16771045818468222, 0.17240734799987767, 0.006212200974134219, 0.0022345341993044165, 0.013081971862164532, 0.09228670411231188, 0.040002405199658586, 0.016808654860906658, -0.6414136122533072, -0.6333347740579591, -0.6316340119747836, -0.09918544597523882, -0.09982719034245968, -0.1259648692110702, -0.1037029434119463]}