{"mae": [0.893377070289056, 0.7345655095765141, 1.0439013990541708, 0.6459246621610035, 0.7863883116106102, 0.51741481596721, 0.8343653374010207, 0.6504726480997937, 0.6110123944543068, 0.6278329029122063, 0.6910685976948853, 0.826850716108569, 0.5610887749629417, 0.6668211467195597, 0.8290829144965042, 0.8296885168291923, 0.8205065298670817, 0.724760081520313, 0.7251503704804261, 0.7431932111614308, 0.6814485573247231], "rmse": [1.5386794959631345, 1.5339790810456986, 1.8052179677180642, 1.5303790258196028, 1.4957172628952868, 1.356351187728522, 1.5036144006283199, 1.3084541791640008, 1.428642428892588, 1.353067893971004, 1.4481419176042272, 1.493399006578796, 1.3997592000299641, 1.422352311499534, 1.4963508139449793, 1.4501949821875775, 1.445168434826088, 1.3480231825806173, 1.3496779001603552, 1.412126430881897, 1.3157946366067825], "r2": [-0.2745852572598162, -0.2668098515473456, -0.7544130646182707, -0.2608707433499453, -0.20440228279158723, 0.009585792187268849, -0.21715394391073084, 0.07829998390233361, -0.09880251737480239, 0.01437494267367423, -0.1290022493606755, -0.20067169883755498, -0.054822096816833144, -0.08914806321830326, -0.20542281247943084, -0.1322057442464235, -0.12437062844767555, 0.021710753292631058, 0.01930755135834239, -0.0735436845654116, 0.06792946009606105]}