{"mae": [0.6024243561777235, 0.5853902621552942, 0.5487686789060012, 0.5837725834740798, 0.5378303149968735, 0.5143927239941429, 0.8450549001782547, 0.8487748652690235, 0.8455300108290943, 0.8386915293573233, 0.8327705503306606, 0.7519868353486243, 1.2072754495966511, 0.7936785746081012, 0.7288759951239083, 0.7965394858499549, 0.7783602626235303, 0.7867563904266873, 0.7836322506626988, 0.7786167623118784, 0.7165196732318827], "rmse": [1.1515325984771125, 1.2598708660507345, 1.3797051110294165, 1.2592623428910577, 1.322706492452532, 1.277339389215599, 2.540559936066884, 2.548694532709363, 2.5475176169699516, 2.5110803056596414, 2.509606356106119, 1.879015059037343, 3.0710341945360278, 1.9490962421650797, 1.8622042918576225, 1.9635979021317904, 1.9632142151897578, 2.0987987861953874, 1.9696885913891569, 1.8755222390777464, 1.8140164795132434], "r2": [0.1923388584802389, 0.033217498523489764, -0.15944262123794228, 0.03415119336527406, -0.06562324482570392, 0.006222123627931064, -2.931294737504175, -2.9565101980437394, -2.952857030549822, -2.840589750925458, -2.836082388781619, -1.1504890533257814, -4.744417797701951, -1.3138930580909967, -1.1121821169589037, -1.348452787450658, -1.3475351019785324, -1.6829854874532346, -1.3630442470926387, -1.14250158152399, -1.0042835914624502]}