{"mae": [2.6608800050811485, 2.4295669173275396, 0.908791552233849, 3.760236335265789, 0.7974037594024861, 2.877570372520028, 0.7339927918333498, 0.9100452064367343, 2.8109935612114363, 0.7293996621257408, 0.8337665562632292, 0.8344479518430413, 0.7951834693910675, 2.4409660248149767, 0.7793565721242074, 2.381155709124668, 2.4294818798496274, 2.270734424093378, 0.7141903726092085, 0.7153121450303763, 0.7760137295979511], "rmse": [3.5296284107877267, 3.479602979277199, 1.7519386495028237, 5.07722571900449, 1.414220057919499, 4.006882495424336, 1.8281438855114014, 2.4488127777041138, 3.9868702895237926, 1.221513059258185, 1.2623030525486534, 1.2605100643416698, 1.2373398040441714, 3.7361990492097075, 1.222580106682231, 3.702051829473845, 3.7502179934295414, 3.7069103561302508, 1.9503719877867491, 1.9510202365544969, 1.6592958846096624], "r2": [-2.6839851365252647, -2.5802988938596103, 0.09239331988508481, -6.622770401091172, 0.4085828945141913, -3.7475889414399113, 0.011718547699436255, -0.7732544635715397, -3.700284102082133, 0.5587790502873422, 0.5288196600401179, 0.5301572481813254, 0.5472714693796426, -3.1278119830203073, 0.5580078603135479, -3.052704005475081, -3.158846802283171, -3.0633484220936342, -0.12485047960549522, -0.1255983411640249, 0.18584411135290602]}