{"mae": [0.6191656254079297, 1.74631870550389, 0.7449129779359785, 0.5921335005194744, 0.6147532945555825, 0.7866413702621358, 0.7523953487827829, 0.8270298076178582, 0.766982362920835, 0.8199200212695714, 0.8890219265599779, 0.6105471736908538, 0.6078165483692601, 0.624149496713848, 0.6427483386712296, 0.6816721955777877, 0.6774708196009158, 0.7917488434850086, 0.780351435344727, 0.7833694157521072, 0.5015422455726268], "rmse": [1.4106190175343807, 3.1687781129153145, 1.403594343215824, 1.3260802360376163, 1.4115557842901825, 1.3327848723966182, 1.308175815369699, 1.3623781533324055, 1.321406297598312, 1.3299208262769326, 1.4013387293636264, 1.279591311979522, 1.2781857033697384, 1.2880443978387737, 1.290563233178693, 1.1440819379194986, 1.1453702207594867, 1.3169390611486889, 1.3059212219537675, 1.3056246691086908, 0.813789410651897], "r2": [-0.23243242704066058, -5.219096660883824, -0.22018832720217363, -0.08913885627213558, -0.2340698430317958, -0.1001800283986709, -0.059926814898241254, -0.14957944324709538, -0.08147476981511503, -0.0954567143492866, -0.2162697274764016, -0.014112679955666119, -0.011885933669640858, -0.027555560357049425, -0.031578362650473535, 0.1893042316549598, 0.18747745083847978, -0.07417491484783145, -0.05627647263349855, -0.055796801697918896, 0.5898263888579056]}