{"mae": [0.4381859534369537, 0.402414872877279, 0.7531622322189232, 0.7471786474183528, 1.4711854091396468, 1.5019271132009926, 1.4523282438440264, 1.4459569807600985, 1.4392165075402255, 1.4500732484409886, 1.2216681716372955, 1.15306051899571, 0.6703159372510779, 0.6518604816396792, 0.6307277694380637, 0.5798978921789822, 0.5800812551543049, 0.5794132580030675, 0.5838209397486522, 0.57241090313594, 0.5406811350400165], "rmse": [1.047046016540166, 1.0140283437708602, 1.3004052835095516, 1.2955413925536743, 2.972929010788622, 2.9998280250854337, 2.935213001425904, 2.941510010631134, 2.93073831907921, 2.937186394013477, 2.5238354042869258, 2.478062110473882, 1.1105053198639205, 1.0318393746280783, 1.017722066171991, 0.9726142943512278, 0.9697444753755603, 0.9669817281145954, 0.9687013574132604, 0.9463371608857618, 0.9312179947326894], "r2": [0.16854492452754133, 0.220156530230034, -0.28252163998748636, -0.2729455802165921, -5.703109732305317, -5.824957749191918, -5.5341108191530735, -5.562176578742182, -5.51420372290561, -5.542899755696414, -3.8309140156702, -3.657272245255153, 0.06470516134680615, 0.19252061469007398, 0.21446483207498557, 0.28255510937515516, 0.2867826832423197, 0.29084072616663204, 0.28831622054567185, 0.32079786921642706, 0.3423270643751227]}