{"mae": [0.7932199283278366, 0.8108205210226809, 0.725906667594456, 1.0646246947722375, 0.9580642216676978, 0.6768624643371336, 1.1703182019573648, 0.9958098212644726, 0.9276517092559815, 0.6971721175720909, 1.3571507522088253, 1.3574492762169819, 1.351547889756782, 1.3517679987423181, 0.7742960390131577, 0.5760940451585432, 0.5752146980791514, 1.3327550572308602, 1.3160203570918367, 0.6653402530604374, 0.8000853503503527], "rmse": [2.2432189471979527, 1.6060302392628794, 1.605713412355125, 2.3964687009700123, 2.305961076675062, 1.6040509792762596, 2.5507789030767993, 2.2918306125168564, 2.2510297741010055, 1.7005445179554672, 2.6710860801674103, 2.6709211379485813, 2.671362957126438, 2.6722073344244746, 2.0300204360506524, 1.4153486618300073, 1.4355410234360557, 2.6375401352782433, 2.551184660532561, 1.9528234825525745, 2.212489722389086], "r2": [-0.1246537641107397, 0.4235217208262336, 0.42374914595278057, -0.28356845282723353, -0.18844600967433922, 0.42494174055307954, -0.4541899698322067, -0.1739255210543551, -0.1324994267380717, 0.3536741539314904, -0.5945982394275169, -0.5944013094573917, -0.5949288393264636, -0.595937264287562, 0.07896458026362196, 0.5522842326864994, 0.5394182477162315, -0.5547968999030004, -0.45465264839029573, 0.14768233501538974, -0.09405218032020879]}