{"mae": [0.42097715911059114, 0.5187498333541557, 3.0036996072566375, 2.345830448783671, 2.3032567199836693, 0.9639118556064503, 0.9244907881638036, 1.9229953378145341, 0.9113176765702107, 0.8921358579816168, 1.2844987536003847, 0.42041038846055595, 0.5835327403151536, 0.5663252907486037, 0.6781796060301377, 0.6511901391050609, 0.49089893468945917, 0.6201402567901865, 0.6070633476093072, 0.6071025873150728, 0.6639677693946269], "rmse": [1.1110161175736313, 1.1356814418164876, 4.0893448574481015, 3.625855396127861, 3.703139085017429, 2.3748677238638125, 2.3139040141417038, 3.3231528877043788, 2.2585477086407524, 2.2125835190166794, 2.7909788833927647, 0.9122214561517876, 1.2380435513203598, 1.227632059608346, 1.182966442162969, 1.1725433614895775, 1.0323616949058378, 1.6144490359520807, 1.5563434054076337, 1.55441732954164, 1.0946180709450521], "r2": [0.14863519762872313, 0.11041381307180997, -10.534066357415213, -8.067674718721895, -8.458342153571463, -2.8900378142710292, -2.692883879143891, -6.61685375614873, -2.5183052017609464, -2.3765588150673245, -4.372644117215227, 0.42604804616117586, -0.057174836950916186, -0.03946869792775454, 0.034794423056820345, 0.05172828395570783, 0.2649130096345521, -0.7977266339903646, -0.6706513744675335, -0.6665188544043923, 0.17358117790743466]}