{"mae": [0.5343163801974213, 1.0014791428376844, 0.6493559257717737, 0.7840347844263367, 0.738239517161491, 1.117875329194691, 1.0977382801028546, 1.1028670155258877, 1.0741295030081652, 1.0670122098783865, 0.9989335354461482, 0.5726795506955848, 0.5278955626272324, 0.5031145707046661, 0.48800442829002105, 0.48909025005730994, 0.4723632174294665, 0.48903525163542194, 0.47645465608283, 0.6028833848819853, 0.557137112834113], "rmse": [1.2233544818603805, 1.4309562954190673, 1.356438809080884, 1.3305908641793747, 1.338684634314123, 2.189293858367478, 2.185430815960735, 2.202119794914962, 2.196466597886893, 2.206752913248662, 2.146041854529627, 1.5015877605245491, 1.2752878319706207, 1.173147795041036, 1.079578883628592, 1.085728551501881, 1.0727170295806623, 1.0855508968443317, 1.1091952885471745, 1.417235280210206, 1.0874265766423516], "r2": [-0.33588541731860677, -0.8277521926825493, -0.6423472516554629, -0.5803513392495216, -0.5996358595574824, -3.278314354770571, -3.263229373488919, -3.328590041231645, -3.30639418911219, -3.3468233517021, -3.110938217676259, -1.0126396009003842, -0.4517138030035863, -0.2284854910759475, -0.04033530440294508, -0.05222130650706558, -0.027152493221469065, -0.051876990753298546, -0.09819789433668635, -0.792868695523709, -0.05551512314777418]}