{"mae": [1.518664219555698, 3.228574911228793, 0.7053104561527611, 0.7001819740438663, 0.5653805527883803, 0.541950499034584, 0.5226037166155133, 0.515342106380302, 0.5051500465186154, 0.4967116396880012, 0.4885188720636658, 0.4807475679141944, 0.7280011545648666, 1.23478607787815, 1.3464278506296103, 1.1089695774086343, 0.7321522838444215, 0.7242748121632009, 1.213143413496351, 0.41226026737419147, 0.6689977992217057], "rmse": [2.744454782622039, 4.987831993300267, 1.9324311545897284, 1.929793801138106, 1.6184128033516507, 1.5329669485298045, 1.4954000977675548, 1.4682643976539824, 1.478449221258345, 1.4599092073130453, 1.458550440417856, 1.4454782154634265, 1.3159221794310265, 2.292529149998364, 2.5766292403245554, 2.235226710728417, 1.7815123233143928, 1.7729308996750814, 2.229156305047105, 0.7906113988777981, 1.727710887638307], "r2": [-2.147915985705905, -9.39763592829649, -0.5606985775724265, -0.5564414479301767, -0.09468605181507606, 0.01785286030832367, 0.065399986714898, 0.099010956377232, 0.086467927694176, 0.10923597583305544, 0.11089330824412391, 0.12675908663226143, 0.276278645721434, -1.1965480424315285, -1.7746923412233206, -1.0881136415129178, -0.3264431312722973, -0.3136951358989819, -1.0767872873777047, 0.7387615389362062, -0.2475360768608219]}