{"mae": [1.117824025714057, 0.7735388954104936, 0.6875154995031614, 0.6824959640013744, 0.8014320057860295, 0.6663167756573629, 0.6894268166472528, 0.6880981105601295, 0.6874532424492361, 0.6907907912369479, 0.50862370714991, 0.8597737407902176, 0.5782678139807653, 0.7694017170367637, 0.6792940754120191, 0.5809560793188725, 0.5809588948875942, 0.5703184970446247, 0.6508423013272996, 0.6833768496661662, 0.6170155935364074], "rmse": [1.7468906265938509, 1.4220867837231184, 1.2415235870147263, 1.237114270267232, 1.2177899229968432, 1.2261480269157528, 1.3054016865911422, 1.3040589700723888, 1.3049426509809885, 1.3102101753259234, 1.118908524179557, 1.40518269242483, 1.1566962848225768, 1.3461316882346883, 1.4231619599358776, 1.1603845084730378, 1.1601240107368551, 1.1238339973345197, 1.383481870893653, 1.2537099577855777, 1.1783691483239123], "r2": [-0.7801378141165898, -0.1797076542336049, 0.10085000452965542, 0.10722539183204205, 0.13489873175887523, 0.12298301590179517, 0.005944721927504393, 0.00798861081205271, 0.006643704542892648, -0.0013920344429212417, 0.2696830816101141, -0.15182839495974587, 0.21952161852436614, -0.05705428770130361, -0.1814921769648521, 0.21453644106899927, 0.2148890629983341, 0.2632391700655424, -0.11652677380581844, 0.08311187653633278, 0.19000017787605783]}