{"mae": [0.5059092539466217, 3.903421098129867, 2.940458912638267, 2.581761406930875, 2.89486363541041, 2.8100094752459595, 2.764420067941347, 2.8129715300099503, 0.851811827490615, 0.8490440706694165, 0.855670124518101, 0.8626449688999882, 1.567377061790007, 1.8224234108394448, 0.9741615258683509, 1.8734634835679587, 0.9953937326488368, 0.6953206877566004, 0.44913060629292906, 0.9636192685605355, 0.4481036272025289], "rmse": [1.1904929580271255, 6.229373240927211, 5.617889006787706, 5.934639001668626, 5.448457163583274, 5.411440096530662, 5.47675366664945, 5.52360262804993, 2.84165176179563, 2.8342280269485145, 2.8270546711400932, 2.822903288707781, 3.7817294518012226, 3.888580060279648, 2.9587108409675067, 3.922314490471196, 2.979078205522905, 1.4962012773108133, 1.0309297365458723, 1.5844423956145506, 1.0309809412412274], "r2": [-0.15954503151157717, -30.7484599643776, -24.821428621933794, -27.815261850781166, -23.287400770750665, -22.95850243193947, -23.540328562426904, -23.96196746765313, -5.606564322932896, -5.572090487956987, -5.538865014922641, -5.51967515002439, -10.700781497723446, -11.371320194921722, -6.162077295213613, -11.5869000180805, -6.26102222823037, -0.8315298454013182, 0.13045494182595374, -1.0539358093997415, 0.1303685617479292]}