{"mae": [0.6472353961731117, 0.6258027856190752, 0.6397685899107264, 0.6495617972100978, 0.6391921981673782, 0.6405618626696847, 0.6472469169748382, 0.6335772185265454, 0.6487174716053468, 0.6494667282899542, 1.3716935081833264, 1.3648931563344535, 1.3294984345983192, 1.316174279459667, 1.3121482896804528, 1.3203581287547332, 1.3167537757828118, 1.2899371170835752, 1.288333928257337, 1.6093053576619945, 1.628484971669497], "rmse": [1.730614012441926, 1.7360829794900035, 1.8012040438476695, 1.783164485528336, 1.7723007002665436, 1.8214105973634878, 1.8065841500620035, 1.7888137420773986, 1.7827636275510388, 1.777755220583749, 3.155921690455057, 3.1657125965189863, 3.1480611771350513, 3.138324788561253, 3.1414695982404535, 3.1353837966769644, 3.1313034027485678, 3.0967961833802766, 3.08366317580213, 3.6148315428768787, 3.647660693549682], "r2": [-0.030299053950560983, -0.03682110298680241, -0.11606296290744611, -0.09381954993236685, -0.08053213575272666, -0.1412442110615546, -0.12274016855645997, -0.10076120405036337, -0.09332782074872625, -0.08719336879103912, -2.4262204747037432, -2.4475124091887825, -2.409174226740052, -2.3881189085265624, -2.394912550586639, -2.3817717252726234, -2.372975365583686, -2.2990440588426844, -2.2711219754834744, -3.4950962562955183, -3.577114071773196]}