{"mae": [0.7124719117644928, 3.603456846022059, 1.8091408919276137, 1.8032990225954606, 1.8158091669365513, 2.6980161676077903, 1.808651789890957, 1.8060011470276842, 1.252743611660707, 1.493355633498966, 1.4525891719467907, 1.3537626460563355, 1.0122970853883848, 0.7289584132703466, 0.7312073980921842, 0.7331962261452685, 0.7338601789801711, 1.3526895769922163, 1.0236813886433132, 0.7972420566979171, 0.7192914194189384], "rmse": [1.8719065849130734, 5.806287420144651, 4.560387458625597, 4.5597222521272744, 4.560299491173522, 5.830603640432562, 4.5587541396696105, 4.558141113587489, 3.110892472371734, 2.891820411688465, 2.8382184852521846, 2.660721764121113, 2.497275336969277, 2.077688608779845, 2.080272717533272, 2.0835063109912553, 2.0863848259264826, 2.652403406668318, 2.132925601405972, 1.6982090808995975, 1.5193154975935128], "r2": [-0.14763427754725789, -10.0416055345197, -5.811435563532594, -5.809448591688589, -5.811172788118025, -10.13428173172179, -5.8065573576121565, -5.804726894063342, -2.1696051750136207, -1.7389102724763004, -1.6383160274223316, -1.3186440976663447, -1.0425280218653978, -0.41382639268410193, -0.41734545048308136, -0.42175514249809765, -0.42568637175614454, -1.304168956979101, -0.4900010737275209, 0.05546624078205764, 0.24398379799117587]}