{"mae": [0.7564391896450912, 0.6639423441936588, 0.538411443254289, 0.6944765062281776, 0.5446741738034113, 0.4641873115351557, 0.665617889371273, 0.630230225344445, 0.5440055942546428, 0.5329876363851666, 0.6388316936124557, 0.550706786200996, 0.5502037397694552, 0.5486931275345793, 0.5946358578068672, 0.5460754549225635, 0.48457471845550476, 0.9791982112136137, 0.7133075875159227, 0.7132536578606815, 0.483881943179638], "rmse": [1.515103815727533, 1.5261122561916685, 1.3524414983050066, 1.646563929688924, 1.4253877006998974, 1.3226279449464862, 1.6703523866995642, 1.6522368005844201, 1.50935961447166, 1.5034769998260797, 1.6590463442182397, 1.5232710702864831, 1.5299269097560761, 1.5335468553725113, 1.6330534458630848, 1.5033934811767304, 1.1872192240224455, 1.6345921396243086, 1.0958112711332277, 1.0932074285448963, 1.0941050733716067], "r2": [0.020767414159042374, 0.006485903509129032, 0.21974232463145327, -0.15653363530297915, 0.13330341118516842, 0.253763543946969, -0.1901926858420775, -0.16451652365044955, 0.028178452471058768, 0.03573889216447357, -0.17413520192418308, 0.01018173997277938, 0.0015129420699542262, -0.0032176694457375365, -0.13763218391552678, 0.03584601924192987, 0.3987391676633776, -0.13977699088453854, 0.48776104907722495, 0.4901924986711287, 0.48935493768285065]}