{"mae": [0.48725628412412114, 0.49461352643645756, 2.1059545954591328, 2.1078867798886063, 2.4920825857175815, 1.4438222725697392, 3.320361842950478, 3.1087861249954716, 1.2619733381825076, 1.1301334175485525, 1.0625269534363966, 1.1296952731798067, 1.1137146669026443, 1.0896308120373983, 0.9198006066119261, 0.9080833737181183, 0.8774031735418436, 0.8693997896153212, 0.861102773589364, 0.8628331036216635, 0.9024561790668023], "rmse": [1.3102731263592002, 1.3064231553670853, 3.381410994037972, 3.446601260300663, 3.876022632622743, 2.4920625841027966, 4.672622768693036, 4.581324730170058, 2.4291530275159725, 2.3870124133483555, 2.299606468514065, 2.219100031650947, 2.2097303065285256, 2.140694492142683, 2.1100612810477837, 2.086608710823243, 2.04948473313989, 2.010341925033838, 1.999910454841266, 1.9924694985328644, 1.8160212639932727], "r2": [-0.09930348978665604, -0.09285282144013252, -6.321327931050929, -6.606345076339908, -8.619811181125797, -2.976599271368751, -12.980264267094876, -12.439282762399593, -2.778363074923163, -2.6484071163483605, -2.386109376233257, -2.1531722685554673, -2.1266011502620445, -1.9342919519497137, -1.8509137325645626, -1.7878921646624377, -1.6895728632724172, -1.5878184138210365, -1.5610322102060032, -1.5420102810513758, -1.1117173979379582]}