{"mae": [0.45656296653015205, 3.6925891599720715, 3.9247750266251145, 2.086461157833912, 3.8681112604693424, 4.391867525386838, 2.636647968493142, 2.611431963238848, 2.576853127743728, 2.5531655893111234, 1.8803085562007558, 2.4977317393084264, 2.4105114965329006, 2.5324435249666695, 2.53551814081067, 2.6197663938721063, 2.750176719418814, 2.733264848612696, 2.0828150454788843, 1.8250357149097567, 1.8806185557811579], "rmse": [1.2757184250527016, 9.405126477232844, 9.454611473712427, 5.392161847218955, 9.446634572653354, 9.57814661157484, 5.980461743430191, 5.966418946255198, 5.906656527762318, 5.790115797324912, 4.908971359263446, 5.799588548172312, 5.648061651534554, 5.9238389693085365, 5.857027325952265, 6.162537142945735, 5.902488265449588, 5.839520830929958, 4.498811727150119, 4.764884635126594, 4.518547841815159], "r2": [-0.08233634144416069, -57.82769948747745, -58.44837095709475, -18.336524745574952, -58.34809952312879, -60.012039922390905, -22.78603305140812, -22.674459634198698, -22.202566153244007, -21.2960065616709, -15.026311560159929, -21.369019706815894, -20.21541063133746, -22.33775485410546, -21.814296703937888, -24.256413812424476, -22.169830118411156, -21.678117903987648, -12.460098002091662, -14.099319166383657, -12.578454915866551]}