{"mae": [0.7519827500418479, 0.9181110066055889, 0.8483781375838871, 0.8938122240121646, 0.8136087160269312, 0.5497962249242643, 0.5320305712589283, 0.5240697893441476, 0.5593064579232706, 0.42759953450445987, 0.49855180448980463, 0.5516434208943197, 0.5010499304714919, 0.5648743703666916, 0.3996544095819299, 0.42238972152164095, 0.7291759907776953, 0.7584312192331638, 0.7477405336795706, 0.433420826386033, 0.4784196696859049], "rmse": [1.2276846294185642, 1.5364413174863247, 1.268763502315977, 1.5041110254419672, 1.2273171833097873, 1.0059199790752404, 1.1999610958709153, 1.049943999792086, 1.2232066769327796, 0.7338614614979219, 1.0446660237378695, 1.2303950149398173, 1.0874775374307342, 1.0894093906036852, 0.7100557675924685, 0.7431317475959272, 1.1277565936746914, 1.1595936100729978, 1.158849387454884, 0.7649724379462359, 0.8130203492298583], "r2": [-0.4337529354232956, -1.2456012333133755, -0.5313061869566611, -1.1520902131730093, -0.4328948191208286, 0.037440574627401135, -0.36973014849966335, -0.04865578018146377, -0.42331284607525577, 0.487694703413038, -0.038139278974041346, -0.44009057740743396, -0.12497086020546178, -0.12897132700116543, 0.5203929019659642, 0.4746698657525864, -0.20984973300983545, -0.27912300581821126, -0.2774816604634234, 0.4433371246701978, 0.37121305740145405]}