{"mae": [0.618706100778757, 0.9776315144849256, 0.7592495278114015, 0.5170918024593628, 0.4915301615490227, 0.6495080693386968, 0.5788527338247058, 0.5564835986751517, 0.5024369828584515, 0.48619891722741243, 0.49809958107816765, 0.5118998030305231, 0.43930247325124727, 0.5189038584812674, 0.4219069774517144, 0.4214372479596533, 0.6993391150460638, 0.7737301255505203, 0.47286699883526995, 0.6306437788105853, 0.47295557819835693], "rmse": [1.253697244623579, 1.3371076995654787, 1.284429523029759, 1.090579752317626, 1.0412942543722699, 1.1861040183210334, 1.141040713361644, 1.1300403876225857, 1.0007196960888716, 0.9897399056225538, 1.0727463172829308, 1.0865415530357414, 0.9520416908401346, 1.0852870795518692, 0.9552525079820948, 0.958626771799434, 1.3183082712630365, 1.4303805587119305, 0.7830365391158348, 1.2268648610763864, 0.819595074872677], "r2": [-0.1756639066319139, -0.3373054728127227, -0.2340092111372054, 0.11036327374723287, 0.18895530721887155, -0.05230927215353165, 0.02613193646473544, 0.04481878353818225, 0.2509294242515864, 0.2672766952607223, 0.13922051634643817, 0.11693937085477957, 0.322031093175999, 0.11897728030391697, 0.31745040104872446, 0.3126199084806711, -0.2999654096701858, -0.5303861970820933, 0.5413705919105402, -0.12587791053275632, 0.4975457517101356]}