{"mae": [1.3056124448776245, 1.0335017442703247, 1.0936708450317383, 1.0579837560653687, 1.0096992254257202, 1.027061104774475, 0.9812933206558228, 1.0424911975860596, 1.0251559019088745, 1.008772373199463, 1.0825103521347046, 1.120743989944458, 1.106971263885498, 1.052543044090271, 1.089516520500183, 1.0586323738098145, 1.0546555519104004, 1.0115901231765747, 1.0225061178207397, 1.035036563873291, 1.0467860698699951], "rmse": [2.1019086837768555, 2.005394697189331, 2.077315092086792, 2.064943552017212, 2.0549497604370117, 2.06046462059021, 2.061551094055176, 2.0929441452026367, 2.0812315940856934, 2.0679500102996826, 2.0091512203216553, 2.084677219390869, 2.0772390365600586, 2.0430455207824707, 2.0446815490722656, 1.9662132263183594, 1.9228854179382324, 1.9182120561599731, 1.9282029867172241, 1.9328190088272095, 1.939318060874939], "r2": [0.012577295303344727, 0.10117483139038086, 0.035549044609069824, 0.047002434730529785, 0.05620449781417847, 0.05113208293914795, 0.050131022930145264, 0.02098184823989868, 0.03190881013870239, 0.044225454330444336, 0.09780442714691162, 0.028700709342956543, 0.03561961650848389, 0.0671076774597168, 0.06561297178268433, 0.1359543800354004, 0.17361527681350708, 0.1776273250579834, 0.16903841495513916, 0.16505509614944458, 0.15943068265914917]}