{"mae": [0.527937650680542, 0.527194082736969, 0.5150745511054993, 0.5285122990608215, 0.5249112844467163, 0.47090470790863037, 0.4820023477077484, 0.4803394079208374, 0.509541392326355, 0.5710378885269165, 0.5751304030418396, 0.6143121123313904, 0.6234525442123413, 0.6389675140380859, 0.761989951133728, 0.7394943237304688, 1.3298970460891724, 1.414635419845581, 1.3861182928085327, 1.3034812211990356, 1.33372962474823], "rmse": [1.2027993202209473, 1.2022846937179565, 1.1903798580169678, 1.1984570026397705, 1.1971144676208496, 1.0973581075668335, 1.1104991436004639, 1.1063002347946167, 1.0745704174041748, 1.113875389099121, 1.129302978515625, 1.0423113107681274, 1.0079413652420044, 1.0294411182403564, 1.162555456161499, 1.1331981420516968, 1.7168354988098145, 1.8327255249023438, 1.785728096961975, 1.7075607776641846, 1.666640281677246], "r2": [-0.18364179134368896, -0.18262922763824463, -0.1593247652053833, -0.1751110553741455, -0.17247962951660156, 0.01478564739227295, -0.008951783180236816, -0.0013364553451538086, 0.05527853965759277, -0.015096187591552734, -0.04340994358062744, 0.11114919185638428, 0.16880184412002563, 0.13296419382095337, -0.10576105117797852, -0.05061995983123779, -1.411522388458252, -1.7480764389038086, -1.608943223953247, -1.38553786277771, -1.2725725173950195]}