{"mae": [2.6668338775634766, 2.576305389404297, 2.46687912940979, 1.8338203430175781, 1.8669787645339966, 1.6113574504852295, 1.6453306674957275, 1.644840121269226, 1.6555842161178589, 1.637613296508789, 1.7973417043685913, 1.8232612609863281, 1.8730874061584473, 1.8508890867233276, 1.8598992824554443, 1.9131478071212769, 1.9323822259902954, 1.9694904088974, 2.052063226699829, 2.0850822925567627, 2.164304256439209], "rmse": [3.2867274284362793, 3.1634767055511475, 3.1025238037109375, 2.5045199394226074, 2.5957469940185547, 2.28045392036438, 2.317535638809204, 2.2928013801574707, 2.311457395553589, 2.568105459213257, 2.832322597503662, 2.983473539352417, 3.0257692337036133, 3.0102922916412354, 3.1412696838378906, 3.195852518081665, 3.2488200664520264, 3.0997283458709717, 2.9518260955810547, 3.071685791015625, 3.3531594276428223], "r2": [-4.815672874450684, -4.387680530548096, -4.182064533233643, -2.3769259452819824, -2.6274149417877197, -1.7997238636016846, -1.891514778137207, -1.8301236629486084, -1.8763670921325684, -2.5505714416503906, -3.318748950958252, -3.792001724243164, -3.9288339614868164, -3.878540515899658, -4.312304973602295, -4.498522758483887, -4.6822967529296875, -4.172730445861816, -3.690877914428711, -4.07956075668335, -5.053143501281738]}