{"mae": [0.5850483775138855, 0.6017552614212036, 0.5801482200622559, 0.5332754254341125, 0.8519537448883057, 0.8363305330276489, 0.8233698010444641, 0.7962405681610107, 0.751278281211853, 0.7443599700927734, 0.8537974953651428, 0.8963634371757507, 2.179482936859131, 2.642216920852661, 2.646963119506836, 2.5290894508361816, 2.790537118911743, 2.7165567874908447, 7.682488441467285, 6.988309860229492, 6.96248197555542], "rmse": [1.111541509628296, 1.1143524646759033, 1.1584028005599976, 1.0615919828414917, 1.292955994606018, 1.270609736442566, 1.2664639949798584, 1.216827630996704, 1.1590479612350464, 1.1590516567230225, 1.278632402420044, 1.2709144353866577, 3.01955509185791, 3.5978550910949707, 3.209042549133301, 3.1693553924560547, 3.471120595932007, 3.4640190601348877, 9.305941581726074, 8.64366340637207, 8.573780059814453], "r2": [0.07583552598953247, 0.0711556077003479, -0.003730177879333496, 0.1570281982421875, -0.250447154045105, -0.20759737491607666, -0.1997300386428833, -0.10753118991851807, -0.0048487186431884766, -0.004855036735534668, -0.22289514541625977, -0.2081766128540039, -5.819990158081055, -8.68244743347168, -6.702803611755371, -6.513454914093018, -8.012332916259766, -7.975494384765625, -63.776649475097656, -54.8847770690918, -53.984779357910156]}