{"mae": [0.7086650133132935, 0.8371659517288208, 0.8436026573181152, 0.8844594359397888, 0.8713069558143616, 0.8454865217208862, 0.8433884382247925, 0.9085025787353516, 0.9131709933280945, 0.9360819458961487, 0.9212312698364258, 0.994137167930603, 0.9284555912017822, 0.8248399496078491, 8.475190162658691, 7.701043128967285, 8.347885131835938, 5.8712992668151855, 6.084890842437744, 5.866621017456055, 5.697688579559326], "rmse": [1.7974228858947754, 1.6772997379302979, 1.7080761194229126, 1.7319393157958984, 1.7018623352050781, 1.635383129119873, 1.588641881942749, 1.6517415046691895, 1.6409586668014526, 1.6552999019622803, 1.656349778175354, 1.7079423666000366, 1.662349820137024, 1.5340594053268433, 10.518412590026855, 9.460227966308594, 10.249322891235352, 7.335865020751953, 7.5590081214904785, 7.3181843757629395, 7.215857028961182], "r2": [-0.05812180042266846, 0.07858246564865112, 0.04445838928222656, 0.017572522163391113, 0.05139803886413574, 0.12406039237976074, 0.17341560125350952, 0.10644906759262085, 0.11807745695114136, 0.10259491205215454, 0.10145622491836548, 0.04460799694061279, 0.09493452310562134, 0.22923940420150757, -35.23561096191406, -28.3115234375, -33.405311584472656, -16.62535285949707, -17.71392059326172, -16.540494918823242, -16.053401947021484]}