{"mae": [0.6528547406196594, 0.609065055847168, 1.5380876064300537, 1.6066373586654663, 1.5915287733078003, 1.6217864751815796, 1.6270594596862793, 1.6473112106323242, 1.6438302993774414, 1.657267689704895, 1.6676361560821533, 1.6852078437805176, 1.689898133277893, 2.70761775970459, 2.931706428527832, 3.2157740592956543, 3.601750373840332, 3.6269731521606445, 3.498154640197754, 3.71402907371521, 3.689744472503662], "rmse": [1.5437904596328735, 1.5659308433532715, 2.2250118255615234, 2.382646083831787, 2.387017011642456, 2.4437389373779297, 2.4705679416656494, 2.504603862762451, 2.554474115371704, 2.571406841278076, 2.5811634063720703, 2.6357016563415527, 2.639622211456299, 3.636735200881958, 3.9262940883636475, 4.032860279083252, 4.465742111206055, 4.522156715393066, 4.418102264404297, 4.634377956390381, 4.5315728187561035], "r2": [0.0028162002563476562, -0.025991201400756836, -1.0713958740234375, -1.3752949237823486, -1.3840181827545166, -1.4986655712127686, -1.5538301467895508, -1.6246814727783203, -1.7302441596984863, -1.7665598392486572, -1.7875933647155762, -1.9066383838653564, -1.9152920246124268, -4.533779621124268, -5.4500651359558105, -5.804947853088379, -7.344220161437988, -7.556371688842773, -7.167140007019043, -7.986310005187988, -7.592042922973633]}