{"mae": [0.476563423871994, 0.4756969213485718, 0.7595067620277405, 0.6829844117164612, 0.7851192951202393, 0.871071994304657, 0.8565270900726318, 1.1433064937591553, 1.1333246231079102, 2.506183385848999, 2.832538366317749, 2.8542773723602295, 2.8031985759735107, 2.683535575866699, 2.522515058517456, 2.4851908683776855, 2.085308313369751, 2.0024025440216064, 1.9681024551391602, 1.7716712951660156, 1.7567377090454102], "rmse": [1.1533334255218506, 1.1514155864715576, 1.1227586269378662, 1.0987558364868164, 1.115244746208191, 1.1986180543899536, 1.205099105834961, 1.4360688924789429, 1.4197947978973389, 3.155672073364258, 3.4751484394073486, 3.5027058124542236, 3.4664230346679688, 3.346285343170166, 3.1095855236053467, 3.051914691925049, 2.700216054916382, 2.6231653690338135, 2.6019482612609863, 2.277703046798706, 2.237471580505371], "r2": [-0.12465310096740723, -0.12091577053070068, -0.06581449508666992, -0.02073085308074951, -0.05159652233123779, -0.21470391750335693, -0.2278757095336914, -0.7436503171920776, -0.7043545246124268, -7.419620513916016, -9.210700988769531, -9.373281478881836, -9.159491539001465, -8.467487335205078, -7.1754913330078125, -6.875054836273193, -5.164613723754883, -4.817818641662598, -4.724086284637451, -3.386347770690918, -3.232762336730957]}