{"mae": [0.798585832118988, 0.8807517290115356, 0.8217893242835999, 0.5886227488517761, 0.603942334651947, 0.770911455154419, 0.6938639283180237, 0.7201217412948608, 1.181339979171753, 1.1804089546203613, 1.204708456993103, 1.3350433111190796, 1.373953938484192, 1.4567281007766724, 1.400624394416809, 1.3737127780914307, 1.4855279922485352, 1.579005479812622, 1.5278599262237549, 1.9837663173675537, 1.7798783779144287], "rmse": [1.2252320051193237, 1.2993303537368774, 1.2727333307266235, 1.148192048072815, 1.1563453674316406, 1.240004539489746, 1.127152919769287, 1.1139107942581177, 1.469475507736206, 1.4591569900512695, 1.5092219114303589, 1.6947896480560303, 1.7299489974975586, 1.8478574752807617, 1.7772365808486938, 1.7436891794204712, 1.8818597793579102, 1.9967070817947388, 1.9175528287887573, 2.5009827613830566, 2.280167818069458], "r2": [0.07021975517272949, -0.045641541481018066, -0.00327146053314209, 0.1834689974784851, 0.1718314290046692, 0.047663986682891846, 0.21311849355697632, 0.23149901628494263, -0.3374216556549072, -0.31870508193969727, -0.4107491970062256, -0.7789971828460693, -0.8535752296447754, -1.1148548126220703, -0.956294059753418, -0.8831362724304199, -1.193401575088501, -1.4692914485931396, -1.2773947715759277, -2.8740482330322266, -2.220158338546753]}