{"mae": [0.5889142751693726, 0.8987014889717102, 0.9094223976135254, 0.9545283913612366, 0.9303008913993835, 1.3304280042648315, 1.3416056632995605, 1.5539281368255615, 1.5005385875701904, 1.4806382656097412, 1.481069564819336, 1.6723288297653198, 1.4530853033065796, 1.4629490375518799, 1.2068418264389038, 1.2381024360656738, 1.2025830745697021, 1.1286687850952148, 1.0816383361816406, 1.0341215133666992, 1.0260871648788452], "rmse": [1.3239784240722656, 1.3616083860397339, 1.310447335243225, 1.3547255992889404, 1.3382092714309692, 1.7325419187545776, 1.7671211957931519, 2.1210529804229736, 1.9954652786254883, 1.9836928844451904, 1.960068941116333, 2.163139820098877, 1.9216736555099487, 2.003145217895508, 1.6432132720947266, 1.657147765159607, 1.6288865804672241, 1.555921196937561, 1.4998266696929932, 1.4355937242507935, 1.4325635433197021], "r2": [-0.022548675537109375, -0.08150029182434082, -0.0017545223236083984, -0.07059431076049805, -0.04464876651763916, -0.7510144710540771, -0.8216078281402588, -1.62437105178833, -1.3227932453155518, -1.2954671382904053, -1.2411189079284668, -1.7295520305633545, -1.1541774272918701, -1.3407068252563477, -0.5751069784164429, -0.6019343137741089, -0.5477609634399414, -0.41220390796661377, -0.31221306324005127, -0.2022237777709961, -0.19715392589569092]}