{"mae": [0.6631984710693359, 0.9876019358634949, 1.3406766653060913, 1.6641024351119995, 1.677879810333252, 1.5107650756835938, 1.5149365663528442, 1.4214626550674438, 1.2912349700927734, 1.3289029598236084, 1.497431993484497, 1.470393180847168, 1.5602874755859375, 1.6050443649291992, 3.966301202774048, 3.830660104751587, 3.9479756355285645, 3.879254102706909, 3.8609390258789062, 3.6599478721618652, 3.380882978439331], "rmse": [1.583120584487915, 1.5714133977890015, 1.880045771598816, 2.2244255542755127, 2.2434980869293213, 2.1501576900482178, 2.0992889404296875, 2.022057056427002, 1.9113342761993408, 1.9973797798156738, 2.2156951427459717, 2.206451177597046, 2.268129825592041, 2.3683278560638428, 5.132713317871094, 4.915017604827881, 4.832347869873047, 4.741184234619141, 4.739086627960205, 4.569914817810059, 4.233173847198486], "r2": [-0.06912624835968018, -0.05337238311767578, -0.507779598236084, -1.1107501983642578, -1.1471009254455566, -0.9721577167510986, -0.8799464702606201, -0.7441660165786743, -0.5583834648132324, -0.7018541097640991, -1.0942139625549316, -1.0767760276794434, -1.1945061683654785, -1.3926801681518555, -10.238155364990234, -9.305074691772461, -8.961331367492676, -8.589030265808105, -8.580546379089355, -7.908759117126465, -6.644220352172852]}