{"mae": [1.2082080841064453, 1.1594685316085815, 1.0862174034118652, 1.1140456199645996, 1.1265113353729248, 1.113350510597229, 1.174041509628296, 1.1925724744796753, 1.239778757095337, 1.1611831188201904, 1.0174765586853027, 1.0254663228988647, 0.8881368041038513, 0.9151692986488342, 1.4197605848312378, 1.3514035940170288, 1.2767934799194336, 1.2802661657333374, 1.3502851724624634, 1.3452203273773193, 1.3425010442733765], "rmse": [1.9129546880722046, 1.8883870840072632, 1.8277535438537598, 1.8533779382705688, 1.8437657356262207, 1.8448326587677002, 1.8748271465301514, 1.8588154315948486, 1.8951066732406616, 1.8250374794006348, 1.7442201375961304, 1.7409766912460327, 1.694485068321228, 1.699174404144287, 2.253761053085327, 2.2054882049560547, 2.0735692977905273, 2.0441508293151855, 2.1133902072906494, 2.111815929412842, 2.076850175857544], "r2": [-0.08210468292236328, -0.05448877811431885, 0.012140452861785889, -0.015752434730529785, -0.005243778228759766, -0.006407499313354492, -0.039399147033691406, -0.021721363067626953, -0.06200671195983887, 0.015074312686920166, 0.10037291049957275, 0.10371571779251099, 0.15094584226608276, 0.1462399959564209, -0.5020198822021484, -0.4383656978607178, -0.27144312858581543, -0.23562240600585938, -0.3207460641860962, -0.31877899169921875, -0.27546989917755127]}