{"mae": [3.9343976974487305, 3.8270304203033447, 4.308725357055664, 4.9840474128723145, 5.08197021484375, 5.267024040222168, 6.490596294403076, 6.453972339630127, 6.416905879974365, 6.801156997680664, 6.548495769500732, 6.0793962478637695, 5.242725372314453, 5.067453861236572, 5.047088146209717, 5.032078742980957, 4.725320816040039, 4.479686737060547, 4.581921100616455, 3.6493985652923584, 3.384383201599121], "rmse": [4.954230785369873, 4.819829940795898, 5.267447471618652, 5.9337005615234375, 6.282695770263672, 6.546167850494385, 8.050647735595703, 8.290964126586914, 8.114771842956543, 8.608920097351074, 8.197455406188965, 7.671614170074463, 6.586209297180176, 6.366467475891113, 6.377054691314697, 6.28043270111084, 5.901305675506592, 5.63421630859375, 5.710168838500977, 4.576698303222656, 4.230513572692871], "r2": [-20.908723831176758, -19.73614501953125, -23.76651954650879, -30.427934646606445, -34.23356628417969, -37.25065231323242, -56.853050231933594, -60.35847854614258, -57.7783203125, -65.1548843383789, -58.98224639892578, -51.53370666503906, -37.72002410888672, -35.179420471191406, -35.29984664916992, -34.20819091796875, -30.085710525512695, -27.335548400878906, -28.104656219482422, -17.696880340576172, -14.975364685058594]}