{"mae": [0.5465263724327087, 0.5243688821792603, 2.450021505355835, 2.5392324924468994, 2.6161303520202637, 2.6547834873199463, 2.6788578033447266, 2.8275375366210938, 3.1228227615356445, 2.7568953037261963, 2.6128408908843994, 2.8108842372894287, 2.827723741531372, 3.0358870029449463, 3.7366943359375, 3.711695909500122, 3.6272380352020264, 3.551274061203003, 3.3005125522613525, 2.8207783699035645, 2.802711248397827], "rmse": [0.9577226638793945, 0.9835405945777893, 3.2662978172302246, 3.4105441570281982, 3.585240125656128, 3.6956450939178467, 3.7493340969085693, 3.9944040775299072, 3.8454980850219727, 3.4588587284088135, 3.2204911708831787, 3.475843667984009, 3.5412065982818604, 3.8745408058166504, 4.678831100463867, 4.7060441970825195, 4.5992326736450195, 4.47329568862915, 4.211607456207275, 3.459407329559326, 3.4442367553710938], "r2": [0.1274702548980713, 0.07979351282119751, -9.148743629455566, -10.06491470336914, -11.227487564086914, -11.992156028747559, -12.37238883972168, -14.177656173706055, -13.067142486572266, -10.380631446838379, -8.86608600616455, -10.492676734924316, -10.92897891998291, -13.280427932739258, -19.824542999267578, -20.067485809326172, -19.12201690673828, -18.035133361816406, -15.873163223266602, -10.38424301147461, -10.284614562988281]}