{"mae": [0.5121275782585144, 0.4947584569454193, 0.617031455039978, 0.603591799736023, 0.6644468903541565, 0.7121331691741943, 0.6842980980873108, 1.2765475511550903, 1.3181374073028564, 1.2692298889160156, 1.146205186843872, 1.1429187059402466, 1.1753652095794678, 1.1566652059555054, 1.124307632446289, 4.021270275115967, 3.750319719314575, 3.9210855960845947, 3.5264079570770264, 3.473623752593994, 3.4245035648345947], "rmse": [1.274561882019043, 1.2618048191070557, 1.1597532033920288, 1.1699596643447876, 1.2319313287734985, 1.160111665725708, 1.1376874446868896, 1.648864507675171, 1.7043302059173584, 1.646048665046692, 1.5258375406265259, 1.505628228187561, 1.5243152379989624, 1.506613850593567, 1.485584020614624, 4.945521354675293, 4.66931676864624, 4.982030391693115, 4.626847267150879, 4.516807556152344, 4.427480220794678], "r2": [-0.04019761085510254, -0.019479036331176758, 0.13875806331634521, 0.12353259325027466, 0.028222084045410156, 0.13822555541992188, 0.17121875286102295, -0.7408602237701416, -0.8599509000778198, -0.734919548034668, -0.49076974391937256, -0.4515416622161865, -0.4877965450286865, -0.4534425735473633, -0.4131503105163574, -14.660951614379883, -12.960488319396973, -14.89303207397461, -12.707690238952637, -12.063426971435547, -11.551836013793945]}