{"mae": [0.64300936460495, 0.6133586764335632, 0.6280083060264587, 0.6318297386169434, 0.637884795665741, 0.6967141628265381, 0.7285789847373962, 0.7458572387695312, 4.027352333068848, 3.8815176486968994, 4.607333183288574, 5.153200149536133, 4.819315433502197, 4.82460355758667, 4.672915935516357, 3.905310869216919, 3.91208815574646, 4.006593227386475, 4.361265659332275, 4.340434551239014, 4.144128799438477], "rmse": [1.0887370109558105, 1.0330044031143188, 1.0273362398147583, 1.040705680847168, 1.0312923192977905, 1.1268775463104248, 1.1633939743041992, 1.1490153074264526, 5.000666618347168, 4.8511152267456055, 5.546153545379639, 6.104659080505371, 5.801244258880615, 5.815174579620361, 5.755119323730469, 4.930316925048828, 4.920645236968994, 4.990609645843506, 5.386620044708252, 5.328150272369385, 5.148525714874268], "r2": [0.1010134220123291, 0.19069629907608032, 0.19955331087112427, 0.17858421802520752, 0.19337666034698486, 0.03692370653152466, -0.02650439739227295, -0.0012875795364379883, -17.965442657470703, -16.84803581237793, -22.328723907470703, -27.26376724243164, -24.524044036865234, -24.646774291992188, -24.119783401489258, -17.435583114624023, -17.363325119018555, -17.889236450195312, -21.005939483642578, -20.530799865722656, -19.103561401367188]}