{"mae": [0.6278883814811707, 0.6224339604377747, 0.6177178025245667, 0.6281635165214539, 0.6190980076789856, 0.606533944606781, 0.6247270107269287, 0.6506385207176208, 0.7035669684410095, 0.6966745257377625, 0.7052164673805237, 2.0359041690826416, 2.192856550216675, 2.349393606185913, 3.2349467277526855, 3.396346092224121, 3.427215099334717, 3.563251256942749, 3.371748924255371, 3.1990537643432617, 2.4314067363739014], "rmse": [1.7848691940307617, 1.7891488075256348, 1.7839435338974, 1.699508786201477, 1.7299453020095825, 1.7295973300933838, 1.7075822353363037, 1.6968417167663574, 1.7104023694992065, 1.7092231512069702, 1.7102289199829102, 2.6834990978240967, 2.9227778911590576, 3.057894229888916, 3.8444976806640625, 4.113574981689453, 4.149285316467285, 4.26910400390625, 4.061397075653076, 3.9555599689483643, 3.1711373329162598], "r2": [-0.09591186046600342, -0.1011735200881958, -0.09477531909942627, 0.006404459476470947, -0.02950286865234375, -0.029088735580444336, -0.0030580759048461914, 0.00952059030532837, -0.006374001502990723, -0.004986763000488281, -0.006169915199279785, -1.4772264957427979, -1.9386944770812988, -2.2166788578033447, -4.084427356719971, -4.821053981781006, -4.922558784484863, -5.269549369812012, -4.674318313598633, -4.382434368133545, -2.4593372344970703]}