{"mae": [3.4965686798095703, 2.894866943359375, 1.9941800832748413, 1.6647882461547852, 1.366189956665039, 1.3586865663528442, 1.499067783355713, 1.3955398797988892, 1.4666534662246704, 1.5248337984085083, 5.003217697143555, 4.940006732940674, 4.790739059448242, 4.651832103729248, 5.089165210723877, 4.654086112976074, 4.037319183349609, 3.8626277446746826, 3.8617007732391357, 3.893462657928467, 3.8174386024475098], "rmse": [3.6874144077301025, 3.114065408706665, 2.3493049144744873, 2.0937998294830322, 1.7583339214324951, 1.7563515901565552, 1.9231065511703491, 1.8036201000213623, 1.8692526817321777, 1.9168840646743774, 6.024896621704102, 6.031482219696045, 5.816575050354004, 5.710408687591553, 6.255199432373047, 5.778045654296875, 4.948341369628906, 4.752105236053467, 4.735662937164307, 4.718396186828613, 4.658405780792236], "r2": [-8.378186225891113, -5.688526630401611, -2.8067448139190674, -2.023745536804199, -1.132444143295288, -1.127638578414917, -1.5508310794830322, -1.243701457977295, -1.4099664688110352, -1.5343503952026367, -24.03653335571289, -24.091293334960938, -22.335098266601562, -21.491031646728516, -25.987167358398438, -22.026975631713867, -15.88862419128418, -14.57568359375, -14.468083381652832, -14.35549259185791, -13.967511177062988]}