{"mae": [1.3145067691802979, 1.1791361570358276, 1.0487923622131348, 1.1394567489624023, 1.2216097116470337, 1.3078944683074951, 1.4136956930160522, 1.4021241664886475, 1.7539088726043701, 1.7687947750091553, 1.3816481828689575, 1.3709484338760376, 1.6684579849243164, 1.6477686166763306, 1.671899676322937, 1.5505448579788208, 2.2641117572784424, 2.803868293762207, 2.8360188007354736, 2.952606678009033, 2.7919654846191406], "rmse": [1.947055697441101, 1.8377894163131714, 1.6795626878738403, 1.7883981466293335, 1.8181489706039429, 1.9295878410339355, 2.09049391746521, 2.080413818359375, 2.4592788219451904, 2.393996477127075, 2.015960216522217, 2.0320663452148438, 2.387935161590576, 2.3826332092285156, 2.359224557876587, 2.2532646656036377, 2.939850091934204, 3.607637405395508, 3.696627140045166, 3.7363107204437256, 3.643535614013672], "r2": [-0.5844106674194336, -0.41157007217407227, -0.17897188663482666, -0.3367166519165039, -0.38156044483184814, -0.5561093091964722, -0.8264541625976562, -0.8088828325271606, -1.5277059078216553, -1.395289421081543, -0.6985366344451904, -0.7257853746414185, -1.3831756114959717, -1.3726046085357666, -1.3262133598327637, -1.1219513416290283, -2.6121129989624023, -4.43947172164917, -4.711133003234863, -4.834410190582275, -4.548262596130371]}