{"mae": [5.296278476715088, 3.6104068756103516, 3.2969284057617188, 3.1459298133850098, 3.170635461807251, 3.4550273418426514, 3.6315412521362305, 3.8016629219055176, 4.042964458465576, 4.1033196449279785, 4.016393184661865, 3.869680166244507, 3.979013681411743, 4.1086530685424805, 4.0740861892700195, 4.152780055999756, 4.066768169403076, 4.542760372161865, 4.750786304473877, 4.4546217918396, 4.20565938949585], "rmse": [6.597296237945557, 4.925568580627441, 4.2213969230651855, 4.024592399597168, 4.017142295837402, 4.218075752258301, 4.432599067687988, 4.530662536621094, 4.813476085662842, 4.921421051025391, 4.8327131271362305, 4.780522346496582, 4.98264217376709, 5.1680006980896, 5.178946018218994, 5.268819332122803, 5.252180576324463, 5.7245306968688965, 6.0002851486206055, 5.721339225769043, 5.4128336906433105], "r2": [-25.50993537902832, -13.777107238769531, -9.853981971740723, -8.865531921386719, -8.829041481018066, -9.836909294128418, -10.967229843139648, -11.502595901489258, -13.112187385559082, -13.752233505249023, -13.225213050842285, -12.919622421264648, -14.12154483795166, -15.267539978027344, -15.336517333984375, -15.908432006835938, -15.801807403564453, -18.959815979003906, -20.92908477783203, -18.93756675720215, -16.84539031982422]}