{"mae": [0.5076696872711182, 0.5877162218093872, 3.694960117340088, 3.6927595138549805, 4.018775939941406, 3.9649064540863037, 3.9796769618988037, 4.004673480987549, 3.9256584644317627, 3.7344043254852295, 3.7637557983398438, 4.501389980316162, 4.511981010437012, 4.915092468261719, 4.976383686065674, 4.955939769744873, 5.2352800369262695, 5.292319297790527, 5.408326625823975, 5.571310043334961, 5.542875289916992], "rmse": [1.3255589008331299, 1.2337738275527954, 5.7864227294921875, 5.902189254760742, 5.899716377258301, 5.843675136566162, 5.951798915863037, 4.934617519378662, 4.823453903198242, 4.718047618865967, 4.7014570236206055, 5.525753021240234, 5.829658508300781, 6.450182914733887, 6.5006794929504395, 6.514398574829102, 6.572219371795654, 6.681389808654785, 6.770116806030273, 6.991487979888916, 7.105876445770264], "r2": [-0.16855907440185547, -0.01233375072479248, -21.2675724029541, -22.16748046875, -22.148073196411133, -21.710397720336914, -22.558578491210938, -15.194202423095703, -14.472796440124512, -13.803936958312988, -13.700005531311035, -19.306522369384766, -21.601579666137695, -26.669204711914062, -27.104124069213867, -27.22287368774414, -27.72610092163086, -28.6883602142334, -29.482101440429688, -31.50811767578125, -32.58055114746094]}