{"TreeBasedRegressor_Representativity_self": [9339.01517131878, 8773.930814581923, 8591.218975186814, 3284.8485317602754, 2390.5163312549703, 3427.335559441708, 5842.021976599935, 5060.782934459858, 2673.2273419159465, 2591.610221440904, 2626.6877739578485, 3585.4698096602224, 2317.316075845156, 1201.7360728713684, 795.2583633679897, 837.963015418034, 753.8281543022022, 1657.4318631747738, 1678.6541801397689, 1688.4310666187666], "random_state": 40}